product_id,product_name,brand,category,subcategory,model_number,description,price,currency,voltage,power,frequency,rpm,weight,dimensions,material,ip_rating,warranty,manufacturer,country,supplier,source,technical_document,product_url
PID-10000,SEW-Eurodrive Three-Phase Induction Motor SEW-MTR-125,SEW-Eurodrive,Industrial Motors,Three-Phase Induction Motor,SEW-MTR-125,REDUNDANT RECORD: SEW-Eurodrive SEW-MTR-125 Industrial Motors Three-Phase Induction Motor. Contact supplier Nordic Machinery Hub for spec sheet.,4245.92,USD,380-415 V,20 HP,50 Hz,3000 RPM,349.2 lbs,649 x 430 x 351 mm,Ductile Iron,ip55,24 months,SEW-Eurodrive,Switzerland,Nordic Machinery Hub,Supplier Price File 2024,https://docs.productiq-assets.com/specs/sew-eurodrive/sew-mtr-125.pdf,https://www.industrial-supply-direct.com/item/sew-mtr-125
PID-10001,Xylem Centrifugal Pump XYL-PMP-792,Xylem,Pumps,Centrifugal Pump,XYL-PMP-792,REDUNDANT RECORD: Xylem XYL-PMP-792 Pumps Centrifugal Pump. Contact supplier Precision Parts Direct for spec sheet.,1745.33,EUR,380 V 3-Phase,5 HP,60 Hz,1450 RPM,311.5 g,"40.0"" x 4.6"" x 7.7""",Bronze,IP66,5 Years,Xylem,Japan,Precision Parts Direct,OEM Technical Data Sheet,https://docs.productiq-assets.com/specs/xylem/xyl-pmp-792.pdf,https://www.industrial-supply-direct.com/item/xyl-pmp-792
PID-10002,Velan High Performance Pneumatic Ball Valve VEL-VLV-130,Velan,Valves,Pneumatic Ball Valve,VEL-VLV-130,REDUNDANT RECORD: Velan VEL-VLV-130 Valves Pneumatic Ball Valve. Contact supplier Precision Parts Direct for spec sheet.,4419.33,EUR,230 V AC,,50 Hz,N/A,266.3 kilograms,67.9x20.2x29.8 cm,Forged Steel A105,IP65,2 Years,Velan,Germany,Precision Parts Direct,ERP Master Data,https://docs.productiq-assets.com/specs/velan/vel-vlv-130.pdf,invalid-url-item
PID-10003,Sick Pressure Transmitter SIC-SNS-674,Sick,Sensors,Pressure Transmitter,SIC-SNS-674,"Sick Pressure Transmitter SIC-SNS-674 offers industry leading performance, low vibration levels, and optimized lifecycle costs. Complies with ISO 9001 and CE directives.",7848.19,€,24 V DC,,N/A,N/A,222.6 LBS,20.9x25.5x25.2 cm,Titanium,ip67,12 Months,Sick,United States,Continental Drive Systems,OEM Technical Data Sheet,https://docs.productiq-assets.com/specs/sick/sic-sns-674.pdf,https://www.industrial-supply-direct.com/item/sic-sns-674
PID-10004,TIMKEN PILLOW BLOCK BEARING TIM-BRG-384,Timken,Bearings,Pillow Block Bearing,TIM-BRG-384,<div><p>Industrial Bearings - TIM-BRG-384</p><span>Manufacturer: Timken</span><br>Standard spec with warranty: 12 Months</div>,12960.86,EUR,N/A,N/A,N/A,3200 RPM,80.3 kg,93.6x56.1x80.5 cm,Ceramic Hybrid,N/A,12 Months,Timken,Japan,Precision Parts Direct,OEM Technical Data Sheet,https://docs.productiq-assets.com/specs/timken/tim-brg-384.pdf,https://www.industrial-supply-direct.com/item/tim-brg-384
PID-10005,kaeser Centrifugal Turbo Compressor KAE-CMP-259,Kaeser,Compressors,Centrifugal Turbo Compressor,KAE-CMP-259,"kaeser Centrifugal Turbo Compressor KAE-CMP-259 offers industry leading performance, low vibration levels, and optimized lifecycle costs. Complies with ISO 9001 and CE directives.",2025.56,USD,460 V 60Hz,110 kW,50 Hz,3000 rpm,337.7 LBS,"39.3"" x 8.9"" x 22.8""",Acoustic Enclosure,IP54,24 months,Kaeser,China,Nordic Machinery Hub,Vendor Portal Upload,,invalid-url-item
PID-10006,Mitsubishi Electric Programmable Logic Controller (PLC) MIT-CTL-467 (22 kW),Mitsubishi Electric,Control Systems,Programmable Logic Controller (PLC),MIT-CTL-467,"Compact and durable Programmable Logic Controller (PLC) with 1.5 kW rating, rated for 24vdc networks.",11228.37,€,24vdc,1.5 kW,50/60 Hz,N/A,436.2 lbs,782x428x786mm,Polycarbonate / Aluminum,IP20,24 months,Mitsubishi Electric,United Kingdom,TechFlow Solutions,Supplier Price File 2024,https://docs.productiq-assets.com/specs/mitsubishi_electric/mit-ctl-467.pdf,https://www.industrial-supply-direct.com/item/mit-ctl-467
PID-10007,Schneider Electric SCH-ELC-649 - Industrial Transformer,schneider electric,Electrical Components,Industrial Transformer,SCH ELC 649,REDUNDANT RECORD: schneider electric SCH ELC 649 Electrical Components Industrial Transformer. Contact supplier TechFlow Solutions for spec sheet.,1595.98,USD,11 kV,N/A,50 Hz,N/A,61.1 kg.,L:1092 W:224 H:129,DMC Polyester Glass,IP30,,schneider electric,Sweden,TechFlow Solutions,OEM Technical Data Sheet,,https://www.industrial-supply-direct.com/item/sch elc 649
PID-10008,EUCHNER INTERLOCK SWITCH EUC-SFT-982,Euchner,Safety Equipment,Interlock Switch,EUC-SFT-982,<div><p>Industrial Safety Equipment - EUC-SFT-982</p><span>Manufacturer: Euchner</span><br>Standard spec with warranty: 24 months</div>,14491.88,USD,24VDC,15 W,50/60 Hz,N/A,229.9 KG,L:665 W:524 H:448,Flameproof Aluminum,Ex d IIC T6,24 months,Euchner,Japan,Precision Parts Direct,Distributor Catalog EU,https://docs.productiq-assets.com/specs/euchner/euc-sft-982.pdf,https://www.industrial-supply-direct.com/item/euc-sft-982
PID-10009,caterpillar Online Double-Conversion UPS CAT-PWR-891,Caterpillar,Power Equipment,Online Double-Conversion UPS,CAT-PWR-891,REDUNDANT RECORD: Caterpillar CAT-PWR-891 Power Equipment Online Double-Conversion UPS. Contact supplier Continental Drive Systems for spec sheet.,15845.08,€,400 V 3-Phase,1000 kVA,50/60 Hz,N/A,22.0 g,880x495x779mm,Acoustic Heavy Steel,IP20,1 Year Standard,Caterpillar,Sweden,Continental Drive Systems,Distributor Catalog EU,https://docs.productiq-assets.com/specs/caterpillar/cat-pwr-891.pdf,https://www.industrial-supply-direct.com/item/cat-pwr-891
PID-10010,ABB Servo Motor ABB-MTR-384 (7.5KW),abb,Industrial Motors,Servo Motor,ABB-MTR-384,"Compact and durable Servo Motor with 15000 W rating, rated for 230/400V networks.",3134.7,€,230/400V,15000 W,50Hz,1450 RPM,429.5 g,1099x654x136mm,Stainless Steel,,5 Years,abb,Japan,Global Electro Corp,Field Engineering Audit,,https://www.industrial-supply-direct.com/item/abb-mtr-384
PID-10011,flowserve Submersible Slurry Pump FLO-PMP-786,Flowserve,Pumps,Submersible Slurry Pump,FLO-PMP-786,<div><p>Industrial Pumps - FLO-PMP-786</p><span>Manufacturer: Flowserve</span><br>Standard spec with warranty: 24 months</div>,19054.66,GBP,230 V,11 kW,60 Hz,1450 RPM,173.7 g,"15.5"" x 13.3"" x 22.5""",Duplex Steel,IP66,24 months,Flowserve,Germany,Nordic Machinery Hub,Field Engineering Audit,https://docs.productiq-assets.com/specs/flowserve/flo-pmp-786.pdf,https://www.industrial-supply-direct.com/item/flo-pmp-786
PID-10012,Kitz Pneumatic Ball Valve KIT-VLV-723 (50 W),Kitz,Valves,Pneumatic Ball Valve,KIT-VLV-723,"*** KITZ SPECIAL PROMO *** Model KIT-VLV-723. High reliability, certified quality. Suitable for power, water, oil&gas applications. Order now.",13529.48,,None,,60 Hz,N/A,373.9 lbs,20.0x72.0x86.3 cm,Hastelloy C,IP66,,Kitz,Finland,TechFlow Solutions,OEM Technical Data Sheet,https://docs.productiq-assets.com/specs/kitz/kit-vlv-723.pdf,https://www.industrial-supply-direct.com/item/kit-vlv-723
PID-10013,yokogawa Vibration Sensor YOK-SNS-488,Yokogawa,Sensors,Vibration Sensor,YOK-SNS-488,<div><p>Industrial Sensors - YOK-SNS-488</p><span>Manufacturer: Yokogawa</span><br>Standard spec with warranty: 24 months</div>,3863.48,EUR,4-20mA 24V,0.01 kW,N/A,N/A,61.6 LBS,849x643x613mm,Titanium,,24 months,Yokogawa,Japan,Precision Parts Direct,Supplier Price File 2024,https://docs.productiq-assets.com/specs/yokogawa/yok-sns-488.pdf,https://www.industrial-supply-direct.com/item/yok-sns-488
PID-10014,FAG Schaeffler Deep Groove Ball Bearing FAG-BRG-334,fag schaeffler,Bearings,Deep Groove Ball Bearing,FAG-BRG-334,Heavy-duty industrial grade Deep Groove Ball Bearing engineered by fag schaeffler. Designed for continuous continuous operation in harsh industrial environments with high thermal efficiency and rugged construction.,7511.37,GBP,,N/A,N/A,3200 RPM,288.3 kg.,L:578 W:582 H:125,Stainless Steel 440C,,24 months,fag schaeffler,Switzerland,Precision Parts Direct,Vendor Portal Upload,https://docs.productiq-assets.com/specs/fag_schaeffler/fag-brg-334.pdf,https://www.industrial-supply-direct.com/item/fag-brg-334
PID-10015,atlas copco Reciprocating Air Compressor ATL-CMP-680,Atlas Copco,Compressors,Reciprocating Air Compressor,ATL-CMP-680,"atlas copco Reciprocating Air Compressor ATL-CMP-680 offers industry leading performance, low vibration levels, and optimized lifecycle costs. Complies with ISO 9001 and CE directives.",12177.3,EUR,460 V 60Hz,37 kW,50 Hz,2950 RPM,327.7 lbs,110.2x73.0x51.7 cm,Acoustic Enclosure,IP54,12 Months,Atlas Copco,Italy,Global Electro Corp,Field Engineering Audit,https://docs.productiq-assets.com/specs/atlas_copco/atl-cmp-680.pdf,https://www.industrial-supply-direct.com/item/atl-cmp-680
PID-10016,Mitsubishi Electric High Performance Human Machine Interface (HMI) MIT-CTL-246,mitsubishi electric,Control Systems,Human Machine Interface (HMI),MIT-CTL-246,<div><p>Industrial Control Systems - MIT-CTL-246</p><span>Manufacturer: mitsubishi electric</span><br>Standard spec with warranty: 2 Years</div>,4675.61,USD,230 V AC,7.5 kW,0-400 Hz Output,N/A,437.1 kg,L:598 W:228 H:678,Industrial Thermoplastic,ip20,2 Years,mitsubishi electric,Switzerland,Global Electro Corp,Vendor Portal Upload,https://docs.productiq-assets.com/specs/mitsubishi_electric/mit-ctl-246.pdf,https://www.industrial-supply-direct.com/item/mit-ctl-246
PID-10017,Legrand LEG-ELC-369 - Surge Protection Device,legrand,Electrical Components,Surge Protection Device,LEG-ELC-369,REDUNDANT RECORD: legrand LEG-ELC-369 Electrical Components Surge Protection Device. Contact supplier Global Electro Corp for spec sheet.,16625.05,EUR,230/400V,100 kVA,50 Hz,N/A,190.9 kg,L:1075 W:559 H:896,DMC Polyester Glass,,12 Months,legrand,China,Global Electro Corp,Supplier Price File 2024,,https://www.industrial-supply-direct.com/item/leg-elc-369
PID-10018,banner engineering Explosion Proof Beacon BAN-SFT-324,Banner Engineering,Safety Equipment,Explosion Proof Beacon,BAN-SFT-324,Heavy-duty industrial grade Explosion Proof Beacon engineered by Banner Engineering. Designed for continuous continuous operation in harsh industrial environments with high thermal efficiency and rugged construction.,1854.09,USD,Battery / 3.6V,10 W,50/60 Hz,N/A,285.8 LBS,L:880 W:711 H:643,Reinforced Polymer,IP67,36 Months Extended,Banner Engineering,United States,Precision Parts Direct,Supplier Price File 2024,https://docs.productiq-assets.com/specs/banner_engineering/ban-sft-324.pdf,https://www.industrial-supply-direct.com/item/ban-sft-324
PID-10019,Caterpillar CAT-PWR-256 - Industrial Diesel Generator,Caterpillar,Power Equipment,Industrial Diesel Generator,CAT-PWR-256,Heavy-duty industrial grade Industrial Diesel Generator engineered by Caterpillar. Designed for continuous continuous operation in harsh industrial environments with high thermal efficiency and rugged construction.,14460.47,USD,480 V,1200 kW,60 Hz,1800 rpm,43.3 kg,L:297 W:481 H:233,Marine Grade Aluminum,IP20,36 Months Extended,Caterpillar,Italy,Precision Parts Direct,Vendor Portal Upload,https://docs.productiq-assets.com/specs/caterpillar/cat-pwr-256.pdf,https://www.industrial-supply-direct.com/item/cat-pwr-256
PID-10020,Baldor-Reliance DC Traction Motor BAL-MTR-165 (7.5 kW),Baldor-Reliance,Industrial Motors,DC Traction Motor,BAL-MTR-165,<div><p>Industrial Industrial Motors - BAL-MTR-165</p><span>Manufacturer: Baldor-Reliance</span><br>Standard spec with warranty: 12 Months</div>,11084.55,USD,230/400V,7.5 kW,60 Hz,1450 RPM,103.7 lbs,15.3x72.3x77.3 cm,Aluminum,IP66,12 Months,Baldor-Reliance,Japan,Precision Parts Direct,OEM Technical Data Sheet,https://docs.productiq-assets.com/specs/baldor-reliance/bal-mtr-165.pdf,https://www.industrial-supply-direct.com/item/bal-mtr-165
PID-10021,SULZER MULTISTAGE HIGH-PRESSURE PUMP SUL-PMP-357,Sulzer,Pumps,Multistage High-Pressure Pump,SUL-PMP-357,<div><p>Industrial Pumps - SUL-PMP-357</p><span>Manufacturer: Sulzer</span><br>Standard spec with warranty: 1 Year Standard</div>,13369.63,USD,230 V,3.7 kW,50 Hz,2900 RPM,40.5 kg,"7.9"" x 31.1"" x 7.2""",Cast Iron GG25,IP 68,1 Year Standard,Sulzer,United Kingdom,Nordic Machinery Hub,Vendor Portal Upload,https://docs.productiq-assets.com/specs/sulzer/sul-pmp-357.pdf,https://www.industrial-supply-direct.com/item/sul-pmp-357
PID-10022,Emerson Fisher High Performance Check Valve EME-VLV-868,Emerson Fisher,Valves,Check Valve,EME-VLV-868,"Emerson Fisher High Performance Check Valve EME-VLV-868 offers industry leading performance, low vibration levels, and optimized lifecycle costs. Complies with ISO 9001 and CE directives.",11911.65,$,,N/A,60 Hz,N/A,149.3 kg,981x279x232mm,Hastelloy C,IP65,36 Months Extended,Emerson Fisher,Italy,Apex Industrial Supplies,Vendor Portal Upload,https://docs.productiq-assets.com/specs/emerson_fisher/eme-vlv-868.pdf,invalid-url-item
PID-10023,Endress+Hauser Electromagnetic Flowmeter END-SNS-545,Endress+Hauser,Sensors,Electromagnetic Flowmeter,END SNS 545,<div><p>Industrial Sensors - END SNS 545</p><span>Manufacturer: Endress+Hauser</span><br>Standard spec with warranty: </div>,209.55,$,4-20mA 24V,< 3W,N/A,N/A,41.9 kilograms,"39.1"" x 27.7"" x 20.1""",316L SS,IP69K,,Endress+Hauser,Italy,Global Electro Corp,ERP Master Data,https://docs.productiq-assets.com/specs/endress+hauser/end sns 545.pdf,invalid-url-item
PID-10024,koyo Tapered Roller Bearing KOY-BRG-612,koyo,Bearings,Tapered Roller Bearing,KOY-BRG-612,"koyo Tapered Roller Bearing KOY-BRG-612 offers industry leading performance, low vibration levels, and optimized lifecycle costs. Complies with ISO 9001 and CE directives.",16124.02,EUR,N/A,N/A,N/A,6000 RPM,223.6 kilograms,L:1019 W:797 H:678,High Carbon Chrome Steel 100Cr6,N/A,24 months,koyo,Italy,Global Electro Corp,Field Engineering Audit,,https://www.industrial-supply-direct.com/item/koy-brg-612
PID-10025,Kaeser High Performance Vane Compressor KAE-CMP-723,Kaeser,Compressors,Vane Compressor,KAE-CMP-723,"Kaeser High Performance Vane Compressor KAE-CMP-723 offers industry leading performance, low vibration levels, and optimized lifecycle costs. Complies with ISO 9001 and CE directives.",7119.54,USD,400V 50Hz,110 kW,50 Hz,2950 RPM,429.5 g,L:1021 W:685 H:767,Cast Iron Block,,1 Year Standard,Kaeser,Sweden,Apex Industrial Supplies,Vendor Portal Upload,https://docs.productiq-assets.com/specs/kaeser/kae-cmp-723.pdf,https://www.industrial-supply-direct.com/item/kae-cmp-723
PID-10026,Rockwell Allen-Bradley High Performance Safety Relay ROC-CTL-897,Rockwell Allen-Bradley,Control Systems,Safety Relay,ROC CTL 897,REDUNDANT RECORD: Rockwell Allen-Bradley ROC CTL 897 Control Systems Safety Relay. Contact supplier Apex Industrial Supplies for spec sheet.,11997.4,$,24 V DC,30 W,0-400 Hz Output,N/A,32.0 kg,L:891 W:390 H:358,Industrial Thermoplastic,IP20 / NEMA 1,,Rockwell Allen-Bradley,Italy,Apex Industrial Supplies,OEM Technical Data Sheet,https://docs.productiq-assets.com/specs/rockwell_allen-bradley/roc ctl 897.pdf,https://www.industrial-supply-direct.com/item/roc ctl 897
PID-10027,Siemens High Performance Air Circuit Breaker (ACB) SIE-ELC-214,Siemens,Electrical Components,Air Circuit Breaker (ACB),SIE-ELC-214,"*** SIEMENS SPECIAL PROMO *** Model SIE-ELC-214. High reliability, certified quality. Suitable for power, water, oil&gas applications. Order now.",4543.95,USD,1000 V,250 kVA,50 Hz,N/A,44.3 g,841x118x471mm,Silver Alloy Contacts,IP30,24 months,Siemens,Switzerland,Global Electro Corp,Supplier Price File 2024,https://docs.productiq-assets.com/specs/siemens/sie-elc-214.pdf,https://www.industrial-supply-direct.com/item/sie-elc-214
PID-10028,Sick Interlock Switch SIC-SFT-180,Sick,Safety Equipment,Interlock Switch,SIC-SFT-180,"Sick Interlock Switch SIC-SFT-180 offers industry leading performance, low vibration levels, and optimized lifecycle costs. Complies with ISO 9001 and CE directives.",15124.03,USD,Battery / 3.6V,5 W,50/60 Hz,N/A,186.4 g,"39.7"" x 28.5"" x 15.4""",Reinforced Polymer,Ex d IIC T6,2 Years,Sick,Switzerland,TechFlow Solutions,Vendor Portal Upload,https://docs.productiq-assets.com/specs/sick/sic-sft-180.pdf,https://www.industrial-supply-direct.com/item/sic-sft-180
PID-10029,sma solar Online Double-Conversion UPS SMA-PWR-231,SMA Solar,Power Equipment,Online Double-Conversion UPS,SMA-PWR-231,Heavy-duty industrial grade Online Double-Conversion UPS engineered by SMA Solar. Designed for continuous continuous operation in harsh industrial environments with high thermal efficiency and rugged construction.,17524.67,USD,230 V Single Phase,1200 kW,60 Hz,N/A,420.6 g,35.5x39.1x18.5 cm,Galvanized Steel Weatherproof,IP20,1 Year Standard,SMA Solar,Sweden,Nordic Machinery Hub,Vendor Portal Upload,https://docs.productiq-assets.com/specs/sma_solar/sma-pwr-231.pdf,https://www.industrial-supply-direct.com/item/sma-pwr-231
PID-10030,Siemens Explosion-Proof Motor SIE-MTR-640 (45 kW),Siemens,Industrial Motors,Explosion-Proof Motor,SIE-MTR-640,REDUNDANT RECORD: Siemens SIE-MTR-640 Industrial Motors Explosion-Proof Motor. Contact supplier Global Electro Corp for spec sheet.,17846.06,EUR,,45 kW,60 Hz,1500 rpm,19.6 kilograms,384 x 580 x 559 mm,Cast Iron,IP 55,12 Months,Siemens,Switzerland,Global Electro Corp,ERP Master Data,https://docs.productiq-assets.com/specs/siemens/sie-mtr-640.pdf,https://www.industrial-supply-direct.com/item/sie-mtr-640
PID-10031,Wilo Submersible Slurry Pump WIL-PMP-830 (11 kW),wilo,Pumps,Submersible Slurry Pump,WIL-PMP-830,REDUNDANT RECORD: wilo WIL-PMP-830 Pumps Submersible Slurry Pump. Contact supplier Continental Drive Systems for spec sheet.,18410.99,$,400 V,5.5 kW,50/60 Hz,1450 RPM,194.6 LBS,L:953 W:291 H:780,Stainless Steel 316,IP68,24 months,wilo,China,Continental Drive Systems,Distributor Catalog EU,https://docs.productiq-assets.com/specs/wilo/wil-pmp-830.pdf,https://www.industrial-supply-direct.com/item/wil-pmp-830
PID-10032,Kitz Butterfly Valve KIT-VLV-548,Kitz,Valves,Butterfly Valve,KIT-VLV-548,"Kitz Butterfly Valve KIT-VLV-548 offers industry leading performance, low vibration levels, and optimized lifecycle costs. Complies with ISO 9001 and CE directives.",2370.43,USD,110 VAC,15 W,60 Hz,N/A,160.2 kg.,458x575x812mm,CF8M Stainless,NEMA 4X,,Kitz,United States,Precision Parts Direct,OEM Technical Data Sheet,,https://www.industrial-supply-direct.com/item/kit-vlv-548
PID-10033,YOKOGAWA PRESSURE TRANSMITTER YOK-SNS-446,Yokogawa,Sensors,Pressure Transmitter,YOK-SNS-446,"YOKOGAWA PRESSURE TRANSMITTER YOK-SNS-446 offers industry leading performance, low vibration levels, and optimized lifecycle costs. Complies with ISO 9001 and CE directives.",10314.46,€,,< 3W,DC,N/A,335.1 lbs,L:482 W:608 H:808,PVDF,IP69K,24 months,Yokogawa,France,Apex Industrial Supplies,Distributor Catalog EU,https://docs.productiq-assets.com/specs/yokogawa/yok-sns-446.pdf,https://www.industrial-supply-direct.com/item/yok-sns-446
PID-10034,NTN NTN-BRG-107 - Spherical Roller Bearing,NTN,Bearings,Spherical Roller Bearing,NTN-BRG-107,"NTN NTN-BRG-107 - Spherical Roller Bearing offers industry leading performance, low vibration levels, and optimized lifecycle costs. Complies with ISO 9001 and CE directives.",4351.08,GBP,,,N/A,6000 RPM,426.7 kg,931x472x625mm,Stainless Steel 440C,Open,12 Months,NTN,Finland,Precision Parts Direct,OEM Technical Data Sheet,,invalid-url-item
PID-10035,atlas copco Centrifugal Turbo Compressor ATL-CMP-172,Atlas Copco,Compressors,Centrifugal Turbo Compressor,ATL-CMP-172,<div><p>Industrial Compressors - ATL-CMP-172</p><span>Manufacturer: Atlas Copco</span><br>Standard spec with warranty: 5 Years</div>,12425.74,USD,460 V 60Hz,110 kW,60 Hz,3000 rpm,14.1 KG,89.2x67.5x22.0 cm,Cast Iron Block,IP55,5 Years,Atlas Copco,Switzerland,Continental Drive Systems,Supplier Price File 2024,https://docs.productiq-assets.com/specs/atlas_copco/atl-cmp-172.pdf,https://www.industrial-supply-direct.com/item/atl-cmp-172
PID-10036,ROCKWELL ALLEN-BRADLEY SAFETY RELAY ROC-CTL-235,rockwell allen-bradley,Control Systems,Safety Relay,ROC-CTL-235,REDUNDANT RECORD: rockwell allen-bradley ROC-CTL-235 Control Systems Safety Relay. Contact supplier TechFlow Solutions for spec sheet.,10723.48,EUR,24vdc,150 W,0-400 Hz Output,N/A,287.9 kilograms,559x224x305mm,Metal Alloy,IP20 / NEMA 1,,rockwell allen-bradley,Germany,TechFlow Solutions,Supplier Price File 2024,https://docs.productiq-assets.com/specs/rockwell_allen-bradley/roc-ctl-235.pdf,https://www.industrial-supply-direct.com/item/roc-ctl-235
PID-10037,ABB ABB-ELC-926 - Industrial Transformer,abb,Electrical Components,Industrial Transformer,ABB-ELC-926,<div><p>Industrial Electrical Components - ABB-ELC-926</p><span>Manufacturer: abb</span><br>Standard spec with warranty: </div>,1880.88,GBP,415 VAC,630 A Rating,60 Hz,N/A,351.7 g,364 x 543 x 614 mm,Silver Alloy Contacts,,,abb,China,Global Electro Corp,Distributor Catalog EU,https://docs.productiq-assets.com/specs/abb/abb-elc-926.pdf,https://www.industrial-supply-direct.com/item/abb-elc-926
PID-10038,pepperl+fuchs Gas Detection Monitor PEP-SFT-462,Pepperl+Fuchs,Safety Equipment,Gas Detection Monitor,PEP-SFT-462,"Compact and durable Gas Detection Monitor with 0.02 kW rating, rated for Battery / 3.6V networks.",8719.9,USD,Battery / 3.6V,0.02 kW,DC,N/A,423.9 KG,791 x 677 x 142 mm,Flameproof Aluminum,IP69K,12 Months,Pepperl+Fuchs,Finland,TechFlow Solutions,Distributor Catalog EU,https://docs.productiq-assets.com/specs/pepperl+fuchs/pep-sft-462.pdf,https://www.industrial-supply-direct.com/item/pep-sft-462
PID-10039,Huawei Digital Power HUA-PWR-789 - Industrial Diesel Generator,Huawei Digital Power,Power Equipment,Industrial Diesel Generator,HUA-PWR-789,"*** HUAWEI DIGITAL POWER SPECIAL PROMO *** Model HUA-PWR-789. High reliability, certified quality. Suitable for power, water, oil&gas applications. Order now.",1262.24,$,400 V 3-Phase,1200 kW,60 Hz,1800 rpm,274.0 kg.,75.3x45.3x50.8 cm,Marine Grade Aluminum,IP54 Outdoor,36 Months Extended,Huawei Digital Power,United States,TechFlow Solutions,Vendor Portal Upload,https://docs.productiq-assets.com/specs/huawei_digital_power/hua-pwr-789.pdf,https://www.industrial-supply-direct.com/item/hua-pwr-789
PID-10040,SEW-EURODRIVE EXPLOSION-PROOF MOTOR SEW-MTR-919,sew-eurodrive,Industrial Motors,Explosion-Proof Motor,SEW MTR 919,REDUNDANT RECORD: sew-eurodrive SEW MTR 919 Industrial Motors Explosion-Proof Motor. Contact supplier Nordic Machinery Hub for spec sheet.,3665.68,$,380-415 V,15 KW,50/60 Hz,1500 rpm,225.1 kg,113.5x56.8x34.6 cm,Stainless Steel,IP65,12 Months,sew-eurodrive,Japan,Nordic Machinery Hub,Distributor Catalog EU,https://docs.productiq-assets.com/specs/sew-eurodrive/sew mtr 919.pdf,https://www.industrial-supply-direct.com/item/sew mtr 919
PID-10041,Wilo Diaphragm Pump WIL-PMP-243 (15 kW),Wilo,Pumps,Diaphragm Pump,WIL PMP 243,REDUNDANT RECORD: Wilo WIL PMP 243 Pumps Diaphragm Pump. Contact supplier Global Electro Corp for spec sheet.,5261.3,USD,415V,7.5 kW,60 Hz,1450 RPM,127.7 LBS,34.3x23.1x19.9 cm,Duplex Steel,,36 Months Extended,Wilo,Sweden,Global Electro Corp,ERP Master Data,https://docs.productiq-assets.com/specs/wilo/wil pmp 243.pdf,https://www.industrial-supply-direct.com/item/wil pmp 243
PID-10042,Samson Pneumatic Ball Valve SAM-VLV-553,samson,Valves,Pneumatic Ball Valve,SAM-VLV-553,"Samson Pneumatic Ball Valve SAM-VLV-553 offers industry leading performance, low vibration levels, and optimized lifecycle costs. Complies with ISO 9001 and CE directives.",1078.3,USD,24 V DC,15 W,50 Hz,N/A,221.7 LBS,"5.3"" x 18.8"" x 17.3""",Forged Steel A105,NEMA 4X,36 Months Extended,samson,Germany,Continental Drive Systems,ERP Master Data,https://docs.productiq-assets.com/specs/samson/sam-vlv-553.pdf,https://www.industrial-supply-direct.com/item/sam-vlv-553
PID-10043,Sick SIC-SNS-195 - Pressure Transmitter,Sick,Sensors,,SIC-SNS-195,"Sick SIC-SNS-195 - Pressure Transmitter offers industry leading performance, low vibration levels, and optimized lifecycle costs. Complies with ISO 9001 and CE directives.",8043.29,EUR,12-30 VDC,5 W,N/A,N/A,93.7 LBS,1065x163x822mm,Hastelloy,,36 Months Extended,Sick,United Kingdom,Continental Drive Systems,ERP Master Data,https://docs.productiq-assets.com/specs/sick/sic-sns-195.pdf,https://www.industrial-supply-direct.com/item/sic-sns-195
PID-10044,Timken TIM-BRG-985 - Spherical Roller Bearing,Timken,Bearings,Spherical Roller Bearing,TIM-BRG-985,<div><p>Industrial Bearings - TIM-BRG-985</p><span>Manufacturer: Timken</span><br>Standard spec with warranty: 1 Year Standard</div>,3171.09,EUR,N/A,,N/A,8500 rpm,318.0 kg.,L:660 W:394 H:224,High Carbon Chrome Steel 100Cr6,2RS Sealed,1 Year Standard,Timken,Italy,Global Electro Corp,Supplier Price File 2024,,https://www.industrial-supply-direct.com/item/tim-brg-985
PID-10045,Atlas Copco Oil-Free Scroll Compressor ATL-CMP-371,Atlas Copco,Compressors,Oil-Free Scroll Compressor,ATL-CMP-371,"Compact and durable Oil-Free Scroll Compressor with standard power rating, rated for 400V 50Hz networks.",8186.3,USD,400V 50Hz,,60 Hz,2950 RPM,187.5 g,381x105x663mm,Acoustic Enclosure,IP54,1 Year Standard,Atlas Copco,United Kingdom,Nordic Machinery Hub,Field Engineering Audit,https://docs.productiq-assets.com/specs/atlas_copco/atl-cmp-371.pdf,https://www.industrial-supply-direct.com/item/atl-cmp-371
PID-10046,Omron High Performance Safety Relay OMR-CTL-777,Omron,Control Systems,Safety Relay,OMR CTL 777,"Omron High Performance Safety Relay OMR-CTL-777 offers industry leading performance, low vibration levels, and optimized lifecycle costs. Complies with ISO 9001 and CE directives.",2990.52,EUR,24VDC / 120VAC,150 W,50/60 Hz,N/A,433.1 kg.,11.8x40.5x68.1 cm,Industrial Thermoplastic,IP65 Bezel,24 months,Omron,China,Continental Drive Systems,Supplier Price File 2024,https://docs.productiq-assets.com/specs/omron/omr ctl 777.pdf,https://www.industrial-supply-direct.com/item/omr ctl 777
PID-10047,Eaton EAT-ELC-159 - Molded Case Circuit Breaker (MCCB),Eaton,Electrical Components,Molded Case Circuit Breaker (MCCB),EAT-ELC-159,<div><p>Industrial Electrical Components - EAT-ELC-159</p><span>Manufacturer: Eaton</span><br>Standard spec with warranty: 1 Year Standard</div>,10099.28,€,415 VAC,100 kVA,50/60 Hz,N/A,372.6 LBS,920x785x197mm,Silver Alloy Contacts,IP40,1 Year Standard,Eaton,Switzerland,Apex Industrial Supplies,ERP Master Data,https://docs.productiq-assets.com/specs/eaton/eat-elc-159.pdf,https://www.industrial-supply-direct.com/item/eat-elc-159
PID-10048,Pepperl+Fuchs High Performance Explosion Proof Beacon PEP-SFT-158,Pepperl+Fuchs,Safety Equipment,Explosion Proof Beacon,PEP-SFT-158,"Compact and durable Explosion Proof Beacon with 5 W rating, rated for Battery / 3.6V networks.",9972.02,USD,Battery / 3.6V,5 W,DC,N/A,288.3 kg.,"21.7"" x 12.8"" x 9.3""",Reinforced Polymer,IP67,5 Years,Pepperl+Fuchs,Italy,Nordic Machinery Hub,Vendor Portal Upload,https://docs.productiq-assets.com/specs/pepperl+fuchs/pep-sft-158.pdf,https://www.industrial-supply-direct.com/item/pep-sft-158
PID-10049,SMA Solar SMA-PWR-158 - Online Double-Conversion UPS,SMA Solar,Power Equipment,Online Double-Conversion UPS,SMA-PWR-158,Heavy-duty industrial grade Online Double-Conversion UPS engineered by SMA Solar. Designed for continuous continuous operation in harsh industrial environments with high thermal efficiency and rugged construction.,15772.14,USD,400 V 3-Phase,50 kVA,50/60 Hz,1500 RPM,242.7 KG,L:1165 W:552 H:219,Marine Grade Aluminum,IP20,1 Year Standard,SMA Solar,China,Nordic Machinery Hub,Distributor Catalog EU,https://docs.productiq-assets.com/specs/sma_solar/sma-pwr-158.pdf,https://www.industrial-supply-direct.com/item/sma-pwr-158
PID-10050,ABB DC Traction Motor ABB-MTR-169 (110 kW),ABB,Industrial Motors,DC Traction Motor,ABB-MTR-169,"ABB DC Traction Motor ABB-MTR-169 (110 kW) offers industry leading performance, low vibration levels, and optimized lifecycle costs. Complies with ISO 9001 and CE directives.",7559.28,USD,380-415 V,,50 Hz,3000 RPM,,"36.9"" x 11.2"" x 34.9""",Cast Iron,IP23,24 months,ABB,United Kingdom,Nordic Machinery Hub,Supplier Price File 2024,,https://www.industrial-supply-direct.com/item/abb-mtr-169
PID-10051,Wilo WIL-PMP-692 - Submersible Slurry Pump,wilo,Pumps,Submersible Slurry Pump,WIL-PMP-692,REDUNDANT RECORD: wilo WIL-PMP-692 Pumps Submersible Slurry Pump. Contact supplier Apex Industrial Supplies for spec sheet.,11515.65,€,400v,3.7 kW,50/60 Hz,2900 RPM,157.4 kg.,331 x 132 x 776 mm,Stainless Steel 316,IP68,2 Years,wilo,United States,Apex Industrial Supplies,OEM Technical Data Sheet,,https://www.industrial-supply-direct.com/item/wil-pmp-692
PID-10052,velan Check Valve VEL-VLV-678,Velan,Valves,Check Valve,VEL-VLV-678,"Compact and durable Check Valve with standard power rating, rated for 24VDC networks.",17301.86,EUR,24VDC,,N/A,N/A,137.5 KG,1167 x 326 x 523 mm,Forged Steel A105,,36 Months Extended,Velan,Sweden,Precision Parts Direct,Vendor Portal Upload,https://docs.productiq-assets.com/specs/velan/vel-vlv-678.pdf,https://www.industrial-supply-direct.com/item/vel-vlv-678
PID-10053,Yokogawa High Performance Electromagnetic Flowmeter YOK-SNS-344,Yokogawa,Sensors,Electromagnetic Flowmeter,YOK-SNS-344,Heavy-duty industrial grade Electromagnetic Flowmeter engineered by Yokogawa. Designed for continuous continuous operation in harsh industrial environments with high thermal efficiency and rugged construction.,2551.62,GBP,LOOP POWERED,0.01 kW,50/60 Hz,N/A,209.7 kg,953x670x642mm,PVDF,IP68,24 months,Yokogawa,Italy,Precision Parts Direct,OEM Technical Data Sheet,https://docs.productiq-assets.com/specs/yokogawa/yok-sns-344.pdf,https://www.industrial-supply-direct.com/item/yok-sns-344
PID-10054,Koyo Tapered Roller Bearing KOY-BRG-568,Koyo,Bearings,,KOY-BRG-568,"Koyo Tapered Roller Bearing KOY-BRG-568 offers industry leading performance, low vibration levels, and optimized lifecycle costs. Complies with ISO 9001 and CE directives.",320.94,USD,N/A,,N/A,6000 RPM,336.7 kilograms,596x718x820mm,High Carbon Chrome Steel 100Cr6,Open,36 Months Extended,Koyo,Japan,Nordic Machinery Hub,ERP Master Data,https://docs.productiq-assets.com/specs/koyo/koy-brg-568.pdf,https://www.industrial-supply-direct.com/item/koy-brg-568
PID-10055,Boge High Performance Vane Compressor BOG-CMP-202,Boge,Compressors,Vane Compressor,BOG-CMP-202,"Boge High Performance Vane Compressor BOG-CMP-202 offers industry leading performance, low vibration levels, and optimized lifecycle costs. Complies with ISO 9001 and CE directives.",,EUR,,55 kW,60 Hz,3000 rpm,189.4 KG,"22.5"" x 19.2"" x 26.9""",Cast Iron Block,IP54,36 Months Extended,Boge,Italy,TechFlow Solutions,Field Engineering Audit,https://docs.productiq-assets.com/specs/boge/bog-cmp-202.pdf,https://www.industrial-supply-direct.com/item/bog-cmp-202
PID-10056,Schneider Electric Distributed Control System (DCS) Module SCH-CTL-457 (0.75 kW),Schneider Electric,Control Systems,Distributed Control System (DCS) Module,SCH-CTL-457,Heavy-duty industrial grade Distributed Control System (DCS) Module engineered by Schneider Electric. Designed for continuous continuous operation in harsh industrial environments with high thermal efficiency and rugged construction.,7184.74,EUR,230 V AC,0.75 kW,50/60 Hz,N/A,70.1 KG,L:864 W:161 H:732,Polycarbonate / Aluminum,IP20,1 Year Standard,Schneider Electric,United Kingdom,Apex Industrial Supplies,Field Engineering Audit,https://docs.productiq-assets.com/specs/schneider_electric/sch-ctl-457.pdf,https://www.industrial-supply-direct.com/item/sch-ctl-457
PID-10057,ABB Industrial Transformer ABB-ELC-953,ABB,Electrical Components,Industrial Transformer,ABB-ELC-953,"Compact and durable Industrial Transformer with 1600 A Rating rating, rated for 415 VAC networks.",6290.06,GBP,415 VAC,1600 A Rating,60 Hz,N/A,180.1 kg.,1040x678x349mm,DMC Polyester Glass,IP54,24 months,ABB,United States,Precision Parts Direct,Field Engineering Audit,https://docs.productiq-assets.com/specs/abb/abb-elc-953.pdf,https://www.industrial-supply-direct.com/item/abb-elc-953
PID-10058,Pepperl+Fuchs Interlock Switch PEP-SFT-108 (15 W),Pepperl+Fuchs,Safety Equipment,Interlock Switch,PEP-SFT-108,<div><p>Industrial Safety Equipment - PEP-SFT-108</p><span>Manufacturer: Pepperl+Fuchs</span><br>Standard spec with warranty: 36 Months Extended</div>,17379.37,,24 V DC,15 W,DC,N/A,97.1 kilograms,107.3x37.7x14.7 cm,Flameproof Aluminum,IP66,36 Months Extended,Pepperl+Fuchs,Germany,Global Electro Corp,Vendor Portal Upload,,https://www.industrial-supply-direct.com/item/pep-sft-108
PID-10059,CUMMINS SOLAR INVERTER GRID-TIED CUM-PWR-218,Cummins,Power Equipment,Solar Inverter Grid-Tied,CUM-PWR-218,"Compact and durable Solar Inverter Grid-Tied with 250 kVA rating, rated for 400/230V 50Hz networks.",2824.16,USD,400/230V 50Hz,250 kVA,50 Hz,N/A,336.1 kg.,L:995 W:337 H:177,Marine Grade Aluminum,IP20,36 Months Extended,Cummins,Italy,Apex Industrial Supplies,Supplier Price File 2024,https://docs.productiq-assets.com/specs/cummins/cum-pwr-218.pdf,https://www.industrial-supply-direct.com/item/cum-pwr-218
PID-10060,WEG DC Traction Motor WEG-MTR-315 (22 kW),WEG,Industrial Motors,DC Traction Motor,WEG-MTR-315,"WEG DC Traction Motor WEG-MTR-315 (22 kW) offers industry leading performance, low vibration levels, and optimized lifecycle costs. Complies with ISO 9001 and CE directives.",13358.77,$,380-415 V,22 kW,50/60 Hz,1450 RPM,,731 x 555 x 468 mm,Aluminum,IP23,2 Years,WEG,Sweden,Nordic Machinery Hub,Distributor Catalog EU,https://docs.productiq-assets.com/specs/weg/weg-mtr-315.pdf,https://www.industrial-supply-direct.com/item/weg-mtr-315
PID-10061,Flowserve Multistage High-Pressure Pump FLO-PMP-600,flowserve,Pumps,Multistage High-Pressure Pump,FLO-PMP-600,"Flowserve Multistage High-Pressure Pump FLO-PMP-600 offers industry leading performance, low vibration levels, and optimized lifecycle costs. Complies with ISO 9001 and CE directives.",1843.68,EUR,415V,3.7 kW,50 Hz,1450 RPM,172.9 KG,,Duplex Steel,ip68,1 Year Standard,flowserve,France,TechFlow Solutions,ERP Master Data,https://docs.productiq-assets.com/specs/flowserve/flo-pmp-600.pdf,https://www.industrial-supply-direct.com/item/flo-pmp-600
PID-10062,VELAN BUTTERFLY VALVE VEL-VLV-145,Velan,Valves,Butterfly Valve,VEL-VLV-145,"Compact and durable Butterfly Valve with 0.05 kW rating, rated for 230 V AC networks.",14300.04,GBP,230 V AC,0.05 kW,50 Hz,,293.8 LBS,75.6x71.7x81.1 cm,Hastelloy C,IP67,2 Years,Velan,Italy,TechFlow Solutions,Supplier Price File 2024,https://docs.productiq-assets.com/specs/velan/vel-vlv-145.pdf,https://www.industrial-supply-direct.com/item/vel-vlv-145
PID-10063,Honeywell HON-SNS-265 - Electromagnetic Flowmeter,Honeywell,Sensors,Electromagnetic Flowmeter,HON-SNS-265,Heavy-duty industrial grade Electromagnetic Flowmeter engineered by Honeywell. Designed for continuous continuous operation in harsh industrial environments with high thermal efficiency and rugged construction.,13635.57,GBP,24V DC,< 3W,N/A,N/A,381.9 kilograms,112.2x24.2x74.8 cm,316L SS,IP 67,5 Years,Honeywell,France,Nordic Machinery Hub,OEM Technical Data Sheet,https://docs.productiq-assets.com/specs/honeywell/hon-sns-265.pdf,https://www.industrial-supply-direct.com/item/hon-sns-265
PID-10064,NTN NTN-BRG-214 - Deep Groove Ball Bearing,NTN,Bearings,Deep Groove Ball Bearing,NTN-BRG-214,REDUNDANT RECORD: NTN NTN-BRG-214 Bearings Deep Groove Ball Bearing. Contact supplier Continental Drive Systems for spec sheet.,10161.58,EUR,N/A,N/A,N/A,3200 RPM,291.9 kilograms,981x208x110mm,High Carbon Chrome Steel 100Cr6,N/A,36 Months Extended,NTN,China,Continental Drive Systems,Field Engineering Audit,https://docs.productiq-assets.com/specs/ntn/ntn-brg-214.pdf,https://www.industrial-supply-direct.com/item/ntn-brg-214
PID-10065,Kaeser High Performance Vane Compressor KAE-CMP-665,Kaeser,Compressors,Vane Compressor,KAE-CMP-665,"Compact and durable Vane Compressor with 75 kW rating, rated for 3.3 kV networks.",2488.63,$,3.3 kV,75 kW,60 Hz,2950 RPM,206.3 KG,"32.0"" x 23.1"" x 7.8""",Heavy Gauge Steel Housing,IP55,24 months,Kaeser,Japan,Apex Industrial Supplies,Distributor Catalog EU,https://docs.productiq-assets.com/specs/kaeser/kae-cmp-665.pdf,https://www.industrial-supply-direct.com/item/kae-cmp-665
PID-10066,schneider electric Variable Frequency Drive (VFD) SCH-CTL-915,schneider electric,Control Systems,Variable Frequency Drive (VFD),SCH-CTL-915,"Compact and durable Variable Frequency Drive (VFD) with 22 kW rating, rated for 24 V DC networks.",16645.27,€,24 V DC,22 kW,50 Hz,N/A,179.5 g,504 x 560 x 706 mm,Industrial Thermoplastic,IP65 Bezel,5 Years,schneider electric,Switzerland,TechFlow Solutions,OEM Technical Data Sheet,https://docs.productiq-assets.com/specs/schneider_electric/sch-ctl-915.pdf,invalid-url-item
PID-10067,ABB Molded Case Circuit Breaker (MCCB) ABB-ELC-782,ABB,Electrical Components,Molded Case Circuit Breaker (MCCB),ABB-ELC-782,"Compact and durable Molded Case Circuit Breaker (MCCB) with N/A rating, rated for 1000 V networks.",13430.71,EUR,1000 V,N/A,60 Hz,N/A,318.4 kg.,273x788x237mm,Silver Alloy Contacts,IP20,24 months,ABB,Sweden,TechFlow Solutions,Distributor Catalog EU,https://docs.productiq-assets.com/specs/abb/abb-elc-782.pdf,https://www.industrial-supply-direct.com/item/abb-elc-782
PID-10068,Banner Engineering BAN-SFT-867 - Interlock Switch,banner engineering,Safety Equipment,Interlock Switch,BAN-SFT-867,"*** BANNER ENGINEERING SPECIAL PROMO *** Model BAN-SFT-867. High reliability, certified quality. Suitable for power, water, oil&gas applications. Order now.",16015.51,USD,24VDC,10 W,DC,N/A,228.7 lbs,"43.6"" x 20.7"" x 32.6""",Reinforced Polymer,IP65,2 Years,banner engineering,Finland,Apex Industrial Supplies,Distributor Catalog EU,https://docs.productiq-assets.com/specs/banner_engineering/ban-sft-867.pdf,https://www.industrial-supply-direct.com/item/ban-sft-867
PID-10069,Cummins CUM-PWR-125 - Battery Energy Storage Unit,Cummins,Power Equipment,Battery Energy Storage Unit,CUM-PWR-125,<div><p>Industrial Power Equipment - CUM-PWR-125</p><span>Manufacturer: Cummins</span><br>Standard spec with warranty: 24 months</div>,14506.79,,11 kV,500 kW,60 Hz,N/A,324.2 LBS,970x204x853mm,Marine Grade Aluminum,IP23,24 months,Cummins,United Kingdom,TechFlow Solutions,Distributor Catalog EU,https://docs.productiq-assets.com/specs/cummins/cum-pwr-125.pdf,https://www.industrial-supply-direct.com/item/cum-pwr-125
PID-10070,Baldor-Reliance Synchronous Motor BAL-MTR-373,Baldor-Reliance,Industrial Motors,Synchronous Motor,BAL-MTR-373,Heavy-duty industrial grade Synchronous Motor engineered by Baldor-Reliance. Designed for continuous continuous operation in harsh industrial environments with high thermal efficiency and rugged construction.,7169.64,USD,400V,15000 W,60 Hz,1750 RPM,243.6 kg.,L:699 W:396 H:686,Aluminum,IP 55,5 Years,Baldor-Reliance,Sweden,Nordic Machinery Hub,Distributor Catalog EU,https://docs.productiq-assets.com/specs/baldor-reliance/bal-mtr-373.pdf,https://www.industrial-supply-direct.com/item/bal-mtr-373
PID-10071,GRUNDFOS DIAPHRAGM PUMP GRU-PMP-327,Grundfos,Pumps,Diaphragm Pump,GRU-PMP-327,"GRUNDFOS DIAPHRAGM PUMP GRU-PMP-327 offers industry leading performance, low vibration levels, and optimized lifecycle costs. Complies with ISO 9001 and CE directives.",6566.23,USD,400 V,11 kW,50/60 Hz,1450 RPM,182.8 g,855 x 565 x 599 mm,Cast Iron GG25,ip68,,Grundfos,United States,Precision Parts Direct,Field Engineering Audit,https://docs.productiq-assets.com/specs/grundfos/gru-pmp-327.pdf,https://www.industrial-supply-direct.com/item/gru-pmp-327
PID-10072,Samson Globe Control Valve SAM-VLV-124,Samson,Valves,Globe Control Valve,SAM-VLV-124,"*** SAMSON SPECIAL PROMO *** Model SAM-VLV-124. High reliability, certified quality. Suitable for power, water, oil&gas applications. Order now.",6173.61,USD,110 VAC,50 W,,,23.1 g,1041x116x227mm,Forged Steel A105,NEMA 4X,1 Year Standard,Samson,Germany,Nordic Machinery Hub,Supplier Price File 2024,https://docs.productiq-assets.com/specs/samson/sam-vlv-124.pdf,https://www.industrial-supply-direct.com/item/sam-vlv-124
PID-10073,endress+hauser Electromagnetic Flowmeter END-SNS-459,Endress+Hauser,Sensors,Electromagnetic Flowmeter,END-SNS-459,"Compact and durable Electromagnetic Flowmeter with 1.5 W rating, rated for LOOP POWERED networks.",12494.34,USD,LOOP POWERED,1.5 W,DC,N/A,98.0 kg,563 x 631 x 796 mm,316L SS,IP68,5 Years,Endress+Hauser,United States,Nordic Machinery Hub,ERP Master Data,https://docs.productiq-assets.com/specs/endress+hauser/end-sns-459.pdf,invalid-url-item
PID-10074,NTN Tapered Roller Bearing NTN-BRG-128 (N/A),ntn,Bearings,Tapered Roller Bearing,NTN-BRG-128,<div><p>Industrial Bearings - NTN-BRG-128</p><span>Manufacturer: ntn</span><br>Standard spec with warranty: 5 Years</div>,3746.66,€,,,N/A,6000 RPM,278.2 lbs,L:277 W:202 H:243,Ceramic Hybrid,N/A,5 Years,ntn,Italy,Nordic Machinery Hub,Supplier Price File 2024,https://docs.productiq-assets.com/specs/ntn/ntn-brg-128.pdf,https://www.industrial-supply-direct.com/item/ntn-brg-128
PID-10075,kaeser Rotary Screw Compressor KAE-CMP-211,kaeser,Compressors,Rotary Screw Compressor,KAE-CMP-211,<div><p>Industrial Compressors - KAE-CMP-211</p><span>Manufacturer: kaeser</span><br>Standard spec with warranty: 2 Years</div>,13518.8,EUR,460 V 60Hz,100 HP,50 Hz,1480 RPM,224.0 kg,24.5x64.0x11.2 cm,Heavy Gauge Steel Housing,IP55,2 Years,kaeser,Finland,Nordic Machinery Hub,Supplier Price File 2024,https://docs.productiq-assets.com/specs/kaeser/kae-cmp-211.pdf,https://www.industrial-supply-direct.com/item/kae-cmp-211
PID-10076,Schneider Electric Human Machine Interface (HMI) SCH-CTL-720 (30 W),Schneider Electric,Control Systems,Human Machine Interface (HMI),SCH-CTL-720,"Compact and durable Human Machine Interface (HMI) with 0.75 kW rating, rated for 24 V DC networks.",7218.34,USD,24 V DC,0.75 kW,50/60 Hz,N/A,278.2 kg.,261x623x308mm,Metal Alloy,ip20,36 Months Extended,Schneider Electric,France,Continental Drive Systems,ERP Master Data,https://docs.productiq-assets.com/specs/schneider_electric/sch-ctl-720.pdf,https://www.industrial-supply-direct.com/item/sch-ctl-720
PID-10077,legrand Molded Case Circuit Breaker (MCCB) LEG-ELC-360,legrand,Electrical Components,Molded Case Circuit Breaker (MCCB),LEG-ELC-360,<div><p>Industrial Electrical Components - LEG-ELC-360</p><span>Manufacturer: legrand</span><br>Standard spec with warranty: 2 Years</div>,8151.66,USD,415 VAC,,50 Hz,N/A,,111.6x45.5x63.5 cm,Thermoset Resin,IP40,2 Years,legrand,Sweden,Precision Parts Direct,ERP Master Data,https://docs.productiq-assets.com/specs/legrand/leg-elc-360.pdf,https://www.industrial-supply-direct.com/item/leg-elc-360
PID-10078,Honeywell Analytics Interlock Switch HON-SFT-803,Honeywell Analytics,Safety Equipment,Interlock Switch,HON-SFT-803,"Honeywell Analytics Interlock Switch HON-SFT-803 offers industry leading performance, low vibration levels, and optimized lifecycle costs. Complies with ISO 9001 and CE directives.",8064.31,USD,110-230 VAC,10 W,DC,N/A,304.2 kg,1142 x 102 x 145 mm,Flameproof Aluminum,IP66,2 Years,Honeywell Analytics,United Kingdom,TechFlow Solutions,Distributor Catalog EU,https://docs.productiq-assets.com/specs/honeywell_analytics/hon-sft-803.pdf,https://www.industrial-supply-direct.com/item/hon-sft-803
PID-10079,Huawei Digital Power Solar Inverter Grid-Tied HUA-PWR-738,Huawei Digital Power,Power Equipment,Solar Inverter Grid-Tied,HUA-PWR-738,Heavy-duty industrial grade Solar Inverter Grid-Tied engineered by Huawei Digital Power. Designed for continuous continuous operation in harsh industrial environments with high thermal efficiency and rugged construction.,13357.49,EUR,400 V 3-Phase,1000 kVA,60 Hz,1500 RPM,362.4 kg,24.1x57.6x38.9 cm,Marine Grade Aluminum,IP20,24 months,Huawei Digital Power,China,Nordic Machinery Hub,Distributor Catalog EU,https://docs.productiq-assets.com/specs/huawei_digital_power/hua-pwr-738.pdf,https://www.industrial-supply-direct.com/item/hua-pwr-738
PID-10080,WEG High Performance DC Traction Motor WEG-MTR-416,WEG,Industrial Motors,DC Traction Motor,WEG-MTR-416,"Compact and durable DC Traction Motor with 110 kW rating, rated for 230/400V networks.",6135.46,$,230/400V,110 kW,50Hz,1750 RPM,3.2 g,729x206x310mm,Aluminum,,1 Year Standard,WEG,Germany,Global Electro Corp,Supplier Price File 2024,https://docs.productiq-assets.com/specs/weg/weg-mtr-416.pdf,invalid-url-item
PID-10081,XYLEM POSITIVE DISPLACEMENT PUMP XYL-PMP-667,Xylem,Pumps,Positive Displacement Pump,XYL-PMP-667,Heavy-duty industrial grade Positive Displacement Pump engineered by Xylem. Designed for continuous continuous operation in harsh industrial environments with high thermal efficiency and rugged construction.,7865.19,EUR,400 V,7.5 kW,50/60 Hz,2900 RPM,108.5 kg.,904x434x425mm,Stainless Steel 316,IP 68,12 Months,Xylem,Sweden,Continental Drive Systems,OEM Technical Data Sheet,https://docs.productiq-assets.com/specs/xylem/xyl-pmp-667.pdf,https://www.industrial-supply-direct.com/item/xyl-pmp-667
PID-10082,Velan Globe Control Valve VEL-VLV-730 (15 W),Velan,Valves,Globe Control Valve,VEL-VLV-730,"Velan Globe Control Valve VEL-VLV-730 (15 W) offers industry leading performance, low vibration levels, and optimized lifecycle costs. Complies with ISO 9001 and CE directives.",7601.48,EUR,230 V AC,15 W,,,376.6 kg.,60.8x46.4x50.5 cm,Forged Steel A105,IP66,24 months,Velan,Germany,Nordic Machinery Hub,OEM Technical Data Sheet,https://docs.productiq-assets.com/specs/velan/vel-vlv-730.pdf,https://www.industrial-supply-direct.com/item/vel-vlv-730
PID-10083,Endress+Hauser Electromagnetic Flowmeter END-SNS-393,Endress+Hauser,Sensors,Electromagnetic Flowmeter,END-SNS-393,"*** ENDRESS+HAUSER SPECIAL PROMO *** Model END-SNS-393. High reliability, certified quality. Suitable for power, water, oil&gas applications. Order now.",14568.67,USD,24 V DC,2 W,DC,N/A,448.7 KG,100.8x23.1x19.4 cm,Titanium,IP68,12 Months,Endress+Hauser,United Kingdom,Apex Industrial Supplies,Distributor Catalog EU,https://docs.productiq-assets.com/specs/endress+hauser/end-sns-393.pdf,https://www.industrial-supply-direct.com/item/end-sns-393
PID-10084,ntn Tapered Roller Bearing NTN-BRG-576,NTN,Bearings,Tapered Roller Bearing,NTN BRG 576,"ntn Tapered Roller Bearing NTN-BRG-576 offers industry leading performance, low vibration levels, and optimized lifecycle costs. Complies with ISO 9001 and CE directives.",11966.54,USD,,,N/A,3200 RPM,216.9 kg,L:381 W:529 H:304,Stainless Steel 440C,ZZ Shielded,2 Years,NTN,China,Apex Industrial Supplies,Field Engineering Audit,https://docs.productiq-assets.com/specs/ntn/ntn brg 576.pdf,https://www.industrial-supply-direct.com/item/ntn brg 576
PID-10085,Boge BOG-CMP-912 - Oil-Free Scroll Compressor,Boge,Compressors,Oil-Free Scroll Compressor,BOG-CMP-912,REDUNDANT RECORD: Boge BOG-CMP-912 Compressors Oil-Free Scroll Compressor. Contact supplier Global Electro Corp for spec sheet.,5357.48,$,,75 kW,60 Hz,2950 RPM,345.7 KG,L:305 W:353 H:772,Cast Iron Block,IP54,,Boge,Germany,Global Electro Corp,Field Engineering Audit,https://docs.productiq-assets.com/specs/boge/bog-cmp-912.pdf,https://www.industrial-supply-direct.com/item/bog-cmp-912
PID-10086,Omron High Performance Safety Relay OMR-CTL-443,Omron,Control Systems,Safety Relay,OMR-CTL-443,REDUNDANT RECORD: Omron OMR-CTL-443 Control Systems Safety Relay. Contact supplier TechFlow Solutions for spec sheet.,12495.8,€,24vdc,1.5 kW,50 Hz,N/A,245.1 KG,284 x 157 x 338 mm,Metal Alloy,IP20,36 Months Extended,Omron,Germany,TechFlow Solutions,Supplier Price File 2024,https://docs.productiq-assets.com/specs/omron/omr-ctl-443.pdf,https://www.industrial-supply-direct.com/item/omr-ctl-443
PID-10087,abb Molded Case Circuit Breaker (MCCB) ABB-ELC-250,ABB,Electrical Components,Molded Case Circuit Breaker (MCCB),ABB-ELC-250,"*** ABB SPECIAL PROMO *** Model ABB-ELC-250. High reliability, certified quality. Suitable for power, water, oil&gas applications. Order now.",4350.03,$,400 V,N/A,60 Hz,N/A,146.9 KG,994x754x598mm,Silver Alloy Contacts,IP40,5 Years,ABB,Finland,TechFlow Solutions,Vendor Portal Upload,https://docs.productiq-assets.com/specs/abb/abb-elc-250.pdf,https://www.industrial-supply-direct.com/item/abb-elc-250
PID-10088,Banner Engineering Interlock Switch BAN-SFT-970 (5 W),Banner Engineering,Safety Equipment,Interlock Switch,BAN-SFT-970,"*** BANNER ENGINEERING SPECIAL PROMO *** Model BAN-SFT-970. High reliability, certified quality. Suitable for power, water, oil&gas applications. Order now.",7754.99,EUR,Battery / 3.6V,5 W,DC,N/A,37.3 kg.,44.3x75.1x19.0 cm,Reinforced Polymer,Ex d IIC T6,1 Year Standard,Banner Engineering,Japan,Global Electro Corp,Distributor Catalog EU,https://docs.productiq-assets.com/specs/banner_engineering/ban-sft-970.pdf,https://www.industrial-supply-direct.com/item/ban-sft-970
PID-10089,Huawei Digital Power Automatic Transfer Switch HUA-PWR-299,Huawei Digital Power,Power Equipment,Automatic Transfer Switch,HUA PWR 299,"*** HUAWEI DIGITAL POWER SPECIAL PROMO *** Model HUA PWR 299. High reliability, certified quality. Suitable for power, water, oil&gas applications. Order now.",9221.82,EUR,230 V Single Phase,1200 kW,50 Hz,1800 rpm,75.3 kg,168 x 401 x 120 mm,Acoustic Heavy Steel,IP20,12 Months,Huawei Digital Power,Sweden,Nordic Machinery Hub,ERP Master Data,https://docs.productiq-assets.com/specs/huawei_digital_power/hua pwr 299.pdf,https://www.industrial-supply-direct.com/item/hua pwr 299
PID-10090,Siemens Synchronous Motor SIE-MTR-771,Siemens,Industrial Motors,Synchronous Motor,SIE-MTR-771,<div><p>Industrial Industrial Motors - SIE-MTR-771</p><span>Manufacturer: Siemens</span><br>Standard spec with warranty: </div>,14434.01,EUR,400V,15 kW,50/60 Hz,1750 RPM,244.2 g,L:586 W:198 H:150,Ductile Iron,IP65,,Siemens,Sweden,Apex Industrial Supplies,Supplier Price File 2024,,https://www.industrial-supply-direct.com/item/sie-mtr-771
PID-10091,ksb Submersible Slurry Pump KSB-PMP-923,KSB,Pumps,Submersible Slurry Pump,KSB-PMP-923,"*** KSB SPECIAL PROMO *** Model KSB-PMP-923. High reliability, certified quality. Suitable for power, water, oil&gas applications. Order now.",8674.49,$,400 V,7.5 kW,50 Hz,1450 RPM,398.8 kg.,191x369x550mm,Bronze,IP68,,KSB,Finland,Apex Industrial Supplies,ERP Master Data,https://docs.productiq-assets.com/specs/ksb/ksb-pmp-923.pdf,https://www.industrial-supply-direct.com/item/ksb-pmp-923
PID-10092,Flowserve Globe Control Valve FLO-VLV-968,Flowserve,Valves,Globe Control Valve,FLO-VLV-968,"*** FLOWSERVE SPECIAL PROMO *** Model FLO-VLV-968. High reliability, certified quality. Suitable for power, water, oil&gas applications. Order now.",2596.77,€,110 VAC,0.05 kW,50 Hz,N/A,,1158x685x793mm,Hastelloy C,IP66,12 Months,Flowserve,Sweden,Global Electro Corp,Supplier Price File 2024,https://docs.productiq-assets.com/specs/flowserve/flo-vlv-968.pdf,https://www.industrial-supply-direct.com/item/flo-vlv-968
PID-10093,IFM Electronic RTD Temp Sensor IFM-SNS-672 (1.5 W),ifm electronic,Sensors,RTD Temp Sensor,IFM-SNS-672,REDUNDANT RECORD: ifm electronic IFM-SNS-672 Sensors RTD Temp Sensor. Contact supplier Apex Industrial Supplies for spec sheet.,17583.23,,4-20mA 24V,5 W,N/A,N/A,315.9 LBS,L:959 W:215 H:524,Titanium,IP67,36 Months Extended,ifm electronic,United States,Apex Industrial Supplies,Vendor Portal Upload,https://docs.productiq-assets.com/specs/ifm_electronic/ifm-sns-672.pdf,https://www.industrial-supply-direct.com/item/ifm-sns-672
PID-10094,Timken TIM-BRG-934 - Pillow Block Bearing,Timken,Bearings,Pillow Block Bearing,TIM-BRG-934,<div><p>Industrial Bearings - TIM-BRG-934</p><span>Manufacturer: Timken</span><br>Standard spec with warranty: 2 Years</div>,16096.31,USD,,,N/A,8500 rpm,153.7 kilograms,674x603x812mm,Stainless Steel 440C,N/A,2 Years,Timken,United Kingdom,TechFlow Solutions,ERP Master Data,https://docs.productiq-assets.com/specs/timken/tim-brg-934.pdf,https://www.industrial-supply-direct.com/item/tim-brg-934
PID-10095,Gardner Denver Oil-Free Scroll Compressor GAR-CMP-560,Gardner Denver,Compressors,Oil-Free Scroll Compressor,GAR-CMP-560,"Gardner Denver Oil-Free Scroll Compressor GAR-CMP-560 offers industry leading performance, low vibration levels, and optimized lifecycle costs. Complies with ISO 9001 and CE directives.",15561.48,EUR,400V 50Hz,22 kW,60 Hz,2950 RPM,88.8 kilograms,21.8x35.5x13.3 cm,Heavy Gauge Steel Housing,,5 Years,Gardner Denver,Japan,TechFlow Solutions,OEM Technical Data Sheet,https://docs.productiq-assets.com/specs/gardner_denver/gar-cmp-560.pdf,https://www.industrial-supply-direct.com/item/gar-cmp-560
PID-10096,Schneider Electric Safety Relay SCH-CTL-596,Schneider Electric,Control Systems,Safety Relay,SCH-CTL-596,"*** SCHNEIDER ELECTRIC SPECIAL PROMO *** Model SCH-CTL-596. High reliability, certified quality. Suitable for power, water, oil&gas applications. Order now.",CONTACT SALES,GBP,230 V AC,150 W,0-400 Hz Output,N/A,434.3 kilograms,"22.1"" x 31.2"" x 12.2""",Polycarbonate / Aluminum,IP20 / NEMA 1,36 Months Extended,Schneider Electric,Germany,Nordic Machinery Hub,Distributor Catalog EU,https://docs.productiq-assets.com/specs/schneider_electric/sch-ctl-596.pdf,https://www.industrial-supply-direct.com/item/sch-ctl-596
PID-10097,Schneider Electric Vacuum Contactor SCH-ELC-340,Schneider Electric,Electrical Components,Vacuum Contactor,SCH-ELC-340,Heavy-duty industrial grade Vacuum Contactor engineered by Schneider Electric. Designed for continuous continuous operation in harsh industrial environments with high thermal efficiency and rugged construction.,6016.67,USD,1000 V,250 kVA,60 Hz,N/A,48.3 LBS,86.6x67.4x76.2 cm,Thermoset Resin,IP30,24 months,Schneider Electric,United States,Nordic Machinery Hub,Field Engineering Audit,https://docs.productiq-assets.com/specs/schneider_electric/sch-elc-340.pdf,https://www.industrial-supply-direct.com/item/sch-elc-340
PID-10098,Honeywell Analytics High Performance Safety Light Curtain HON-SFT-241,Honeywell Analytics,Safety Equipment,Safety Light Curtain,HON-SFT-241,<div><p>Industrial Safety Equipment - HON-SFT-241</p><span>Manufacturer: Honeywell Analytics</span><br>Standard spec with warranty: 36 Months Extended</div>,7178.7,EUR,24VDC,10 W,50/60 Hz,N/A,65.1 kg,705 x 365 x 528 mm,Flameproof Aluminum,IP69K,36 Months Extended,Honeywell Analytics,Finland,Global Electro Corp,Field Engineering Audit,https://docs.productiq-assets.com/specs/honeywell_analytics/hon-sft-241.pdf,https://www.industrial-supply-direct.com/item/hon-sft-241
PID-10099,Cummins CUM-PWR-165 - Online Double-Conversion UPS,Cummins,Power Equipment,Online Double-Conversion UPS,CUM-PWR-165,REDUNDANT RECORD: Cummins CUM-PWR-165 Power Equipment Online Double-Conversion UPS. Contact supplier TechFlow Solutions for spec sheet.,6221.67,EUR,230 V Single Phase,100 kW,60 Hz,1500 RPM,405.1 g,"32.6"" x 12.9"" x 33.9""",Acoustic Heavy Steel,IP54 Outdoor,,Cummins,Italy,TechFlow Solutions,ERP Master Data,https://docs.productiq-assets.com/specs/cummins/cum-pwr-165.pdf,https://www.industrial-supply-direct.com/item/cum-pwr-165
PID-10100,Baldor-Reliance Servo Motor BAL-MTR-163 (15kw),baldor-reliance,Industrial Motors,Servo Motor,BAL-MTR-163,"Baldor-Reliance Servo Motor BAL-MTR-163 (15kw) offers industry leading performance, low vibration levels, and optimized lifecycle costs. Complies with ISO 9001 and CE directives.",7296.9,USD,230/400V,15kw,50/60 Hz,1500 rpm,402.0 lbs,469x182x599mm,Ductile Iron,IP56,24 months,baldor-reliance,Germany,Apex Industrial Supplies,Field Engineering Audit,https://docs.productiq-assets.com/specs/baldor-reliance/bal-mtr-163.pdf,https://www.industrial-supply-direct.com/item/bal-mtr-163
PID-10101,WILO CENTRIFUGAL PUMP WIL-PMP-977,Wilo,Pumps,,WIL-PMP-977,<div><p>Industrial Pumps - WIL-PMP-977</p><span>Manufacturer: Wilo</span><br>Standard spec with warranty: 5 Years</div>,7129.99,USD,380 V 3-Phase,15 HP,50 Hz,3500 rpm,401.7 kilograms,,Duplex Steel,ip68,5 Years,Wilo,Switzerland,Precision Parts Direct,OEM Technical Data Sheet,https://docs.productiq-assets.com/specs/wilo/wil-pmp-977.pdf,https://www.industrial-supply-direct.com/item/wil-pmp-977
PID-10102,Emerson Fisher EME-VLV-405 - Butterfly Valve,Emerson Fisher,Valves,Butterfly Valve,EME-VLV-405,"*** EMERSON FISHER SPECIAL PROMO *** Model EME-VLV-405. High reliability, certified quality. Suitable for power, water, oil&gas applications. Order now.",16511.62,EUR,,,60 Hz,,426.8 kilograms,567x329x844mm,Forged Steel A105,,5 Years,Emerson Fisher,Finland,Continental Drive Systems,Distributor Catalog EU,https://docs.productiq-assets.com/specs/emerson_fisher/eme-vlv-405.pdf,https://www.industrial-supply-direct.com/item/eme-vlv-405
PID-10103,IFM Electronic RTD Temp Sensor IFM-SNS-865,IFM Electronic,Sensors,RTD Temp Sensor,IFM-SNS-865,Heavy-duty industrial grade RTD Temp Sensor engineered by IFM Electronic. Designed for continuous continuous operation in harsh industrial environments with high thermal efficiency and rugged construction.,16624.84,EUR,4-20mA 24V,1.5 W,N/A,N/A,,96.1x77.7x20.3 cm,316L SS,,36 Months Extended,IFM Electronic,Sweden,Nordic Machinery Hub,Vendor Portal Upload,https://docs.productiq-assets.com/specs/ifm_electronic/ifm-sns-865.pdf,https://www.industrial-supply-direct.com/item/ifm-sns-865
PID-10104,Timken High Performance Spherical Roller Bearing TIM-BRG-379,timken,Bearings,Spherical Roller Bearing,TIM-BRG-379,"Compact and durable Spherical Roller Bearing with N/A rating, rated for multi-voltage networks.",682.61,USD,,N/A,N/A,3200 RPM,303.1 kg,1111 x 252 x 192 mm,Stainless Steel 440C,Open,5 Years,timken,United States,TechFlow Solutions,Field Engineering Audit,https://docs.productiq-assets.com/specs/timken/tim-brg-379.pdf,https://www.industrial-supply-direct.com/item/tim-brg-379
PID-10105,Kaeser High Performance Oil-Free Scroll Compressor KAE-CMP-841,Kaeser,Compressors,Oil-Free Scroll Compressor,KAE CMP 841,<div><p>Industrial Compressors - KAE CMP 841</p><span>Manufacturer: Kaeser</span><br>Standard spec with warranty: 12 Months</div>,CONTACT SALES,$,3.3 kV,75 kW,60 Hz,3000 rpm,162.5 lbs,649x195x481mm,Cast Iron Block,IP65,12 Months,Kaeser,France,Nordic Machinery Hub,Supplier Price File 2024,https://docs.productiq-assets.com/specs/kaeser/kae cmp 841.pdf,https://www.industrial-supply-direct.com/item/kae cmp 841
PID-10106,ABB Ability Safety Relay ABB-CTL-127 (15 kW),ABB Ability,Control Systems,Safety Relay,ABB-CTL-127,"Compact and durable Safety Relay with 15 kW rating, rated for 24vdc networks.",11284.52,USD,24vdc,15 kW,50/60 Hz,N/A,15.4 g,"14.4"" x 23.4"" x 23.6""",Industrial Thermoplastic,IP20,1 Year Standard,ABB Ability,United States,TechFlow Solutions,Distributor Catalog EU,https://docs.productiq-assets.com/specs/abb_ability/abb-ctl-127.pdf,https://www.industrial-supply-direct.com/item/abb-ctl-127
PID-10107,schneider electric Air Circuit Breaker (ACB) SCH-ELC-758,Schneider Electric,Electrical Components,Air Circuit Breaker (ACB),SCH-ELC-758,<div><p>Industrial Electrical Components - SCH-ELC-758</p><span>Manufacturer: Schneider Electric</span><br>Standard spec with warranty: </div>,18287.65,USD,690 V,630 A Rating,50/60 Hz,N/A,26.9 g,1135 x 580 x 607 mm,Silver Alloy Contacts,IP30,,Schneider Electric,Italy,Global Electro Corp,Supplier Price File 2024,https://docs.productiq-assets.com/specs/schneider_electric/sch-elc-758.pdf,invalid-url-item
PID-10108,SICK SAFETY LIGHT CURTAIN SIC-SFT-366,Sick,Safety Equipment,,SIC-SFT-366,"SICK SAFETY LIGHT CURTAIN SIC-SFT-366 offers industry leading performance, low vibration levels, and optimized lifecycle costs. Complies with ISO 9001 and CE directives.",4078.53,,110-230 VAC,0.02 kW,50/60 Hz,N/A,248.2 kilograms,"28.5"" x 24.4"" x 26.6""",Reinforced Polymer,IP66,24 months,Sick,Germany,Global Electro Corp,ERP Master Data,https://docs.productiq-assets.com/specs/sick/sic-sft-366.pdf,https://www.industrial-supply-direct.com/item/sic-sft-366
PID-10109,Schneider Galaxy SCH-PWR-879 - Solar Inverter Grid-Tied,Schneider Galaxy,Power Equipment,Solar Inverter Grid-Tied,SCH-PWR-879,"*** SCHNEIDER GALAXY SPECIAL PROMO *** Model SCH-PWR-879. High reliability, certified quality. Suitable for power, water, oil&gas applications. Order now.",15202.45,,11 kV,100 kW,50 Hz,1500 RPM,76.0 KG,938x209x360mm,Acoustic Heavy Steel,IP65 Enclosure,12 Months,Schneider Galaxy,Switzerland,Nordic Machinery Hub,Supplier Price File 2024,https://docs.productiq-assets.com/specs/schneider_galaxy/sch-pwr-879.pdf,https://www.industrial-supply-direct.com/item/sch-pwr-879
PID-10110,Baldor-Reliance Explosion-Proof Motor BAL-MTR-954 (15 KW),baldor-reliance,Industrial Motors,Explosion-Proof Motor,BAL-MTR-954,"Baldor-Reliance Explosion-Proof Motor BAL-MTR-954 (15 KW) offers industry leading performance, low vibration levels, and optimized lifecycle costs. Complies with ISO 9001 and CE directives.",567.85,GBP,460 V AC,15 KW,50/60 Hz,1750 RPM,414.7 KG,L:455 W:231 H:206,Ductile Iron,,36 Months Extended,baldor-reliance,China,Nordic Machinery Hub,ERP Master Data,https://docs.productiq-assets.com/specs/baldor-reliance/bal-mtr-954.pdf,https://www.industrial-supply-direct.com/item/bal-mtr-954
PID-10111,WILO CENTRIFUGAL PUMP WIL-PMP-458,Wilo,Pumps,Centrifugal Pump,WIL-PMP-458,"WILO CENTRIFUGAL PUMP WIL-PMP-458 offers industry leading performance, low vibration levels, and optimized lifecycle costs. Complies with ISO 9001 and CE directives.",1409.15,EUR,24 V DC,7.5 kW,50 Hz,2900 RPM,281.8 kg.,37.1x76.5x28.2 cm,Bronze,ip68,5 Years,Wilo,Italy,Continental Drive Systems,Distributor Catalog EU,https://docs.productiq-assets.com/specs/wilo/wil-pmp-458.pdf,https://www.industrial-supply-direct.com/item/wil-pmp-458
PID-10112,kitz Pneumatic Ball Valve KIT-VLV-872,Kitz,Valves,Pneumatic Ball Valve,KIT-VLV-872,"Compact and durable Pneumatic Ball Valve with 0.05 kW rating, rated for 24VDC networks.",3808.27,$,24VDC,0.05 kW,,N/A,308.3 KG,70.4x30.8x87.1 cm,CF8M Stainless,,,Kitz,United States,Continental Drive Systems,Supplier Price File 2024,https://docs.productiq-assets.com/specs/kitz/kit-vlv-872.pdf,https://www.industrial-supply-direct.com/item/kit-vlv-872
PID-10113,endress+hauser RTD Temp Sensor END-SNS-256,Endress+Hauser,Sensors,RTD Temp Sensor,END-SNS-256,REDUNDANT RECORD: Endress+Hauser END-SNS-256 Sensors RTD Temp Sensor. Contact supplier Precision Parts Direct for spec sheet.,8839.85,,12-30 VDC,5 W,N/A,N/A,115.0 LBS,100.7x33.0x74.8 cm,Titanium,IP67,,Endress+Hauser,China,Precision Parts Direct,Vendor Portal Upload,https://docs.productiq-assets.com/specs/endress+hauser/end-sns-256.pdf,https://www.industrial-supply-direct.com/item/end-sns-256
PID-10114,SKF PILLOW BLOCK BEARING SKF-BRG-323,SKF,Bearings,Pillow Block Bearing,SKF-BRG-323,"*** SKF SPECIAL PROMO *** Model SKF-BRG-323. High reliability, certified quality. Suitable for power, water, oil&gas applications. Order now.",CONTACT SALES,USD,,,N/A,8500 rpm,71.3 kg.,716 x 602 x 686 mm,Stainless Steel 440C,N/A,,SKF,Italy,Continental Drive Systems,Field Engineering Audit,https://docs.productiq-assets.com/specs/skf/skf-brg-323.pdf,https://www.industrial-supply-direct.com/item/skf-brg-323
PID-10115,Ingersoll Rand ING-CMP-721 - Vane Compressor,Ingersoll Rand,Compressors,Vane Compressor,ING-CMP-721,Heavy-duty industrial grade Vane Compressor engineered by Ingersoll Rand. Designed for continuous continuous operation in harsh industrial environments with high thermal efficiency and rugged construction.,17852.63,EUR,400V 50Hz,55 kW,50 Hz,1480 RPM,6.4 g,592x757x728mm,Cast Iron Block,IP55,12 Months,Ingersoll Rand,Italy,Nordic Machinery Hub,Field Engineering Audit,https://docs.productiq-assets.com/specs/ingersoll_rand/ing-cmp-721.pdf,https://www.industrial-supply-direct.com/item/ing-cmp-721
PID-10116,Siemens SIMATIC High Performance Safety Relay SIE-CTL-126,siemens simatic,Control Systems,Safety Relay,SIE-CTL-126,"Compact and durable Safety Relay with 7.5 kW rating, rated for 24vdc networks.",12579.32,GBP,24vdc,7.5 kW,50 Hz,N/A,243.2 kg,"20.9"" x 30.9"" x 29.3""",Polycarbonate / Aluminum,ip20,,siemens simatic,Switzerland,Continental Drive Systems,Distributor Catalog EU,https://docs.productiq-assets.com/specs/siemens_simatic/sie-ctl-126.pdf,https://www.industrial-supply-direct.com/item/sie-ctl-126
PID-10117,Siemens Industrial Transformer SIE-ELC-832 (100 kVA),Siemens,Electrical Components,Industrial Transformer,SIE-ELC-832,"Compact and durable Industrial Transformer with 100 kVA rating, rated for 400 V networks.",11178.09,€,400 V,100 kVA,50/60 Hz,N/A,204.4 lbs,134 x 498 x 789 mm,DMC Polyester Glass,,5 Years,Siemens,Finland,Apex Industrial Supplies,Field Engineering Audit,https://docs.productiq-assets.com/specs/siemens/sie-elc-832.pdf,https://www.industrial-supply-direct.com/item/sie-elc-832
PID-10118,Pepperl+Fuchs Emergency Stop Rope Pull PEP-SFT-204,Pepperl+Fuchs,Safety Equipment,Emergency Stop Rope Pull,PEP-SFT-204,REDUNDANT RECORD: Pepperl+Fuchs PEP-SFT-204 Safety Equipment Emergency Stop Rope Pull. Contact supplier Continental Drive Systems for spec sheet.,14760.77,$,24 V DC,15 W,50/60 Hz,N/A,432.2 KG,864x111x666mm,Flameproof Aluminum,,12 Months,Pepperl+Fuchs,Germany,Continental Drive Systems,Distributor Catalog EU,https://docs.productiq-assets.com/specs/pepperl+fuchs/pep-sft-204.pdf,https://www.industrial-supply-direct.com/item/pep-sft-204
PID-10119,SMA Solar Industrial Diesel Generator SMA-PWR-455,SMA Solar,Power Equipment,Industrial Diesel Generator,SMA-PWR-455,<div><p>Industrial Power Equipment - SMA-PWR-455</p><span>Manufacturer: SMA Solar</span><br>Standard spec with warranty: 12 Months</div>,12288.92,USD,230 V Single Phase,50 kVA,60 Hz,N/A,383.5 LBS,,Galvanized Steel Weatherproof,IP54 Outdoor,12 Months,SMA Solar,Finland,Nordic Machinery Hub,OEM Technical Data Sheet,https://docs.productiq-assets.com/specs/sma_solar/sma-pwr-455.pdf,https://www.industrial-supply-direct.com/item/sma-pwr-455
PID-10120,SEW-EURODRIVE THREE-PHASE INDUCTION MOTOR SEW-MTR-125,sew-eurodrive,Industrial Motors,Three-Phase Induction Motor,SEW-MTR-125,"SEW-EURODRIVE THREE-PHASE INDUCTION MOTOR SEW-MTR-125 offers industry leading performance, low vibration levels, and optimized lifecycle costs. Complies with ISO 9001 and CE directives.",CONTACT SALES,EUR,380-415 V,20 HP,50/60 Hz,2950 RPM,289.3 kg.,"14.8"" x 31.3"" x 33.5""",Aluminum,IP23,1 Year Standard,sew-eurodrive,Italy,TechFlow Solutions,Supplier Price File 2024,https://docs.productiq-assets.com/specs/sew-eurodrive/sew-mtr-125.pdf,https://www.industrial-supply-direct.com/item/sew-mtr-125
PID-10121,Xylem XYL-PMP-792 - Centrifugal Pump,xylem,Pumps,Centrifugal Pump,XYL-PMP-792,"Xylem XYL-PMP-792 - Centrifugal Pump offers industry leading performance, low vibration levels, and optimized lifecycle costs. Complies with ISO 9001 and CE directives.",1745.33,EUR,380 V 3-Phase,5 HP,50 Hz,1450 RPM,408.1 LBS,"42.0"" x 30.3"" x 35.2""",Stainless Steel 316,IP68,2 Years,xylem,Japan,Global Electro Corp,Vendor Portal Upload,https://docs.productiq-assets.com/specs/xylem/xyl-pmp-792.pdf,https://www.industrial-supply-direct.com/item/xyl-pmp-792
PID-10122,Velan High Performance Pneumatic Ball Valve VEL-VLV-130,Velan,Valves,Pneumatic Ball Valve,VEL-VLV-130,"Velan High Performance Pneumatic Ball Valve VEL-VLV-130 offers industry leading performance, low vibration levels, and optimized lifecycle costs. Complies with ISO 9001 and CE directives.",4419.33,$,24VDC,0.05 kW,50 Hz,N/A,20.6 kilograms,228x370x478mm,WCB Carbon Steel,IP66,36 Months Extended,Velan,France,Nordic Machinery Hub,ERP Master Data,https://docs.productiq-assets.com/specs/velan/vel-vlv-130.pdf,invalid-url-item
PID-10123,sick Pressure Transmitter SIC-SNS-674,Sick,Sensors,Pressure Transmitter,SIC-SNS-674,"*** SICK SPECIAL PROMO *** Model SIC-SNS-674. High reliability, certified quality. Suitable for power, water, oil&gas applications. Order now.",7848.19,EUR,4-20mA 24V,5 W,N/A,N/A,233.6 kg.,806 x 598 x 593 mm,Hastelloy,IP 67,36 Months Extended,Sick,United Kingdom,Global Electro Corp,OEM Technical Data Sheet,,https://www.industrial-supply-direct.com/item/sic-sns-674
PID-10124,TIMKEN PILLOW BLOCK BEARING TIM-BRG-384,Timken,Bearings,Pillow Block Bearing,TIM-BRG-384,<div><p>Industrial Bearings - TIM-BRG-384</p><span>Manufacturer: Timken</span><br>Standard spec with warranty: 36 Months Extended</div>,12960.86,EUR,N/A,N/A,N/A,8500 rpm,21.8 LBS,,Ceramic Hybrid,ZZ Shielded,36 Months Extended,Timken,Germany,Global Electro Corp,OEM Technical Data Sheet,https://docs.productiq-assets.com/specs/timken/tim-brg-384.pdf,https://www.industrial-supply-direct.com/item/tim-brg-384
PID-10125,Kaeser Centrifugal Turbo Compressor KAE-CMP-259 (110 kW),Kaeser,Compressors,Centrifugal Turbo Compressor,KAE-CMP-259,Heavy-duty industrial grade Centrifugal Turbo Compressor engineered by Kaeser. Designed for continuous continuous operation in harsh industrial environments with high thermal efficiency and rugged construction.,2130.14,$,400 V,22 kW,60 Hz,3000 rpm,77.6 g,,Heavy Gauge Steel Housing,IP54,1 Year Standard,Kaeser,Sweden,Apex Industrial Supplies,Supplier Price File 2024,https://docs.productiq-assets.com/specs/kaeser/kae-cmp-259.pdf,https://www.industrial-supply-direct.com/item/kae-cmp-259
PID-10126,Mitsubishi Electric MIT-CTL-467 - Programmable Logic Controller (PLC),Mitsubishi Electric,Control Systems,Programmable Logic Controller (PLC),MIT-CTL-467,"Compact and durable Programmable Logic Controller (PLC) with 22 kW rating, rated for 400 V 3PH networks.",12636.43,EUR,400 V 3PH,22 kW,50 Hz,N/A,195.6 lbs,"7.4"" x 25.3"" x 21.2""",Polycarbonate / Aluminum,IP20,,Mitsubishi Electric,Italy,Continental Drive Systems,Supplier Price File 2024,https://docs.productiq-assets.com/specs/mitsubishi_electric/mit-ctl-467.pdf,https://www.industrial-supply-direct.com/item/mit-ctl-467
PID-10127,Schneider Electric SCH-ELC-649 - Industrial Transformer,schneider electric,Electrical Components,Industrial Transformer,SCH-ELC-649,<div><p>Industrial Electrical Components - SCH-ELC-649</p><span>Manufacturer: schneider electric</span><br>Standard spec with warranty: 24 months</div>,1779.14,EUR,11 kV,,50/60 Hz,N/A,310.3 kg.,31.8x25.8x53.6 cm,DMC Polyester Glass,,24 months,schneider electric,France,Continental Drive Systems,Vendor Portal Upload,https://docs.productiq-assets.com/specs/schneider_electric/sch-elc-649.pdf,https://www.industrial-supply-direct.com/item/sch-elc-649
PID-10128,Euchner Interlock Switch EUC-SFT-982 (15 W),Euchner,Safety Equipment,Interlock Switch,EUC-SFT-982,"Compact and durable Interlock Switch with 15 W rating, rated for 24VDC networks.",13078.89,EUR,24VDC,15 W,50/60 Hz,N/A,202.4 g,30.5x31.9x62.0 cm,Reinforced Polymer,IP65,,Euchner,Finland,Precision Parts Direct,Vendor Portal Upload,https://docs.productiq-assets.com/specs/euchner/euc-sft-982.pdf,https://www.industrial-supply-direct.com/item/euc-sft-982
PID-10129,caterpillar Online Double-Conversion UPS CAT-PWR-891,caterpillar,Power Equipment,Online Double-Conversion UPS,CAT PWR 891,REDUNDANT RECORD: caterpillar CAT PWR 891 Power Equipment Online Double-Conversion UPS. Contact supplier Continental Drive Systems for spec sheet.,15302.75,GBP,230 V Single Phase,50 kVA,60 Hz,1500 RPM,369.6 g,L:121 W:306 H:772,Marine Grade Aluminum,IP23,24 months,caterpillar,Germany,Continental Drive Systems,OEM Technical Data Sheet,https://docs.productiq-assets.com/specs/caterpillar/cat pwr 891.pdf,https://www.industrial-supply-direct.com/item/cat pwr 891
PID-10130,ABB SERVO MOTOR ABB-MTR-384,ABB,Industrial Motors,,ABB-MTR-384,<div><p>Industrial Industrial Motors - ABB-MTR-384</p><span>Manufacturer: ABB</span><br>Standard spec with warranty: 1 Year Standard</div>,3134.7,USD,690 V,7.5KW,50 Hz,2950 RPM,129.8 kilograms,812x455x383mm,Stainless Steel,IP 55,1 Year Standard,ABB,Finland,Apex Industrial Supplies,Supplier Price File 2024,https://docs.productiq-assets.com/specs/abb/abb-mtr-384.pdf,https://www.industrial-supply-direct.com/item/abb-mtr-384
PID-10131,Flowserve FLO-PMP-786 - Submersible Slurry Pump,flowserve,Pumps,Submersible Slurry Pump,FLO-PMP-786,"Flowserve FLO-PMP-786 - Submersible Slurry Pump offers industry leading performance, low vibration levels, and optimized lifecycle costs. Complies with ISO 9001 and CE directives.",17337.61,€,24 V DC,11 kW,60 Hz,3500 rpm,307.5 LBS,,Bronze,IP 68,5 Years,flowserve,Switzerland,TechFlow Solutions,OEM Technical Data Sheet,https://docs.productiq-assets.com/specs/flowserve/flo-pmp-786.pdf,https://www.industrial-supply-direct.com/item/flo-pmp-786
PID-10132,Kitz Pneumatic Ball Valve KIT-VLV-723,Kitz,Valves,Pneumatic Ball Valve,KIT-VLV-723,Heavy-duty industrial grade Pneumatic Ball Valve engineered by Kitz. Designed for continuous continuous operation in harsh industrial environments with high thermal efficiency and rugged construction.,13529.48,EUR,None,,60 Hz,N/A,225.8 KG,595x371x311mm,WCB Carbon Steel,,,Kitz,Italy,Global Electro Corp,Vendor Portal Upload,https://docs.productiq-assets.com/specs/kitz/kit-vlv-723.pdf,invalid-url-item
PID-10133,yokogawa Vibration Sensor YOK-SNS-488,Yokogawa,Sensors,Vibration Sensor,YOK SNS 488,"yokogawa Vibration Sensor YOK-SNS-488 offers industry leading performance, low vibration levels, and optimized lifecycle costs. Complies with ISO 9001 and CE directives.",4179.94,USD,4-20mA 24V,0.01 kW,50/60 Hz,N/A,127.9 KG,"14.3"" x 6.1"" x 25.1""",PVDF,IP 67,36 Months Extended,Yokogawa,China,TechFlow Solutions,Distributor Catalog EU,https://docs.productiq-assets.com/specs/yokogawa/yok sns 488.pdf,https://www.industrial-supply-direct.com/item/yok sns 488
PID-10134,FAG Schaeffler Deep Groove Ball Bearing FAG-BRG-334 (N/A),FAG Schaeffler,Bearings,Deep Groove Ball Bearing,FAG-BRG-334,"*** FAG SCHAEFFLER SPECIAL PROMO *** Model FAG-BRG-334. High reliability, certified quality. Suitable for power, water, oil&gas applications. Order now.",7511.37,USD,,N/A,N/A,6000 RPM,156.0 KG,53.1x52.9x81.7 cm,Ceramic Hybrid,Open,,FAG Schaeffler,Japan,Nordic Machinery Hub,Supplier Price File 2024,https://docs.productiq-assets.com/specs/fag_schaeffler/fag-brg-334.pdf,https://www.industrial-supply-direct.com/item/fag-brg-334
PID-10135,atlas copco Reciprocating Air Compressor ATL-CMP-680,Atlas Copco,Compressors,Reciprocating Air Compressor,ATL CMP 680,"*** ATLAS COPCO SPECIAL PROMO *** Model ATL CMP 680. High reliability, certified quality. Suitable for power, water, oil&gas applications. Order now.",12177.3,USD,400 volts,110 kW,60 Hz,2950 RPM,241.5 kg.,714 x 356 x 675 mm,Acoustic Enclosure,IP54,1 Year Standard,Atlas Copco,Sweden,Apex Industrial Supplies,Distributor Catalog EU,https://docs.productiq-assets.com/specs/atlas_copco/atl cmp 680.pdf,https://www.industrial-supply-direct.com/item/atl cmp 680
PID-10136,mitsubishi electric Human Machine Interface (HMI) MIT-CTL-246,mitsubishi electric,Control Systems,Human Machine Interface (HMI),MIT-CTL-246,"Compact and durable Human Machine Interface (HMI) with 7.5 kW rating, rated for 24vdc networks.",4675.61,EUR,24vdc,7.5 kW,0-400 Hz Output,N/A,440.8 kg.,1145 x 599 x 893 mm,Industrial Thermoplastic,IP20,1 Year Standard,mitsubishi electric,Japan,Nordic Machinery Hub,Vendor Portal Upload,https://docs.productiq-assets.com/specs/mitsubishi_electric/mit-ctl-246.pdf,https://www.industrial-supply-direct.com/item/mit-ctl-246
PID-10137,legrand Surge Protection Device LEG-ELC-369,Legrand,Electrical Components,Surge Protection Device,LEG-ELC-369,<div><p>Industrial Electrical Components - LEG-ELC-369</p><span>Manufacturer: Legrand</span><br>Standard spec with warranty: 2 Years</div>,16625.05,€,11 kV,1600 A Rating,50 Hz,N/A,352.0 kg.,1166 x 561 x 523 mm,Thermoset Resin,IP54,2 Years,Legrand,Switzerland,Precision Parts Direct,Field Engineering Audit,https://docs.productiq-assets.com/specs/legrand/leg-elc-369.pdf,https://www.industrial-supply-direct.com/item/leg-elc-369
PID-10138,Banner Engineering Explosion Proof Beacon BAN-SFT-324,Banner Engineering,Safety Equipment,Explosion Proof Beacon,BAN-SFT-324,<div><p>Industrial Safety Equipment - BAN-SFT-324</p><span>Manufacturer: Banner Engineering</span><br>Standard spec with warranty: </div>,1816.83,EUR,24 V DC,0.02 kW,DC,N/A,59.1 LBS,15.8x13.5x77.9 cm,Flameproof Aluminum,IP65,,Banner Engineering,United Kingdom,Continental Drive Systems,Supplier Price File 2024,https://docs.productiq-assets.com/specs/banner_engineering/ban-sft-324.pdf,https://www.industrial-supply-direct.com/item/ban-sft-324
PID-10139,caterpillar Industrial Diesel Generator CAT-PWR-256,Caterpillar,Power Equipment,Industrial Diesel Generator,CAT-PWR-256,Heavy-duty industrial grade Industrial Diesel Generator engineered by Caterpillar. Designed for continuous continuous operation in harsh industrial environments with high thermal efficiency and rugged construction.,14684.66,USD,480 V,1200 kW,50/60 Hz,1800 rpm,2.5 kilograms,379 x 452 x 393 mm,Acoustic Heavy Steel,IP65 Enclosure,5 Years,Caterpillar,United Kingdom,TechFlow Solutions,Supplier Price File 2024,https://docs.productiq-assets.com/specs/caterpillar/cat-pwr-256.pdf,https://www.industrial-supply-direct.com/item/cat-pwr-256
PID-10140,Baldor-Reliance BAL-MTR-165 - DC Traction Motor,Baldor-Reliance,Industrial Motors,DC Traction Motor,BAL MTR 165,"*** BALDOR-RELIANCE SPECIAL PROMO *** Model BAL MTR 165. High reliability, certified quality. Suitable for power, water, oil&gas applications. Order now.",11084.55,EUR,230/400V,7.5 kW,50hz,3000 RPM,233.7 kilograms,65.6x39.1x76.4 cm,Aluminum,IP 55,1 Year Standard,Baldor-Reliance,United States,Global Electro Corp,OEM Technical Data Sheet,https://docs.productiq-assets.com/specs/baldor-reliance/bal mtr 165.pdf,https://www.industrial-supply-direct.com/item/bal mtr 165
PID-10141,Sulzer SUL-PMP-357 - Multistage High-Pressure Pump,Sulzer,Pumps,Multistage High-Pressure Pump,SUL-PMP-357,<div><p>Industrial Pumps - SUL-PMP-357</p><span>Manufacturer: Sulzer</span><br>Standard spec with warranty: 24 months</div>,12633.2,EUR,230 V,3.7 kW,50 Hz,2900 RPM,9.1 KG,738 x 610 x 480 mm,Stainless Steel 316,IP 68,24 months,Sulzer,Sweden,Apex Industrial Supplies,Distributor Catalog EU,https://docs.productiq-assets.com/specs/sulzer/sul-pmp-357.pdf,invalid-url-item
PID-10142,Emerson Fisher Check Valve EME-VLV-868 (N/A),Emerson Fisher,Valves,Check Valve,EME-VLV-868,"Emerson Fisher Check Valve EME-VLV-868 (N/A) offers industry leading performance, low vibration levels, and optimized lifecycle costs. Complies with ISO 9001 and CE directives.",13622.75,€,,,50 Hz,,176.6 kg.,,WCB Carbon Steel,IP66,36 Months Extended,Emerson Fisher,United States,TechFlow Solutions,Vendor Portal Upload,https://docs.productiq-assets.com/specs/emerson_fisher/eme-vlv-868.pdf,https://www.industrial-supply-direct.com/item/eme-vlv-868
PID-10143,Endress+Hauser Electromagnetic Flowmeter END-SNS-545,Endress+Hauser,Sensors,Electromagnetic Flowmeter,END-SNS-545,"*** ENDRESS+HAUSER SPECIAL PROMO *** Model END-SNS-545. High reliability, certified quality. Suitable for power, water, oil&gas applications. Order now.",230.21,USD,,< 3W,N/A,N/A,113.8 lbs,,Hastelloy,,5 Years,Endress+Hauser,China,Apex Industrial Supplies,OEM Technical Data Sheet,https://docs.productiq-assets.com/specs/endress+hauser/end-sns-545.pdf,https://www.industrial-supply-direct.com/item/end-sns-545
PID-10144,Koyo KOY-BRG-612 - Tapered Roller Bearing,Koyo,Bearings,Tapered Roller Bearing,KOY-BRG-612,REDUNDANT RECORD: Koyo KOY-BRG-612 Bearings Tapered Roller Bearing. Contact supplier Apex Industrial Supplies for spec sheet.,16124.02,€,N/A,,N/A,4500 max RPM,87.4 KG,L:762 W:579 H:381,Stainless Steel 440C,Open,,Koyo,Sweden,Apex Industrial Supplies,Vendor Portal Upload,https://docs.productiq-assets.com/specs/koyo/koy-brg-612.pdf,https://www.industrial-supply-direct.com/item/koy-brg-612
PID-10145,Kaeser High Performance Vane Compressor KAE-CMP-723,Kaeser,Compressors,Vane Compressor,KAE-CMP-723,"*** KAESER SPECIAL PROMO *** Model KAE-CMP-723. High reliability, certified quality. Suitable for power, water, oil&gas applications. Order now.",7011.32,USD,400V 50Hz,110 kW,50 Hz,2950 RPM,308.2 kilograms,679 x 430 x 519 mm,Cast Iron Block,IP65,12 Months,Kaeser,United States,Apex Industrial Supplies,Vendor Portal Upload,https://docs.productiq-assets.com/specs/kaeser/kae-cmp-723.pdf,invalid-url-item
PID-10146,Rockwell Allen-Bradley Safety Relay ROC-CTL-897,Rockwell Allen-Bradley,Control Systems,Safety Relay,ROC CTL 897,<div><p>Industrial Control Systems - ROC CTL 897</p><span>Manufacturer: Rockwell Allen-Bradley</span><br>Standard spec with warranty: </div>,11140.63,GBP,24 V DC,30 W,50 Hz,N/A,38.3 kilograms,"33.0"" x 26.4"" x 33.9""",Polycarbonate / Aluminum,IP20 / NEMA 1,,Rockwell Allen-Bradley,Germany,Continental Drive Systems,ERP Master Data,https://docs.productiq-assets.com/specs/rockwell_allen-bradley/roc ctl 897.pdf,https://www.industrial-supply-direct.com/item/roc ctl 897
PID-10147,Siemens High Performance Air Circuit Breaker (ACB) SIE-ELC-214,siemens,Electrical Components,Air Circuit Breaker (ACB),SIE-ELC-214,"*** SIEMENS SPECIAL PROMO *** Model SIE-ELC-214. High reliability, certified quality. Suitable for power, water, oil&gas applications. Order now.",4351.99,GBP,1000 V,250 kVA,50/60 Hz,N/A,288.3 kg.,L:974 W:206 H:270,Silver Alloy Contacts,IP54,1 Year Standard,siemens,Italy,Precision Parts Direct,Vendor Portal Upload,https://docs.productiq-assets.com/specs/siemens/sie-elc-214.pdf,https://www.industrial-supply-direct.com/item/sie-elc-214
PID-10148,Sick High Performance Interlock Switch SIC-SFT-180,Sick,Safety Equipment,Interlock Switch,SIC-SFT-180,"*** SICK SPECIAL PROMO *** Model SIC-SFT-180. High reliability, certified quality. Suitable for power, water, oil&gas applications. Order now.",15124.03,€,Battery / 3.6V,5 W,50/60 Hz,N/A,,,Flameproof Aluminum,IP65,2 Years,Sick,Germany,TechFlow Solutions,ERP Master Data,https://docs.productiq-assets.com/specs/sick/sic-sft-180.pdf,https://www.industrial-supply-direct.com/item/sic-sft-180
PID-10149,sma solar Online Double-Conversion UPS SMA-PWR-231,SMA Solar,Power Equipment,Online Double-Conversion UPS,SMA-PWR-231,REDUNDANT RECORD: SMA Solar SMA-PWR-231 Power Equipment Online Double-Conversion UPS. Contact supplier Apex Industrial Supplies for spec sheet.,17524.67,$,230 V Single Phase,1200 kW,50/60 Hz,1500 RPM,43.6 lbs,"21.5"" x 7.0"" x 33.1""",Galvanized Steel Weatherproof,IP23,2 Years,SMA Solar,Finland,Apex Industrial Supplies,Supplier Price File 2024,https://docs.productiq-assets.com/specs/sma_solar/sma-pwr-231.pdf,invalid-url-item
PID-10150,Vertiv Liebert Industrial Diesel Generator VER-PWR-1916,Vertiv Liebert,Power Equipment,Industrial Diesel Generator,VER-PWR-1916,REDUNDANT RECORD: Vertiv Liebert VER-PWR-1916 Power Equipment Industrial Diesel Generator. Contact supplier Nordic Machinery Hub for spec sheet.,8405.75,USD,11 kV,1500 kVA,60 Hz,1800 rpm,20.9 LBS,769 x 614 x 814 mm,Galvanized Steel Weatherproof,IP23,5 Years,Vertiv Liebert,France,Nordic Machinery Hub,Field Engineering Audit,https://docs.productiq-assets.com/specs/vertiv_liebert/ver-pwr-1916.pdf,https://www.industrial-supply-direct.com/item/ver-pwr-1916
PID-10151,Schneider Electric Human Machine Interface (HMI) SCH-CTL-3425,Schneider Electric,Control Systems,Human Machine Interface (HMI),SCH-CTL-3425,REDUNDANT RECORD: Schneider Electric SCH-CTL-3425 Control Systems Human Machine Interface (HMI). Contact supplier Precision Parts Direct for spec sheet.,2059.07,€,400 V 3PH,1.5 kW,50 Hz,N/A,179.4 LBS,,Industrial Thermoplastic,ip20,,Schneider Electric,Italy,Precision Parts Direct,Supplier Price File 2024,,https://www.industrial-supply-direct.com/item/sch-ctl-3425
PID-10152,Schneider Electric Variable Frequency Drive (VFD) SCH-CTL-4120,Schneider Electric,Control Systems,Variable Frequency Drive (VFD),SCH-CTL-4120,<div><p>Industrial Control Systems - SCH-CTL-4120</p><span>Manufacturer: Schneider Electric</span><br>Standard spec with warranty: 36 Months Extended</div>,14287.57,EUR,400 V 3PH,7.5 kW,50/60 Hz,N/A,309.2 KG,,Industrial Thermoplastic,IP65 Bezel,36 Months Extended,Schneider Electric,Japan,Apex Industrial Supplies,OEM Technical Data Sheet,https://docs.productiq-assets.com/specs/schneider_electric/sch-ctl-4120.pdf,https://www.industrial-supply-direct.com/item/sch-ctl-4120
PID-10153,Siemens Air Circuit Breaker (ACB) SIE-ELC-6437,Siemens,Electrical Components,,SIE-ELC-6437,"Compact and durable Electrical Components with 100 kVA rating, rated for 415 VAC networks.",12951.4,USD,415 VAC,100 kVA,50 Hz,N/A,116.8 kg,655 x 154 x 576 mm,Silver Alloy Contacts,IP30,12 Months,Siemens,Japan,Precision Parts Direct,Supplier Price File 2024,https://docs.productiq-assets.com/specs/siemens/sie-elc-6437.pdf,https://www.industrial-supply-direct.com/item/sie-elc-6437
PID-10154,Koyo Cylindrical Roller Bearing KOY-BRG-4787,Koyo,Bearings,,KOY-BRG-4787,"Compact and durable Bearings with standard power rating, rated for N/A networks.",21701.1,$,N/A,,N/A,4500 max RPM,221.7 g,81.0x80.0x46.0 cm,High Carbon Chrome Steel 100Cr6,2RS Sealed,2 Years,Koyo,Japan,Apex Industrial Supplies,Vendor Portal Upload,https://docs.productiq-assets.com/specs/koyo/koy-brg-4787.pdf,https://www.industrial-supply-direct.com/item/koy-brg-4787
PID-10155,Nidec Explosion-Proof Motor NID-MTR-4695,Nidec,Industrial Motors,Explosion-Proof Motor,NID-MTR-4695,REDUNDANT RECORD: Nidec NID-MTR-4695 Industrial Motors Explosion-Proof Motor. Contact supplier Precision Parts Direct for spec sheet.,21540.95,EUR,690 V,15000 W,50Hz,1450 RPM,95.0 KG,L:514 W:241 H:416,Aluminum,IP 55,2 Years,Nidec,Sweden,Precision Parts Direct,Supplier Price File 2024,https://docs.productiq-assets.com/specs/nidec/nid-mtr-4695.pdf,https://www.industrial-supply-direct.com/item/nid-mtr-4695
PID-10156,Honeywell Analytics Safety Light Curtain HON-SFT-4016,Honeywell Analytics,Safety Equipment,Safety Light Curtain,HON-SFT-4016,Heavy-duty industrial grade Safety Light Curtain engineered by Honeywell Analytics. Designed for continuous continuous operation in harsh industrial environments with high thermal efficiency and rugged construction.,17473.11,USD,24VDC,15 W,50/60 Hz,N/A,61.4 kg,L:646 W:720 H:680,Reinforced Polymer,IP66,2 Years,Honeywell Analytics,Germany,TechFlow Solutions,OEM Technical Data Sheet,https://docs.productiq-assets.com/specs/honeywell_analytics/hon-sft-4016.pdf,https://www.industrial-supply-direct.com/item/hon-sft-4016
PID-10157,Honeywell Analytics Gas Detection Monitor HON-SFT-7126,Honeywell Analytics,Safety Equipment,Gas Detection Monitor,HON-SFT-7126,REDUNDANT RECORD: Honeywell Analytics HON-SFT-7126 Safety Equipment Gas Detection Monitor. Contact supplier Apex Industrial Supplies for spec sheet.,11837.92,EUR,Battery / 3.6V,,DC,N/A,341.6 kg,"39.3"" x 28.8"" x 23.7""",Anodized Aluminum,,2 Years,Honeywell Analytics,France,Apex Industrial Supplies,Supplier Price File 2024,https://docs.productiq-assets.com/specs/honeywell_analytics/hon-sft-7126.pdf,https://www.industrial-supply-direct.com/item/hon-sft-7126
PID-10158,Sullair Vane Compressor SUL-CMP-9784,Sullair,Compressors,Vane Compressor,SUL-CMP-9784,"Sullair Vane Compressor SUL-CMP-9784 offers industry leading performance, low vibration levels, and optimized lifecycle costs. Complies with ISO 9001 and CE directives.",2699.3,EUR,400 volts,,60 Hz,2950 RPM,132.8 lbs,L:685 W:572 H:270,Acoustic Enclosure,IP54,12 Months,Sullair,China,Global Electro Corp,Field Engineering Audit,https://docs.productiq-assets.com/specs/sullair/sul-cmp-9784.pdf,https://www.industrial-supply-direct.com/item/sul-cmp-9784
PID-10159,Pilz Emergency Stop Rope Pull PIL-SFT-9952,Pilz,Safety Equipment,Emergency Stop Rope Pull,PIL-SFT-9952,REDUNDANT RECORD: Pilz PIL-SFT-9952 Safety Equipment Emergency Stop Rope Pull. Contact supplier Precision Parts Direct for spec sheet.,9975.27,EUR,Battery / 3.6V,10 W,50/60 Hz,N/A,358.9 g,28.6x21.6x82.3 cm,Reinforced Polymer,IP69K,12 Months,Pilz,France,Precision Parts Direct,Vendor Portal Upload,https://docs.productiq-assets.com/specs/pilz/pil-sft-9952.pdf,https://www.industrial-supply-direct.com/item/pil-sft-9952
PID-10160,Banner Engineering Safety Light Curtain BAN-SFT-3799,Banner Engineering,Safety Equipment,Safety Light Curtain,BAN-SFT-3799,REDUNDANT RECORD: Banner Engineering BAN-SFT-3799 Safety Equipment Safety Light Curtain. Contact supplier Global Electro Corp for spec sheet.,3962.2,EUR,24VDC,15 W,DC,N/A,4.1 kilograms,1039 x 609 x 610 mm,Reinforced Polymer,IP67,36 Months Extended,Banner Engineering,Switzerland,Global Electro Corp,Supplier Price File 2024,https://docs.productiq-assets.com/specs/banner_engineering/ban-sft-3799.pdf,https://www.industrial-supply-direct.com/item/ban-sft-3799
PID-10161,Schneider Electric Surge Protection Device SCH-ELC-1107,Schneider Electric,Electrical Components,Surge Protection Device,SCH-ELC-1107,REDUNDANT RECORD: Schneider Electric SCH-ELC-1107 Electrical Components Surge Protection Device. Contact supplier Continental Drive Systems for spec sheet.,6736.07,$,230/400V,,60 Hz,N/A,,L:953 W:282 H:265,DMC Polyester Glass,IP40,5 Years,Schneider Electric,Finland,Continental Drive Systems,Field Engineering Audit,https://docs.productiq-assets.com/specs/schneider_electric/sch-elc-1107.pdf,https://www.industrial-supply-direct.com/item/sch-elc-1107
PID-10162,Schneider Galaxy Industrial Diesel Generator SCH-PWR-2525,Schneider Galaxy,Power Equipment,Industrial Diesel Generator,SCH-PWR-2525,REDUNDANT RECORD: Schneider Galaxy SCH-PWR-2525 Power Equipment Industrial Diesel Generator. Contact supplier Nordic Machinery Hub for spec sheet.,7805.28,EUR,11 kV,1500 kVA,60 Hz,1500 RPM,313.9 LBS,L:1183 W:189 H:595,Marine Grade Aluminum,,,Schneider Galaxy,Japan,Nordic Machinery Hub,Field Engineering Audit,https://docs.productiq-assets.com/specs/schneider_galaxy/sch-pwr-2525.pdf,https://www.industrial-supply-direct.com/item/sch-pwr-2525
PID-10163,SMA Solar Solar Inverter Grid-Tied SMA-PWR-3125,SMA Solar,Power Equipment,Solar Inverter Grid-Tied,SMA-PWR-3125,"Compact and durable Solar Inverter Grid-Tied with 50 kVA rating, rated for 400/230V 50Hz networks.",11956.33,€,400/230V 50Hz,50 kVA,50/60 Hz,N/A,282.4 kg,52.4x73.0x52.4 cm,Acoustic Heavy Steel,IP20,24 months,SMA Solar,Switzerland,Apex Industrial Supplies,Vendor Portal Upload,https://docs.productiq-assets.com/specs/sma_solar/sma-pwr-3125.pdf,https://www.industrial-supply-direct.com/item/sma-pwr-3125
PID-10164,Flowserve Positive Displacement Pump FLO-PMP-9301,Flowserve,Pumps,Positive Displacement Pump,FLO-PMP-9301,Heavy-duty industrial grade Positive Displacement Pump engineered by Flowserve. Designed for continuous continuous operation in harsh industrial environments with high thermal efficiency and rugged construction.,18428.58,EUR,415V,3.7 kW,50 Hz,3500 rpm,216.9 lbs,L:378 W:593 H:259,Bronze,IP66,24 months,Flowserve,France,Precision Parts Direct,Supplier Price File 2024,https://docs.productiq-assets.com/specs/flowserve/flo-pmp-9301.pdf,https://www.industrial-supply-direct.com/item/flo-pmp-9301
PID-10165,Boge Vane Compressor BOG-CMP-1306,Boge,Compressors,Vane Compressor,BOG-CMP-1306,<div><p>Industrial Compressors - BOG-CMP-1306</p><span>Manufacturer: Boge</span><br>Standard spec with warranty: 1 Year Standard</div>,16478.57,EUR,400 volts,110 kW,60 Hz,2950 RPM,268.8 kilograms,,Cast Iron Block,IP54,1 Year Standard,Boge,United Kingdom,Global Electro Corp,Distributor Catalog EU,https://docs.productiq-assets.com/specs/boge/bog-cmp-1306.pdf,https://www.industrial-supply-direct.com/item/bog-cmp-1306
PID-10166,Sick Electromagnetic Flowmeter SIC-SNS-3867,Sick,Sensors,Electromagnetic Flowmeter,SIC-SNS-3867,"Compact and durable Electromagnetic Flowmeter with 2 W rating, rated for 24V DC networks.",18856.94,$,24V DC,2 W,DC,N/A,349.6 KG,301x628x792mm,316L SS,ip67,5 Years,Sick,United Kingdom,Nordic Machinery Hub,Distributor Catalog EU,https://docs.productiq-assets.com/specs/sick/sic-sns-3867.pdf,https://www.industrial-supply-direct.com/item/sic-sns-3867
PID-10167,SKF Pillow Block Bearing SKF-BRG-2426,SKF,Bearings,Pillow Block Bearing,SKF-BRG-2426,"*** SKF SPECIAL PROMO *** Model SKF-BRG-2426. High reliability, certified quality. Suitable for power, water, oil&gas applications. Order now.",21349.88,GBP,,,N/A,3200 RPM,199.9 kg,,Ceramic Hybrid,N/A,36 Months Extended,SKF,China,Apex Industrial Supplies,Vendor Portal Upload,https://docs.productiq-assets.com/specs/skf/skf-brg-2426.pdf,https://www.industrial-supply-direct.com/item/skf-brg-2426
PID-10168,NSK Tapered Roller Bearing NSK-BRG-5011,NSK,Bearings,Tapered Roller Bearing,NSK-BRG-5011,"NSK Tapered Roller Bearing NSK-BRG-5011 offers industry leading performance, low vibration levels, and optimized lifecycle costs. Complies with ISO 9001 and CE directives.",7531.59,EUR,N/A,,N/A,8500 rpm,269.3 LBS,1013x731x464mm,High Carbon Chrome Steel 100Cr6,,5 Years,NSK,China,Apex Industrial Supplies,Field Engineering Audit,https://docs.productiq-assets.com/specs/nsk/nsk-brg-5011.pdf,https://www.industrial-supply-direct.com/item/nsk-brg-5011
PID-10169,Schneider Electric Industrial Transformer SCH-ELC-6085,Schneider Electric,Electrical Components,Industrial Transformer,SCH-ELC-6085,"Schneider Electric Industrial Transformer SCH-ELC-6085 offers industry leading performance, low vibration levels, and optimized lifecycle costs. Complies with ISO 9001 and CE directives.",5625.97,USD,11 kV,630 A Rating,50 Hz,N/A,31.8 kg,L:1044 W:274 H:389,Thermoset Resin,IP20,36 Months Extended,Schneider Electric,China,Apex Industrial Supplies,OEM Technical Data Sheet,https://docs.productiq-assets.com/specs/schneider_electric/sch-elc-6085.pdf,https://www.industrial-supply-direct.com/item/sch-elc-6085
PID-10170,Boge Rotary Screw Compressor BOG-CMP-5949,Boge,Compressors,Rotary Screw Compressor,BOG-CMP-5949,REDUNDANT RECORD: Boge BOG-CMP-5949 Compressors Rotary Screw Compressor. Contact supplier Continental Drive Systems for spec sheet.,14207.67,€,3.3 kV,,50 Hz,1480 RPM,256.3 kg.,L:583 W:277 H:778,Acoustic Enclosure,IP54,,Boge,United States,Continental Drive Systems,Supplier Price File 2024,https://docs.productiq-assets.com/specs/boge/bog-cmp-5949.pdf,https://www.industrial-supply-direct.com/item/bog-cmp-5949
PID-10171,ABB Vacuum Contactor ABB-ELC-7648,ABB,Electrical Components,Vacuum Contactor,ABB-ELC-7648,<div><p>Industrial Electrical Components - ABB-ELC-7648</p><span>Manufacturer: ABB</span><br>Standard spec with warranty: 1 Year Standard</div>,2685.63,GBP,230/400V,N/A,60 Hz,N/A,2.6 KG,L:1027 W:644 H:398,Thermoset Resin,IP20,1 Year Standard,ABB,Switzerland,Precision Parts Direct,OEM Technical Data Sheet,https://docs.productiq-assets.com/specs/abb/abb-elc-7648.pdf,https://www.industrial-supply-direct.com/item/abb-elc-7648
PID-10172,Timken Tapered Roller Bearing TIM-BRG-2462,Timken,Bearings,Tapered Roller Bearing,TIM-BRG-2462,"*** TIMKEN SPECIAL PROMO *** Model TIM-BRG-2462. High reliability, certified quality. Suitable for power, water, oil&gas applications. Order now.",20356.23,USD,,N/A,N/A,4500 max RPM,107.8 g,L:751 W:491 H:515,Ceramic Hybrid,ZZ Shielded,2 Years,Timken,Sweden,Nordic Machinery Hub,Field Engineering Audit,https://docs.productiq-assets.com/specs/timken/tim-brg-2462.pdf,https://www.industrial-supply-direct.com/item/tim-brg-2462
PID-10173,Sullair Reciprocating Air Compressor SUL-CMP-5726,Sullair,Compressors,Reciprocating Air Compressor,SUL-CMP-5726,"Sullair Reciprocating Air Compressor SUL-CMP-5726 offers industry leading performance, low vibration levels, and optimized lifecycle costs. Complies with ISO 9001 and CE directives.",362.48,GBP,400V 50Hz,75 kW,50 Hz,2950 RPM,313.7 lbs,"40.6"" x 24.4"" x 21.0""",Cast Iron Block,IP65,1 Year Standard,Sullair,Switzerland,Global Electro Corp,ERP Master Data,https://docs.productiq-assets.com/specs/sullair/sul-cmp-5726.pdf,https://www.industrial-supply-direct.com/item/sul-cmp-5726
PID-10174,Honeywell RTD Temp Sensor HON-SNS-5411,Honeywell,Sensors,RTD Temp Sensor,HON-SNS-5411,"Compact and durable RTD Temp Sensor with < 3W rating, rated for 4-20mA 24V networks.",13868.47,GBP,4-20mA 24V,< 3W,DC,N/A,442.7 kilograms,1158 x 180 x 635 mm,Titanium,IP 67,2 Years,Honeywell,United States,Precision Parts Direct,Supplier Price File 2024,https://docs.productiq-assets.com/specs/honeywell/hon-sns-5411.pdf,https://www.industrial-supply-direct.com/item/hon-sns-5411
PID-10175,Caterpillar Solar Inverter Grid-Tied CAT-PWR-9765,Caterpillar,Power Equipment,Solar Inverter Grid-Tied,CAT-PWR-9765,<div><p>Industrial Power Equipment - CAT-PWR-9765</p><span>Manufacturer: Caterpillar</span><br>Standard spec with warranty: </div>,11298.0,$,400 V 3-Phase,1500 kVA,50/60 Hz,1800 rpm,327.8 LBS,106.9x69.2x27.3 cm,Acoustic Heavy Steel,IP65 Enclosure,,Caterpillar,Finland,Apex Industrial Supplies,Field Engineering Audit,https://docs.productiq-assets.com/specs/caterpillar/cat-pwr-9765.pdf,https://www.industrial-supply-direct.com/item/cat-pwr-9765
PID-10176,Flowserve Positive Displacement Pump FLO-PMP-3171,Flowserve,Pumps,Positive Displacement Pump,FLO-PMP-3171,"Flowserve Positive Displacement Pump FLO-PMP-3171 offers industry leading performance, low vibration levels, and optimized lifecycle costs. Complies with ISO 9001 and CE directives.",6666.82,EUR,415V,3.7 kW,60 Hz,2900 RPM,219.5 kilograms,L:167 W:451 H:186,Cast Iron GG25,IP68,,Flowserve,United Kingdom,Nordic Machinery Hub,OEM Technical Data Sheet,https://docs.productiq-assets.com/specs/flowserve/flo-pmp-3171.pdf,https://www.industrial-supply-direct.com/item/flo-pmp-3171
PID-10177,Samson Check Valve SAM-VLV-6653,Samson,Valves,Check Valve,SAM-VLV-6653,"Compact and durable Check Valve with 0.05 kW rating, rated for None networks.",6408.02,EUR,None,0.05 kW,N/A,N/A,177.1 kg.,"39.0"" x 4.4"" x 15.6""",Hastelloy C,IP65,1 Year Standard,Samson,Italy,Continental Drive Systems,Field Engineering Audit,https://docs.productiq-assets.com/specs/samson/sam-vlv-6653.pdf,https://www.industrial-supply-direct.com/item/sam-vlv-6653
PID-10178,Pepperl+Fuchs Explosion Proof Beacon PEP-SFT-8074,Pepperl+Fuchs,Safety Equipment,Explosion Proof Beacon,PEP-SFT-8074,"Compact and durable Explosion Proof Beacon with 15 W rating, rated for 110-230 VAC networks.",6549.85,EUR,110-230 VAC,15 W,DC,N/A,311.4 KG,121 x 788 x 108 mm,Reinforced Polymer,Ex d IIC T6,1 Year Standard,Pepperl+Fuchs,China,Apex Industrial Supplies,Distributor Catalog EU,https://docs.productiq-assets.com/specs/pepperl+fuchs/pep-sft-8074.pdf,https://www.industrial-supply-direct.com/item/pep-sft-8074
PID-10179,FAG Schaeffler Spherical Roller Bearing FAG-BRG-1557,FAG Schaeffler,Bearings,Spherical Roller Bearing,FAG-BRG-1557,"*** FAG SCHAEFFLER SPECIAL PROMO *** Model FAG-BRG-1557. High reliability, certified quality. Suitable for power, water, oil&gas applications. Order now.",1445.33,USD,N/A,N/A,N/A,4500 max RPM,313.8 kg.,25.5x75.4x56.4 cm,High Carbon Chrome Steel 100Cr6,N/A,,FAG Schaeffler,Italy,TechFlow Solutions,Supplier Price File 2024,https://docs.productiq-assets.com/specs/fag_schaeffler/fag-brg-1557.pdf,https://www.industrial-supply-direct.com/item/fag-brg-1557
PID-10180,Baldor-Reliance Servo Motor BAL-MTR-6450,Baldor-Reliance,Industrial Motors,Servo Motor,BAL-MTR-6450,Heavy-duty industrial grade Servo Motor engineered by Baldor-Reliance. Designed for continuous continuous operation in harsh industrial environments with high thermal efficiency and rugged construction.,22938.31,GBP,0.4 kV,15 kW,60 Hz,1500 rpm,195.5 LBS,,Cast Iron,,12 Months,Baldor-Reliance,Japan,Nordic Machinery Hub,Vendor Portal Upload,https://docs.productiq-assets.com/specs/baldor-reliance/bal-mtr-6450.pdf,https://www.industrial-supply-direct.com/item/bal-mtr-6450
PID-10181,ABB Servo Motor ABB-MTR-5365,ABB,Industrial Motors,Servo Motor,ABB-MTR-5365,Heavy-duty industrial grade Servo Motor engineered by ABB. Designed for continuous continuous operation in harsh industrial environments with high thermal efficiency and rugged construction.,21718.93,,690 V,15000 W,50hz,1450 RPM,429.5 kilograms,34.8x68.0x64.8 cm,Ductile Iron,,24 months,ABB,Japan,Nordic Machinery Hub,Field Engineering Audit,https://docs.productiq-assets.com/specs/abb/abb-mtr-5365.pdf,https://www.industrial-supply-direct.com/item/abb-mtr-5365
PID-10182,Flowserve Multistage High-Pressure Pump FLO-PMP-6571,Flowserve,Pumps,Multistage High-Pressure Pump,FLO-PMP-6571,"Flowserve Multistage High-Pressure Pump FLO-PMP-6571 offers industry leading performance, low vibration levels, and optimized lifecycle costs. Complies with ISO 9001 and CE directives.",18271.24,EUR,400v,5.5 kW,60 Hz,3500 rpm,163.3 kg,,Cast Iron GG25,IP55,12 Months,Flowserve,Finland,Global Electro Corp,Field Engineering Audit,https://docs.productiq-assets.com/specs/flowserve/flo-pmp-6571.pdf,https://www.industrial-supply-direct.com/item/flo-pmp-6571
PID-10183,Timken Pillow Block Bearing TIM-BRG-8361,Timken,Bearings,Pillow Block Bearing,TIM-BRG-8361,"Compact and durable Pillow Block Bearing with N/A rating, rated for N/A networks.",8199.0,EUR,N/A,N/A,N/A,4500 max RPM,,,High Carbon Chrome Steel 100Cr6,Open,36 Months Extended,Timken,Switzerland,Precision Parts Direct,Distributor Catalog EU,https://docs.productiq-assets.com/specs/timken/tim-brg-8361.pdf,https://www.industrial-supply-direct.com/item/tim-brg-8361
PID-10184,WEG Three-Phase Induction Motor WEG-MTR-8474,WEG,Industrial Motors,Three-Phase Induction Motor,WEG-MTR-8474,<div><p>Industrial Industrial Motors - WEG-MTR-8474</p><span>Manufacturer: WEG</span><br>Standard spec with warranty: 2 Years</div>,20062.45,EUR,400 volts,,50 Hz,1450 RPM,306.1 kg.,L:381 W:429 H:318,Ductile Iron,IP56,2 Years,WEG,United States,Apex Industrial Supplies,ERP Master Data,https://docs.productiq-assets.com/specs/weg/weg-mtr-8474.pdf,https://www.industrial-supply-direct.com/item/weg-mtr-8474
PID-10185,Boge Reciprocating Air Compressor BOG-CMP-8187,Boge,Compressors,,BOG-CMP-8187,"*** BOGE SPECIAL PROMO *** Model BOG-CMP-8187. High reliability, certified quality. Suitable for power, water, oil&gas applications. Order now.",1058.31,EUR,,110 kW,50 Hz,1480 RPM,268.2 kg.,107.4x22.9x31.1 cm,Cast Iron Block,IP65,36 Months Extended,Boge,France,Global Electro Corp,Supplier Price File 2024,https://docs.productiq-assets.com/specs/boge/bog-cmp-8187.pdf,invalid-url-item
PID-10186,Kitz High-Pressure Gate Valve KIT-VLV-2442,Kitz,Valves,High-Pressure Gate Valve,KIT-VLV-2442,"*** KITZ SPECIAL PROMO *** Model KIT-VLV-2442. High reliability, certified quality. Suitable for power, water, oil&gas applications. Order now.",10100.26,EUR,230 V AC,N/A,50 Hz,N/A,126.2 KG,405 x 585 x 609 mm,CF8M Stainless,IP67,12 Months,Kitz,Italy,TechFlow Solutions,Field Engineering Audit,https://docs.productiq-assets.com/specs/kitz/kit-vlv-2442.pdf,https://www.industrial-supply-direct.com/item/kit-vlv-2442
PID-10187,Schneider Electric Air Circuit Breaker (ACB) SCH-ELC-1859,Schneider Electric,Electrical Components,Air Circuit Breaker (ACB),SCH-ELC-1859,REDUNDANT RECORD: Schneider Electric SCH-ELC-1859 Electrical Components Air Circuit Breaker (ACB). Contact supplier Nordic Machinery Hub for spec sheet.,3864.66,$,690 V,1600 A Rating,50 Hz,N/A,105.5 kg,300x342x855mm,DMC Polyester Glass,IP40,1 Year Standard,Schneider Electric,United States,Nordic Machinery Hub,OEM Technical Data Sheet,https://docs.productiq-assets.com/specs/schneider_electric/sch-elc-1859.pdf,https://www.industrial-supply-direct.com/item/sch-elc-1859
PID-10188,Samson Check Valve SAM-VLV-8454,Samson,Valves,Check Valve,SAM-VLV-8454,Heavy-duty industrial grade Check Valve engineered by Samson. Designed for continuous continuous operation in harsh industrial environments with high thermal efficiency and rugged construction.,9016.9,€,110 VAC,50 W,,N/A,189.7 kilograms,L:704 W:718 H:260,Forged Steel A105,NEMA 4X,2 Years,Samson,China,Global Electro Corp,Vendor Portal Upload,https://docs.productiq-assets.com/specs/samson/sam-vlv-8454.pdf,https://www.industrial-supply-direct.com/item/sam-vlv-8454
PID-10189,Sick Vibration Sensor SIC-SNS-8581,Sick,Sensors,Vibration Sensor,SIC-SNS-8581,"Sick Vibration Sensor SIC-SNS-8581 offers industry leading performance, low vibration levels, and optimized lifecycle costs. Complies with ISO 9001 and CE directives.",17543.37,€,24 V DC,0.01 kW,N/A,N/A,441.1 kg,"44.6"" x 5.3"" x 21.1""",PVDF,IP68,,Sick,United States,Nordic Machinery Hub,Field Engineering Audit,https://docs.productiq-assets.com/specs/sick/sic-sns-8581.pdf,https://www.industrial-supply-direct.com/item/sic-sns-8581
PID-10190,SEW-Eurodrive Servo Motor SEW-MTR-4571,SEW-Eurodrive,Industrial Motors,Servo Motor,SEW-MTR-4571,"Compact and durable Servo Motor with 15000 W rating, rated for 690 V networks.",7158.83,EUR,690 V,15000 W,50 Hz,1450 RPM,393.7 lbs,858 x 741 x 575 mm,Stainless Steel,,,SEW-Eurodrive,United States,Nordic Machinery Hub,Field Engineering Audit,https://docs.productiq-assets.com/specs/sew-eurodrive/sew-mtr-4571.pdf,invalid-url-item
PID-10191,Schneider Electric Safety Relay SCH-CTL-9887,Schneider Electric,Control Systems,Safety Relay,SCH-CTL-9887,"Compact and durable Safety Relay with 30 W rating, rated for 230 V AC networks.",18922.65,$,230 V AC,30 W,50/60 Hz,N/A,166.5 g,237x674x826mm,Metal Alloy,IP20,24 months,Schneider Electric,China,Apex Industrial Supplies,OEM Technical Data Sheet,https://docs.productiq-assets.com/specs/schneider_electric/sch-ctl-9887.pdf,https://www.industrial-supply-direct.com/item/sch-ctl-9887
PID-10192,Huawei Digital Power Online Double-Conversion UPS HUA-PWR-4693,Huawei Digital Power,Power Equipment,Online Double-Conversion UPS,HUA-PWR-4693,"Huawei Digital Power Online Double-Conversion UPS HUA-PWR-4693 offers industry leading performance, low vibration levels, and optimized lifecycle costs. Complies with ISO 9001 and CE directives.",21559.07,USD,11 kV,1000 kVA,50/60 Hz,N/A,306.0 LBS,1025 x 735 x 476 mm,Acoustic Heavy Steel,,2 Years,Huawei Digital Power,United States,Apex Industrial Supplies,Supplier Price File 2024,https://docs.productiq-assets.com/specs/huawei_digital_power/hua-pwr-4693.pdf,https://www.industrial-supply-direct.com/item/hua-pwr-4693
PID-10193,Grundfos Submersible Slurry Pump GRU-PMP-5521,Grundfos,Pumps,Submersible Slurry Pump,GRU-PMP-5521,REDUNDANT RECORD: Grundfos GRU-PMP-5521 Pumps Submersible Slurry Pump. Contact supplier Nordic Machinery Hub for spec sheet.,3623.32,EUR,24 V DC,5.5 kW,50 Hz,2900 RPM,12.1 KG,L:575 W:632 H:760,Stainless Steel 316,IP 68,24 months,Grundfos,Italy,Nordic Machinery Hub,Field Engineering Audit,https://docs.productiq-assets.com/specs/grundfos/gru-pmp-5521.pdf,https://www.industrial-supply-direct.com/item/gru-pmp-5521
PID-10194,Banner Engineering Gas Detection Monitor BAN-SFT-5982,Banner Engineering,Safety Equipment,Gas Detection Monitor,BAN-SFT-5982,"Banner Engineering Gas Detection Monitor BAN-SFT-5982 offers industry leading performance, low vibration levels, and optimized lifecycle costs. Complies with ISO 9001 and CE directives.",4192.09,EUR,110-230 VAC,,50/60 Hz,N/A,321.0 kg.,459 x 782 x 257 mm,Reinforced Polymer,IP66,12 Months,Banner Engineering,Finland,Global Electro Corp,ERP Master Data,https://docs.productiq-assets.com/specs/banner_engineering/ban-sft-5982.pdf,https://www.industrial-supply-direct.com/item/ban-sft-5982
PID-10195,Pepperl+Fuchs Safety Light Curtain PEP-SFT-6192,Pepperl+Fuchs,Safety Equipment,Safety Light Curtain,PEP-SFT-6192,"Pepperl+Fuchs Safety Light Curtain PEP-SFT-6192 offers industry leading performance, low vibration levels, and optimized lifecycle costs. Complies with ISO 9001 and CE directives.",9003.26,,24VDC,15 W,DC,N/A,333.0 LBS,L:705 W:585 H:396,Anodized Aluminum,IP67,5 Years,Pepperl+Fuchs,Finland,Precision Parts Direct,OEM Technical Data Sheet,https://docs.productiq-assets.com/specs/pepperl+fuchs/pep-sft-6192.pdf,https://www.industrial-supply-direct.com/item/pep-sft-6192
PID-10196,Schneider Electric Molded Case Circuit Breaker (MCCB) SCH-ELC-2914,Schneider Electric,Electrical Components,Molded Case Circuit Breaker (MCCB),SCH-ELC-2914,"Compact and durable Molded Case Circuit Breaker (MCCB) with 250 kVA rating, rated for 400 V networks.",9689.98,EUR,400 V,250 kVA,50 Hz,N/A,12.6 LBS,27.8x62.4x50.3 cm,DMC Polyester Glass,IP20,36 Months Extended,Schneider Electric,China,Apex Industrial Supplies,Vendor Portal Upload,https://docs.productiq-assets.com/specs/schneider_electric/sch-elc-2914.pdf,https://www.industrial-supply-direct.com/item/sch-elc-2914
PID-10197,Schneider Electric Human Machine Interface (HMI) SCH-CTL-7108,Schneider Electric,Control Systems,Human Machine Interface (HMI),SCH-CTL-7108,Heavy-duty industrial grade Human Machine Interface (HMI) engineered by Schneider Electric. Designed for continuous continuous operation in harsh industrial environments with high thermal efficiency and rugged construction.,8333.77,€,400 V 3PH,0.75 kW,0-400 Hz Output,N/A,328.6 lbs,L:276 W:247 H:312,Polycarbonate / Aluminum,IP20,24 months,Schneider Electric,Finland,Nordic Machinery Hub,Distributor Catalog EU,,https://www.industrial-supply-direct.com/item/sch-ctl-7108
PID-10198,Timken Spherical Roller Bearing TIM-BRG-8571,Timken,Bearings,Spherical Roller Bearing,TIM-BRG-8571,"Compact and durable Spherical Roller Bearing with N/A rating, rated for N/A networks.",4533.34,GBP,N/A,N/A,N/A,3200 RPM,3.6 kg.,106.7x22.7x76.9 cm,High Carbon Chrome Steel 100Cr6,Open,1 Year Standard,Timken,United Kingdom,Precision Parts Direct,OEM Technical Data Sheet,https://docs.productiq-assets.com/specs/timken/tim-brg-8571.pdf,https://www.industrial-supply-direct.com/item/tim-brg-8571
PID-10199,Timken Deep Groove Ball Bearing TIM-BRG-6927,Timken,Bearings,Deep Groove Ball Bearing,TIM-BRG-6927,"Compact and durable Deep Groove Ball Bearing with standard power rating, rated for multi-voltage networks.",20851.49,EUR,,,N/A,4500 max RPM,63.1 KG,83.9x52.9x75.1 cm,Ceramic Hybrid,ZZ Shielded,12 Months,Timken,Japan,Continental Drive Systems,ERP Master Data,https://docs.productiq-assets.com/specs/timken/tim-brg-6927.pdf,https://www.industrial-supply-direct.com/item/tim-brg-6927
PID-10200,Emerson Fisher Check Valve EME-VLV-3738,Emerson Fisher,Valves,Check Valve,EME-VLV-3738,"Compact and durable Check Valve with 15 W rating, rated for 230 V AC networks.",20949.48,€,230 V AC,15 W,60 Hz,,154.8 KG,L:416 W:615 H:326,CF8M Stainless,NEMA 4X,36 Months Extended,Emerson Fisher,China,Continental Drive Systems,Field Engineering Audit,https://docs.productiq-assets.com/specs/emerson_fisher/eme-vlv-3738.pdf,https://www.industrial-supply-direct.com/item/eme-vlv-3738
PID-10201,Sulzer Diaphragm Pump SUL-PMP-2251,Sulzer,Pumps,Diaphragm Pump,SUL-PMP-2251,"Compact and durable Diaphragm Pump with 5.5 kW rating, rated for 400 V networks.",22168.34,$,400 V,5.5 kW,60 Hz,1450 RPM,15.4 kilograms,363x245x804mm,Bronze,IP66,2 Years,Sulzer,United States,Nordic Machinery Hub,OEM Technical Data Sheet,https://docs.productiq-assets.com/specs/sulzer/sul-pmp-2251.pdf,https://www.industrial-supply-direct.com/item/sul-pmp-2251
PID-10202,Baldor-Reliance Servo Motor BAL-MTR-1696,Baldor-Reliance,Industrial Motors,Servo Motor,BAL-MTR-1696,REDUNDANT RECORD: Baldor-Reliance BAL-MTR-1696 Industrial Motors Servo Motor. Contact supplier Global Electro Corp for spec sheet.,869.24,USD,400V,,50hz,980 rpm,94.4 KG,81.9x12.9x19.2 cm,Ductile Iron,IP55,36 Months Extended,Baldor-Reliance,Italy,Global Electro Corp,ERP Master Data,https://docs.productiq-assets.com/specs/baldor-reliance/bal-mtr-1696.pdf,https://www.industrial-supply-direct.com/item/bal-mtr-1696
PID-10203,Honeywell Analytics Safety Light Curtain HON-SFT-2623,Honeywell Analytics,Safety Equipment,Safety Light Curtain,HON-SFT-2623,Heavy-duty industrial grade Safety Light Curtain engineered by Honeywell Analytics. Designed for continuous continuous operation in harsh industrial environments with high thermal efficiency and rugged construction.,17203.64,USD,24VDC,5 W,50/60 Hz,N/A,85.3 g,L:470 W:463 H:488,Anodized Aluminum,Ex d IIC T6,2 Years,Honeywell Analytics,United States,TechFlow Solutions,Supplier Price File 2024,https://docs.productiq-assets.com/specs/honeywell_analytics/hon-sft-2623.pdf,https://www.industrial-supply-direct.com/item/hon-sft-2623
PID-10204,Eaton Vacuum Contactor EAT-ELC-1665,Eaton,Electrical Components,Vacuum Contactor,EAT-ELC-1665,REDUNDANT RECORD: Eaton EAT-ELC-1665 Electrical Components Vacuum Contactor. Contact supplier Nordic Machinery Hub for spec sheet.,11892.14,€,1000 V,N/A,50/60 Hz,N/A,87.0 kg,"42.3"" x 31.3"" x 18.7""",Silver Alloy Contacts,IP30,5 Years,Eaton,France,Nordic Machinery Hub,Distributor Catalog EU,https://docs.productiq-assets.com/specs/eaton/eat-elc-1665.pdf,https://www.industrial-supply-direct.com/item/eat-elc-1665
PID-10205,Velan High-Pressure Gate Valve VEL-VLV-2666,Velan,Valves,High-Pressure Gate Valve,VEL-VLV-2666,"Velan High-Pressure Gate Valve VEL-VLV-2666 offers industry leading performance, low vibration levels, and optimized lifecycle costs. Complies with ISO 9001 and CE directives.",8783.12,$,24 V DC,50 W,50 Hz,,340.9 kilograms,"36.2"" x 18.3"" x 23.1""",Hastelloy C,IP65,1 Year Standard,Velan,Japan,Global Electro Corp,Vendor Portal Upload,https://docs.productiq-assets.com/specs/velan/vel-vlv-2666.pdf,https://www.industrial-supply-direct.com/item/vel-vlv-2666
PID-10206,ABB Molded Case Circuit Breaker (MCCB) ABB-ELC-1486,ABB,Electrical Components,Molded Case Circuit Breaker (MCCB),ABB-ELC-1486,REDUNDANT RECORD: ABB ABB-ELC-1486 Electrical Components Molded Case Circuit Breaker (MCCB). Contact supplier Continental Drive Systems for spec sheet.,1348.97,GBP,415 VAC,N/A,50 Hz,N/A,235.2 lbs,L:513 W:400 H:777,DMC Polyester Glass,IP40,24 months,ABB,Italy,Continental Drive Systems,Vendor Portal Upload,,https://www.industrial-supply-direct.com/item/abb-elc-1486
PID-10207,Siemens SIMATIC Human Machine Interface (HMI) SIE-CTL-8374,Siemens SIMATIC,Control Systems,Human Machine Interface (HMI),SIE-CTL-8374,REDUNDANT RECORD: Siemens SIMATIC SIE-CTL-8374 Control Systems Human Machine Interface (HMI). Contact supplier Global Electro Corp for spec sheet.,10668.73,€,24VDC / 120VAC,7.5 kW,50/60 Hz,N/A,220.6 kg,L:1104 W:775 H:667,Metal Alloy,IP65 Bezel,1 Year Standard,Siemens SIMATIC,China,Global Electro Corp,Supplier Price File 2024,,https://www.industrial-supply-direct.com/item/sie-ctl-8374
PID-10208,Vertiv Liebert Automatic Transfer Switch VER-PWR-6779,Vertiv Liebert,Power Equipment,,VER-PWR-6779,Heavy-duty industrial grade Power Equipment engineered by Vertiv Liebert. Designed for continuous continuous operation in harsh industrial environments with high thermal efficiency and rugged construction.,7749.35,USD,11 kV,1500 kVA,50 Hz,N/A,194.1 kg.,21.5x77.7x35.0 cm,Galvanized Steel Weatherproof,IP23,36 Months Extended,Vertiv Liebert,United States,TechFlow Solutions,Distributor Catalog EU,https://docs.productiq-assets.com/specs/vertiv_liebert/ver-pwr-6779.pdf,invalid-url-item
PID-10209,Atlas Copco Oil-Free Scroll Compressor ATL-CMP-7921,Atlas Copco,Compressors,Oil-Free Scroll Compressor,ATL-CMP-7921,"*** ATLAS COPCO SPECIAL PROMO *** Model ATL-CMP-7921. High reliability, certified quality. Suitable for power, water, oil&gas applications. Order now.",572.92,$,460 V 60Hz,100 HP,60 Hz,1480 RPM,224.8 kilograms,"31.3"" x 10.6"" x 28.7""",Cast Iron Block,IP54,2 Years,Atlas Copco,United States,Continental Drive Systems,Supplier Price File 2024,https://docs.productiq-assets.com/specs/atlas_copco/atl-cmp-7921.pdf,invalid-url-item
PID-10210,Vertiv Liebert Online Double-Conversion UPS VER-PWR-2506,Vertiv Liebert,Power Equipment,Online Double-Conversion UPS,VER-PWR-2506,Heavy-duty industrial grade Online Double-Conversion UPS engineered by Vertiv Liebert. Designed for continuous continuous operation in harsh industrial environments with high thermal efficiency and rugged construction.,2350.55,GBP,400/230V 50Hz,1200 kW,60 Hz,1800 rpm,136.7 g,L:509 W:524 H:511,Marine Grade Aluminum,IP23,1 Year Standard,Vertiv Liebert,China,Global Electro Corp,Field Engineering Audit,https://docs.productiq-assets.com/specs/vertiv_liebert/ver-pwr-2506.pdf,https://www.industrial-supply-direct.com/item/ver-pwr-2506
PID-10211,Flowserve High-Pressure Gate Valve FLO-VLV-4489,Flowserve,Valves,High-Pressure Gate Valve,FLO-VLV-4489,"*** FLOWSERVE SPECIAL PROMO *** Model FLO-VLV-4489. High reliability, certified quality. Suitable for power, water, oil&gas applications. Order now.",22497.25,$,230 V AC,,,N/A,387.4 kg,94.4x37.3x39.3 cm,WCB Carbon Steel,,5 Years,Flowserve,Switzerland,Nordic Machinery Hub,Vendor Portal Upload,https://docs.productiq-assets.com/specs/flowserve/flo-vlv-4489.pdf,https://www.industrial-supply-direct.com/item/flo-vlv-4489
PID-10212,Emerson Rosemount Vibration Sensor EME-SNS-8952,Emerson Rosemount,Sensors,Vibration Sensor,EME-SNS-8952,"Compact and durable Vibration Sensor with 1.5 W rating, rated for LOOP POWERED networks.",10177.59,EUR,LOOP POWERED,1.5 W,DC,N/A,219.9 kg,271 x 421 x 716 mm,PVDF,IP68,1 Year Standard,Emerson Rosemount,United States,Nordic Machinery Hub,ERP Master Data,https://docs.productiq-assets.com/specs/emerson_rosemount/eme-sns-8952.pdf,https://www.industrial-supply-direct.com/item/eme-sns-8952
PID-10213,Huawei Digital Power Automatic Transfer Switch HUA-PWR-2976,Huawei Digital Power,Power Equipment,Automatic Transfer Switch,HUA-PWR-2976,"Huawei Digital Power Automatic Transfer Switch HUA-PWR-2976 offers industry leading performance, low vibration levels, and optimized lifecycle costs. Complies with ISO 9001 and CE directives.",22796.47,EUR,400/230V 50Hz,50 kVA,50/60 Hz,1800 rpm,335.4 lbs,"12.5"" x 11.0"" x 12.6""",Galvanized Steel Weatherproof,IP20,1 Year Standard,Huawei Digital Power,Finland,Apex Industrial Supplies,ERP Master Data,https://docs.productiq-assets.com/specs/huawei_digital_power/hua-pwr-2976.pdf,https://www.industrial-supply-direct.com/item/hua-pwr-2976
PID-10214,Flowserve Multistage High-Pressure Pump FLO-PMP-7943,Flowserve,Pumps,Multistage High-Pressure Pump,FLO-PMP-7943,"*** FLOWSERVE SPECIAL PROMO *** Model FLO-PMP-7943. High reliability, certified quality. Suitable for power, water, oil&gas applications. Order now.",5976.38,EUR,24 V DC,,60 Hz,2900 RPM,360.0 kg,59.0x35.9x66.5 cm,Duplex Steel,IP66,,Flowserve,United States,Continental Drive Systems,Field Engineering Audit,https://docs.productiq-assets.com/specs/flowserve/flo-pmp-7943.pdf,https://www.industrial-supply-direct.com/item/flo-pmp-7943
PID-10215,Schneider Electric Variable Frequency Drive (VFD) SCH-CTL-2478,Schneider Electric,Control Systems,Variable Frequency Drive (VFD),SCH-CTL-2478,REDUNDANT RECORD: Schneider Electric SCH-CTL-2478 Control Systems Variable Frequency Drive (VFD). Contact supplier Precision Parts Direct for spec sheet.,7197.87,€,,22 kW,50/60 Hz,N/A,417.1 kg.,305 x 264 x 815 mm,Metal Alloy,IP20 / NEMA 1,24 months,Schneider Electric,Finland,Precision Parts Direct,Supplier Price File 2024,https://docs.productiq-assets.com/specs/schneider_electric/sch-ctl-2478.pdf,https://www.industrial-supply-direct.com/item/sch-ctl-2478
PID-10216,ABB Synchronous Motor ABB-MTR-8264,ABB,Industrial Motors,Synchronous Motor,ABB-MTR-8264,<div><p>Industrial Industrial Motors - ABB-MTR-8264</p><span>Manufacturer: ABB</span><br>Standard spec with warranty: 24 months</div>,158.56,EUR,400 volts,110 kW,50Hz,1750 RPM,381.5 g,754x562x589mm,Stainless Steel,IP23,24 months,ABB,Finland,TechFlow Solutions,OEM Technical Data Sheet,https://docs.productiq-assets.com/specs/abb/abb-mtr-8264.pdf,https://www.industrial-supply-direct.com/item/abb-mtr-8264
PID-10217,Velan High-Pressure Gate Valve VEL-VLV-4677,Velan,Valves,High-Pressure Gate Valve,VEL-VLV-4677,"*** VELAN SPECIAL PROMO *** Model VEL-VLV-4677. High reliability, certified quality. Suitable for power, water, oil&gas applications. Order now.",22161.23,$,24 V DC,,50 Hz,N/A,78.6 LBS,"46.3"" x 21.5"" x 35.1""",WCB Carbon Steel,IP66,,Velan,United Kingdom,Apex Industrial Supplies,Field Engineering Audit,https://docs.productiq-assets.com/specs/velan/vel-vlv-4677.pdf,https://www.industrial-supply-direct.com/item/vel-vlv-4677
PID-10218,FAG Schaeffler Cylindrical Roller Bearing FAG-BRG-7259,FAG Schaeffler,Bearings,Cylindrical Roller Bearing,FAG-BRG-7259,"FAG Schaeffler Cylindrical Roller Bearing FAG-BRG-7259 offers industry leading performance, low vibration levels, and optimized lifecycle costs. Complies with ISO 9001 and CE directives.",20564.32,EUR,,,N/A,3200 RPM,167.9 g,27.5x11.0x58.0 cm,Stainless Steel 440C,2RS Sealed,5 Years,FAG Schaeffler,Switzerland,Precision Parts Direct,Supplier Price File 2024,https://docs.productiq-assets.com/specs/fag_schaeffler/fag-brg-7259.pdf,https://www.industrial-supply-direct.com/item/fag-brg-7259
PID-10219,SKF Deep Groove Ball Bearing SKF-BRG-1962,SKF,Bearings,Deep Groove Ball Bearing,SKF-BRG-1962,"*** SKF SPECIAL PROMO *** Model SKF-BRG-1962. High reliability, certified quality. Suitable for power, water, oil&gas applications. Order now.",22351.41,USD,,N/A,N/A,3200 RPM,20.9 KG,1131x604x447mm,High Carbon Chrome Steel 100Cr6,N/A,12 Months,SKF,China,Nordic Machinery Hub,ERP Master Data,https://docs.productiq-assets.com/specs/skf/skf-brg-1962.pdf,https://www.industrial-supply-direct.com/item/skf-brg-1962
PID-10220,Velan Butterfly Valve VEL-VLV-6907,Velan,Valves,Butterfly Valve,VEL-VLV-6907,Heavy-duty industrial grade Butterfly Valve engineered by Velan. Designed for continuous continuous operation in harsh industrial environments with high thermal efficiency and rugged construction.,21675.29,EUR,230 V AC,,60 Hz,,287.4 lbs,"15.9"" x 6.1"" x 13.2""",Forged Steel A105,,24 months,Velan,United Kingdom,Nordic Machinery Hub,OEM Technical Data Sheet,https://docs.productiq-assets.com/specs/velan/vel-vlv-6907.pdf,https://www.industrial-supply-direct.com/item/vel-vlv-6907
PID-10221,Baldor-Reliance Explosion-Proof Motor BAL-MTR-8949,Baldor-Reliance,Industrial Motors,Explosion-Proof Motor,BAL-MTR-8949,Heavy-duty industrial grade Explosion-Proof Motor engineered by Baldor-Reliance. Designed for continuous continuous operation in harsh industrial environments with high thermal efficiency and rugged construction.,2775.22,EUR,460 V AC,7.5KW,50Hz,1450 RPM,264.6 LBS,"4.3"" x 25.1"" x 34.8""",Cast Iron,ip55,12 Months,Baldor-Reliance,United Kingdom,Precision Parts Direct,OEM Technical Data Sheet,https://docs.productiq-assets.com/specs/baldor-reliance/bal-mtr-8949.pdf,invalid-url-item
PID-10222,Sulzer Positive Displacement Pump SUL-PMP-2737,Sulzer,Pumps,Positive Displacement Pump,SUL-PMP-2737,REDUNDANT RECORD: Sulzer SUL-PMP-2737 Pumps Positive Displacement Pump. Contact supplier Continental Drive Systems for spec sheet.,3762.54,€,415V,15 HP,50 Hz,1450 RPM,147.9 g,36.4x31.6x14.9 cm,Duplex Steel,ip68,24 months,Sulzer,United States,Continental Drive Systems,Distributor Catalog EU,https://docs.productiq-assets.com/specs/sulzer/sul-pmp-2737.pdf,https://www.industrial-supply-direct.com/item/sul-pmp-2737
PID-10223,Samson High-Pressure Gate Valve SAM-VLV-2461,Samson,Valves,High-Pressure Gate Valve,SAM-VLV-2461,"Samson High-Pressure Gate Valve SAM-VLV-2461 offers industry leading performance, low vibration levels, and optimized lifecycle costs. Complies with ISO 9001 and CE directives.",5064.65,EUR,,0.05 kW,,,163.2 kg,"45.2"" x 12.0"" x 23.7""",WCB Carbon Steel,NEMA 4X,1 Year Standard,Samson,Finland,Continental Drive Systems,ERP Master Data,,https://www.industrial-supply-direct.com/item/sam-vlv-2461
PID-10224,Boge Reciprocating Air Compressor BOG-CMP-8112,Boge,Compressors,Reciprocating Air Compressor,BOG-CMP-8112,Heavy-duty industrial grade Reciprocating Air Compressor engineered by Boge. Designed for continuous continuous operation in harsh industrial environments with high thermal efficiency and rugged construction.,1052.08,€,400 V,100 HP,60 Hz,3000 rpm,198.2 kilograms,404x230x800mm,Heavy Gauge Steel Housing,IP65,36 Months Extended,Boge,Japan,Continental Drive Systems,Supplier Price File 2024,https://docs.productiq-assets.com/specs/boge/bog-cmp-8112.pdf,https://www.industrial-supply-direct.com/item/bog-cmp-8112
PID-10225,Pilz Interlock Switch PIL-SFT-7961,Pilz,Safety Equipment,Interlock Switch,PIL-SFT-7961,"*** PILZ SPECIAL PROMO *** Model PIL-SFT-7961. High reliability, certified quality. Suitable for power, water, oil&gas applications. Order now.",11197.26,€,24 V DC,0.02 kW,50/60 Hz,N/A,22.8 lbs,"27.9"" x 16.6"" x 27.6""",Flameproof Aluminum,IP65,36 Months Extended,Pilz,Italy,Global Electro Corp,ERP Master Data,https://docs.productiq-assets.com/specs/pilz/pil-sft-7961.pdf,https://www.industrial-supply-direct.com/item/pil-sft-7961
PID-10226,Schneider Galaxy Industrial Diesel Generator SCH-PWR-8107,Schneider Galaxy,Power Equipment,Industrial Diesel Generator,SCH-PWR-8107,"*** SCHNEIDER GALAXY SPECIAL PROMO *** Model SCH-PWR-8107. High reliability, certified quality. Suitable for power, water, oil&gas applications. Order now.",224.83,USD,400 V 3-Phase,50 kVA,50 Hz,1500 RPM,366.4 LBS,908 x 409 x 189 mm,Marine Grade Aluminum,IP54 Outdoor,2 Years,Schneider Galaxy,Germany,Precision Parts Direct,Distributor Catalog EU,https://docs.productiq-assets.com/specs/schneider_galaxy/sch-pwr-8107.pdf,https://www.industrial-supply-direct.com/item/sch-pwr-8107
PID-10227,Kitz Globe Control Valve KIT-VLV-8139,Kitz,Valves,Globe Control Valve,KIT-VLV-8139,"Kitz Globe Control Valve KIT-VLV-8139 offers industry leading performance, low vibration levels, and optimized lifecycle costs. Complies with ISO 9001 and CE directives.",2143.93,GBP,24VDC,15 W,,N/A,203.7 KG,,Hastelloy C,,5 Years,Kitz,France,Nordic Machinery Hub,Field Engineering Audit,https://docs.productiq-assets.com/specs/kitz/kit-vlv-8139.pdf,https://www.industrial-supply-direct.com/item/kit-vlv-8139
PID-10228,Euchner Safety Light Curtain EUC-SFT-8987,Euchner,Safety Equipment,Safety Light Curtain,EUC-SFT-8987,REDUNDANT RECORD: Euchner EUC-SFT-8987 Safety Equipment Safety Light Curtain. Contact supplier Global Electro Corp for spec sheet.,12361.9,USD,Battery / 3.6V,0.02 kW,50/60 Hz,N/A,223.9 g,993x121x265mm,Flameproof Aluminum,,1 Year Standard,Euchner,United Kingdom,Global Electro Corp,ERP Master Data,https://docs.productiq-assets.com/specs/euchner/euc-sft-8987.pdf,https://www.industrial-supply-direct.com/item/euc-sft-8987
PID-10229,Boge Oil-Free Scroll Compressor BOG-CMP-3148,Boge,Compressors,Oil-Free Scroll Compressor,BOG-CMP-3148,"Compact and durable Oil-Free Scroll Compressor with 22 kW rating, rated for 3.3 kV networks.",23038.7,€,3.3 kV,22 kW,60 Hz,3000 rpm,47.7 lbs,1111 x 410 x 340 mm,Acoustic Enclosure,IP54,12 Months,Boge,Japan,TechFlow Solutions,ERP Master Data,https://docs.productiq-assets.com/specs/boge/bog-cmp-3148.pdf,https://www.industrial-supply-direct.com/item/bog-cmp-3148
PID-10230,Pilz Safety Light Curtain PIL-SFT-6533,Pilz,Safety Equipment,Safety Light Curtain,PIL-SFT-6533,REDUNDANT RECORD: Pilz PIL-SFT-6533 Safety Equipment Safety Light Curtain. Contact supplier Apex Industrial Supplies for spec sheet.,14854.02,GBP,24 V DC,0.02 kW,DC,N/A,311.3 LBS,313 x 151 x 548 mm,Reinforced Polymer,IP66,12 Months,Pilz,Finland,Apex Industrial Supplies,Vendor Portal Upload,,https://www.industrial-supply-direct.com/item/pil-sft-6533
PID-10231,KSB Positive Displacement Pump KSB-PMP-3572,KSB,Pumps,Positive Displacement Pump,KSB-PMP-3572,"Compact and durable Positive Displacement Pump with 5 HP rating, rated for 415V networks.",17020.73,GBP,415V,5 HP,50/60 Hz,1450 RPM,5.4 kilograms,79.9x39.3x61.7 cm,Cast Iron GG25,IP68,24 months,KSB,France,TechFlow Solutions,Field Engineering Audit,https://docs.productiq-assets.com/specs/ksb/ksb-pmp-3572.pdf,https://www.industrial-supply-direct.com/item/ksb-pmp-3572
PID-10232,Banner Engineering Emergency Stop Rope Pull BAN-SFT-3260,Banner Engineering,Safety Equipment,Emergency Stop Rope Pull,BAN-SFT-3260,"Banner Engineering Emergency Stop Rope Pull BAN-SFT-3260 offers industry leading performance, low vibration levels, and optimized lifecycle costs. Complies with ISO 9001 and CE directives.",22039.45,GBP,,0.02 kW,50/60 Hz,N/A,76.0 kg,L:175 W:776 H:756,Reinforced Polymer,IP67,12 Months,Banner Engineering,China,TechFlow Solutions,Field Engineering Audit,https://docs.productiq-assets.com/specs/banner_engineering/ban-sft-3260.pdf,https://www.industrial-supply-direct.com/item/ban-sft-3260
PID-10233,Euchner Explosion Proof Beacon EUC-SFT-6638,Euchner,Safety Equipment,Explosion Proof Beacon,EUC-SFT-6638,REDUNDANT RECORD: Euchner EUC-SFT-6638 Safety Equipment Explosion Proof Beacon. Contact supplier Continental Drive Systems for spec sheet.,21613.49,GBP,110-230 VAC,5 W,DC,N/A,292.8 kilograms,"28.2"" x 7.3"" x 5.4""",Flameproof Aluminum,IP66,5 Years,Euchner,Sweden,Continental Drive Systems,Field Engineering Audit,https://docs.productiq-assets.com/specs/euchner/euc-sft-6638.pdf,https://www.industrial-supply-direct.com/item/euc-sft-6638
PID-10234,Euchner Interlock Switch EUC-SFT-6582,Euchner,Safety Equipment,Interlock Switch,EUC-SFT-6582,"Compact and durable Interlock Switch with 10 W rating, rated for 24 V DC networks.",752.02,USD,24 V DC,10 W,50/60 Hz,N/A,23.9 g,"40.1"" x 15.9"" x 27.0""",Flameproof Aluminum,IP65,24 months,Euchner,Finland,Continental Drive Systems,OEM Technical Data Sheet,https://docs.productiq-assets.com/specs/euchner/euc-sft-6582.pdf,https://www.industrial-supply-direct.com/item/euc-sft-6582
PID-10235,Honeywell Analytics Emergency Stop Rope Pull HON-SFT-6739,Honeywell Analytics,Safety Equipment,Emergency Stop Rope Pull,HON-SFT-6739,REDUNDANT RECORD: Honeywell Analytics HON-SFT-6739 Safety Equipment Emergency Stop Rope Pull. Contact supplier Nordic Machinery Hub for spec sheet.,16034.45,EUR,110-230 VAC,15 W,DC,N/A,193.0 lbs,"8.9"" x 21.1"" x 9.2""",Flameproof Aluminum,Ex d IIC T6,12 Months,Honeywell Analytics,China,Nordic Machinery Hub,ERP Master Data,https://docs.productiq-assets.com/specs/honeywell_analytics/hon-sft-6739.pdf,https://www.industrial-supply-direct.com/item/hon-sft-6739
PID-10236,NTN Cylindrical Roller Bearing NTN-BRG-7937,NTN,Bearings,Cylindrical Roller Bearing,NTN-BRG-7937,Heavy-duty industrial grade Cylindrical Roller Bearing engineered by NTN. Designed for continuous continuous operation in harsh industrial environments with high thermal efficiency and rugged construction.,17584.01,EUR,,,N/A,6000 RPM,206.3 kg,856 x 221 x 716 mm,Ceramic Hybrid,2RS Sealed,12 Months,NTN,Finland,TechFlow Solutions,ERP Master Data,https://docs.productiq-assets.com/specs/ntn/ntn-brg-7937.pdf,https://www.industrial-supply-direct.com/item/ntn-brg-7937
PID-10237,FAG Schaeffler Tapered Roller Bearing FAG-BRG-5816,FAG Schaeffler,Bearings,Tapered Roller Bearing,FAG-BRG-5816,"FAG Schaeffler Tapered Roller Bearing FAG-BRG-5816 offers industry leading performance, low vibration levels, and optimized lifecycle costs. Complies with ISO 9001 and CE directives.",19006.64,GBP,N/A,,N/A,8500 rpm,22.5 lbs,L:1026 W:445 H:900,Stainless Steel 440C,N/A,2 Years,FAG Schaeffler,China,Precision Parts Direct,OEM Technical Data Sheet,https://docs.productiq-assets.com/specs/fag_schaeffler/fag-brg-5816.pdf,https://www.industrial-supply-direct.com/item/fag-brg-5816
PID-10238,Kitz Butterfly Valve KIT-VLV-2463,Kitz,Valves,Butterfly Valve,KIT-VLV-2463,REDUNDANT RECORD: Kitz KIT-VLV-2463 Valves Butterfly Valve. Contact supplier Continental Drive Systems for spec sheet.,14998.14,EUR,None,15 W,,N/A,13.6 g,L:732 W:674 H:760,Forged Steel A105,IP66,12 Months,Kitz,Finland,Continental Drive Systems,OEM Technical Data Sheet,https://docs.productiq-assets.com/specs/kitz/kit-vlv-2463.pdf,https://www.industrial-supply-direct.com/item/kit-vlv-2463
PID-10239,Sick Gas Detection Monitor SIC-SFT-9235,Sick,Safety Equipment,Gas Detection Monitor,SIC-SFT-9235,<div><p>Industrial Safety Equipment - SIC-SFT-9235</p><span>Manufacturer: Sick</span><br>Standard spec with warranty: </div>,15827.15,€,24 V DC,5 W,DC,N/A,266.0 lbs,147 x 448 x 547 mm,Anodized Aluminum,IP65,,Sick,Italy,Nordic Machinery Hub,Vendor Portal Upload,,https://www.industrial-supply-direct.com/item/sic-sft-9235
PID-10240,Sick Explosion Proof Beacon SIC-SFT-3359,Sick,Safety Equipment,,SIC-SFT-3359,REDUNDANT RECORD: Sick SIC-SFT-3359 Safety Equipment . Contact supplier Continental Drive Systems for spec sheet.,18459.01,$,110-230 VAC,10 W,DC,N/A,66.3 kg.,L:347 W:153 H:307,Flameproof Aluminum,IP66,36 Months Extended,Sick,United Kingdom,Continental Drive Systems,OEM Technical Data Sheet,https://docs.productiq-assets.com/specs/sick/sic-sft-3359.pdf,https://www.industrial-supply-direct.com/item/sic-sft-3359
PID-10241,WEG Servo Motor WEG-MTR-7669,WEG,Industrial Motors,Servo Motor,WEG-MTR-7669,Heavy-duty industrial grade Servo Motor engineered by WEG. Designed for continuous continuous operation in harsh industrial environments with high thermal efficiency and rugged construction.,776.3,EUR,460 V AC,15 KW,50Hz,1450 RPM,226.4 kilograms,L:864 W:653 H:272,Cast Iron,IP23,1 Year Standard,WEG,United Kingdom,Apex Industrial Supplies,Vendor Portal Upload,https://docs.productiq-assets.com/specs/weg/weg-mtr-7669.pdf,https://www.industrial-supply-direct.com/item/weg-mtr-7669
PID-10242,Schneider Galaxy Online Double-Conversion UPS SCH-PWR-1008,Schneider Galaxy,Power Equipment,Online Double-Conversion UPS,SCH-PWR-1008,<div><p>Industrial Power Equipment - SCH-PWR-1008</p><span>Manufacturer: Schneider Galaxy</span><br>Standard spec with warranty: 36 Months Extended</div>,6621.04,USD,230 V Single Phase,250 kVA,60 Hz,N/A,137.0 lbs,386x669x386mm,Acoustic Heavy Steel,IP20,36 Months Extended,Schneider Galaxy,Italy,Precision Parts Direct,Vendor Portal Upload,https://docs.productiq-assets.com/specs/schneider_galaxy/sch-pwr-1008.pdf,https://www.industrial-supply-direct.com/item/sch-pwr-1008
PID-10243,Eaton Molded Case Circuit Breaker (MCCB) EAT-ELC-6269,Eaton,Electrical Components,,EAT-ELC-6269,Heavy-duty industrial grade Electrical Components engineered by Eaton. Designed for continuous continuous operation in harsh industrial environments with high thermal efficiency and rugged construction.,CONTACT SALES,EUR,690 V,250 kVA,60 Hz,N/A,317.2 kilograms,,Silver Alloy Contacts,IP40,12 Months,Eaton,United Kingdom,Precision Parts Direct,Field Engineering Audit,https://docs.productiq-assets.com/specs/eaton/eat-elc-6269.pdf,https://www.industrial-supply-direct.com/item/eat-elc-6269
PID-10244,Schneider Galaxy Battery Energy Storage Unit SCH-PWR-3903,Schneider Galaxy,Power Equipment,Battery Energy Storage Unit,SCH-PWR-3903,Heavy-duty industrial grade Battery Energy Storage Unit engineered by Schneider Galaxy. Designed for continuous continuous operation in harsh industrial environments with high thermal efficiency and rugged construction.,3068.73,USD,,1500 kVA,60 Hz,1500 RPM,282.3 kilograms,,Galvanized Steel Weatherproof,IP20,1 Year Standard,Schneider Galaxy,Finland,Global Electro Corp,Field Engineering Audit,https://docs.productiq-assets.com/specs/schneider_galaxy/sch-pwr-3903.pdf,https://www.industrial-supply-direct.com/item/sch-pwr-3903
PID-10245,Siemens SIMATIC Variable Frequency Drive (VFD) SIE-CTL-9197,Siemens SIMATIC,Control Systems,Variable Frequency Drive (VFD),SIE-CTL-9197,"Siemens SIMATIC Variable Frequency Drive (VFD) SIE-CTL-9197 offers industry leading performance, low vibration levels, and optimized lifecycle costs. Complies with ISO 9001 and CE directives.",13280.94,GBP,230 V AC,15 kW,50 Hz,N/A,125.3 kilograms,"46.9"" x 28.7"" x 14.1""",Metal Alloy,IP20,12 Months,Siemens SIMATIC,Germany,TechFlow Solutions,Supplier Price File 2024,https://docs.productiq-assets.com/specs/siemens_simatic/sie-ctl-9197.pdf,https://www.industrial-supply-direct.com/item/sie-ctl-9197
PID-10246,Xylem Multistage High-Pressure Pump XYL-PMP-8644,Xylem,Pumps,,XYL-PMP-8644,"Xylem Multistage High-Pressure Pump XYL-PMP-8644 offers industry leading performance, low vibration levels, and optimized lifecycle costs. Complies with ISO 9001 and CE directives.",12455.2,USD,415V,15 kW,50 Hz,3500 rpm,363.9 g,96.7x17.6x35.5 cm,Stainless Steel 316,IP55,24 months,Xylem,United States,Apex Industrial Supplies,Distributor Catalog EU,https://docs.productiq-assets.com/specs/xylem/xyl-pmp-8644.pdf,invalid-url-item
PID-10247,Kaeser Reciprocating Air Compressor KAE-CMP-2766,Kaeser,Compressors,Reciprocating Air Compressor,KAE-CMP-2766,"Kaeser Reciprocating Air Compressor KAE-CMP-2766 offers industry leading performance, low vibration levels, and optimized lifecycle costs. Complies with ISO 9001 and CE directives.",23014.77,USD,400V 50Hz,75KW,50 Hz,3000 rpm,438.6 kg,"9.2"" x 9.1"" x 6.4""",Heavy Gauge Steel Housing,IP65,12 Months,Kaeser,Finland,Precision Parts Direct,ERP Master Data,,https://www.industrial-supply-direct.com/item/kae-cmp-2766
PID-10248,Pilz Explosion Proof Beacon PIL-SFT-7249,Pilz,Safety Equipment,Explosion Proof Beacon,PIL-SFT-7249,"*** PILZ SPECIAL PROMO *** Model PIL-SFT-7249. High reliability, certified quality. Suitable for power, water, oil&gas applications. Order now.",14847.78,EUR,24 V DC,0.02 kW,50/60 Hz,N/A,,1159 x 436 x 701 mm,Flameproof Aluminum,Ex d IIC T6,12 Months,Pilz,United States,Continental Drive Systems,Vendor Portal Upload,https://docs.productiq-assets.com/specs/pilz/pil-sft-7249.pdf,https://www.industrial-supply-direct.com/item/pil-sft-7249
PID-10249,Euchner Explosion Proof Beacon EUC-SFT-7897,Euchner,Safety Equipment,Explosion Proof Beacon,EUC-SFT-7897,"*** EUCHNER SPECIAL PROMO *** Model EUC-SFT-7897. High reliability, certified quality. Suitable for power, water, oil&gas applications. Order now.",4531.36,GBP,Battery / 3.6V,0.02 kW,DC,N/A,67.7 lbs,L:802 W:398 H:477,Anodized Aluminum,IP67,36 Months Extended,Euchner,Sweden,Apex Industrial Supplies,Field Engineering Audit,https://docs.productiq-assets.com/specs/euchner/euc-sft-7897.pdf,https://www.industrial-supply-direct.com/item/euc-sft-7897
PID-10250,Baldor-Reliance Explosion-Proof Motor BAL-MTR-4201,Baldor-Reliance,Industrial Motors,Explosion-Proof Motor,BAL-MTR-4201,"Baldor-Reliance Explosion-Proof Motor BAL-MTR-4201 offers industry leading performance, low vibration levels, and optimized lifecycle costs. Complies with ISO 9001 and CE directives.",18864.58,EUR,380-415 V,15kw,60 Hz,1500 rpm,49.4 kilograms,1115x324x103mm,Ductile Iron,,1 Year Standard,Baldor-Reliance,Switzerland,Global Electro Corp,Vendor Portal Upload,https://docs.productiq-assets.com/specs/baldor-reliance/bal-mtr-4201.pdf,https://www.industrial-supply-direct.com/item/bal-mtr-4201
PID-10251,Gardner Denver Oil-Free Scroll Compressor GAR-CMP-4363,Gardner Denver,Compressors,Oil-Free Scroll Compressor,GAR-CMP-4363,"*** GARDNER DENVER SPECIAL PROMO *** Model GAR-CMP-4363. High reliability, certified quality. Suitable for power, water, oil&gas applications. Order now.",19840.81,$,400V 50Hz,100 HP,50 Hz,3000 rpm,22.1 kg,681x278x324mm,Heavy Gauge Steel Housing,IP54,24 months,Gardner Denver,Switzerland,Global Electro Corp,Vendor Portal Upload,,https://www.industrial-supply-direct.com/item/gar-cmp-4363
PID-10252,Grundfos Submersible Slurry Pump GRU-PMP-7208,Grundfos,Pumps,Submersible Slurry Pump,GRU-PMP-7208,"*** GRUNDFOS SPECIAL PROMO *** Model GRU-PMP-7208. High reliability, certified quality. Suitable for power, water, oil&gas applications. Order now.",8177.44,€,230 V,5 HP,50 Hz,1450 RPM,395.6 kg,36.7x29.4x29.6 cm,Cast Iron GG25,ip68,24 months,Grundfos,France,Precision Parts Direct,Vendor Portal Upload,https://docs.productiq-assets.com/specs/grundfos/gru-pmp-7208.pdf,https://www.industrial-supply-direct.com/item/gru-pmp-7208
PID-10253,Cummins Automatic Transfer Switch CUM-PWR-5819,Cummins,Power Equipment,Automatic Transfer Switch,CUM-PWR-5819,"Compact and durable Automatic Transfer Switch with 1500 kVA rating, rated for 480 V networks.",7921.48,EUR,480 V,1500 kVA,50 Hz,N/A,277.7 KG,1142x483x610mm,Galvanized Steel Weatherproof,IP65 Enclosure,24 months,Cummins,Italy,Continental Drive Systems,Field Engineering Audit,https://docs.productiq-assets.com/specs/cummins/cum-pwr-5819.pdf,https://www.industrial-supply-direct.com/item/cum-pwr-5819
PID-10254,Eaton Surge Protection Device EAT-ELC-7569,Eaton,Electrical Components,Surge Protection Device,EAT-ELC-7569,"Eaton Surge Protection Device EAT-ELC-7569 offers industry leading performance, low vibration levels, and optimized lifecycle costs. Complies with ISO 9001 and CE directives.",960.4,USD,415 VAC,1600 A Rating,50 Hz,N/A,40.4 kilograms,1010 x 631 x 460 mm,DMC Polyester Glass,IP30,1 Year Standard,Eaton,Finland,TechFlow Solutions,Vendor Portal Upload,https://docs.productiq-assets.com/specs/eaton/eat-elc-7569.pdf,https://www.industrial-supply-direct.com/item/eat-elc-7569
PID-10255,Sullair Centrifugal Turbo Compressor SUL-CMP-5473,Sullair,Compressors,Centrifugal Turbo Compressor,SUL-CMP-5473,"Compact and durable Centrifugal Turbo Compressor with 100 HP rating, rated for 400 V networks.",4379.31,EUR,400 V,100 HP,50 Hz,3000 rpm,46.5 kg,51.0x44.1x30.1 cm,Heavy Gauge Steel Housing,IP65,24 months,Sullair,Japan,Global Electro Corp,Field Engineering Audit,https://docs.productiq-assets.com/specs/sullair/sul-cmp-5473.pdf,https://www.industrial-supply-direct.com/item/sul-cmp-5473
PID-10256,Euchner Safety Light Curtain EUC-SFT-5906,Euchner,Safety Equipment,Safety Light Curtain,EUC-SFT-5906,"Euchner Safety Light Curtain EUC-SFT-5906 offers industry leading performance, low vibration levels, and optimized lifecycle costs. Complies with ISO 9001 and CE directives.",18813.51,EUR,110-230 VAC,15 W,50/60 Hz,N/A,337.7 lbs,105.9x57.2x44.8 cm,Flameproof Aluminum,,,Euchner,France,Precision Parts Direct,OEM Technical Data Sheet,https://docs.productiq-assets.com/specs/euchner/euc-sft-5906.pdf,https://www.industrial-supply-direct.com/item/euc-sft-5906
PID-10257,Pilz Explosion Proof Beacon PIL-SFT-3276,Pilz,Safety Equipment,Explosion Proof Beacon,PIL-SFT-3276,"*** PILZ SPECIAL PROMO *** Model PIL-SFT-3276. High reliability, certified quality. Suitable for power, water, oil&gas applications. Order now.",22645.31,USD,110-230 VAC,10 W,DC,N/A,,L:384 W:257 H:438,Reinforced Polymer,IP65,36 Months Extended,Pilz,France,Nordic Machinery Hub,Vendor Portal Upload,https://docs.productiq-assets.com/specs/pilz/pil-sft-3276.pdf,invalid-url-item
PID-10258,Rockwell Allen-Bradley Human Machine Interface (HMI) ROC-CTL-2779,Rockwell Allen-Bradley,Control Systems,Human Machine Interface (HMI),ROC-CTL-2779,"*** ROCKWELL ALLEN-BRADLEY SPECIAL PROMO *** Model ROC-CTL-2779. High reliability, certified quality. Suitable for power, water, oil&gas applications. Order now.",23089.75,USD,24vdc,,50 Hz,N/A,410.3 lbs,"22.7"" x 15.7"" x 30.5""",Polycarbonate / Aluminum,IP20,12 Months,Rockwell Allen-Bradley,China,Apex Industrial Supplies,ERP Master Data,https://docs.productiq-assets.com/specs/rockwell_allen-bradley/roc-ctl-2779.pdf,https://www.industrial-supply-direct.com/item/roc-ctl-2779
PID-10259,Rockwell Allen-Bradley Programmable Logic Controller (PLC) ROC-CTL-3115,Rockwell Allen-Bradley,Control Systems,Programmable Logic Controller (PLC),ROC-CTL-3115,REDUNDANT RECORD: Rockwell Allen-Bradley ROC-CTL-3115 Control Systems Programmable Logic Controller (PLC). Contact supplier Nordic Machinery Hub for spec sheet.,11522.38,$,24VDC / 120VAC,30 W,50/60 Hz,N/A,265.4 LBS,,Polycarbonate / Aluminum,IP65 Bezel,2 Years,Rockwell Allen-Bradley,United States,Nordic Machinery Hub,Supplier Price File 2024,https://docs.productiq-assets.com/specs/rockwell_allen-bradley/roc-ctl-3115.pdf,https://www.industrial-supply-direct.com/item/roc-ctl-3115
PID-10260,Vertiv Liebert Battery Energy Storage Unit VER-PWR-8580,Vertiv Liebert,Power Equipment,Battery Energy Storage Unit,VER-PWR-8580,"*** VERTIV LIEBERT SPECIAL PROMO *** Model VER-PWR-8580. High reliability, certified quality. Suitable for power, water, oil&gas applications. Order now.",17717.31,EUR,400 V 3-Phase,50 kVA,60 Hz,N/A,82.9 LBS,L:1037 W:493 H:774,Acoustic Heavy Steel,IP20,12 Months,Vertiv Liebert,Germany,Global Electro Corp,Supplier Price File 2024,https://docs.productiq-assets.com/specs/vertiv_liebert/ver-pwr-8580.pdf,https://www.industrial-supply-direct.com/item/ver-pwr-8580
PID-10261,Koyo Deep Groove Ball Bearing KOY-BRG-4559,Koyo,Bearings,Deep Groove Ball Bearing,KOY-BRG-4559,Heavy-duty industrial grade Deep Groove Ball Bearing engineered by Koyo. Designed for continuous continuous operation in harsh industrial environments with high thermal efficiency and rugged construction.,23818.0,,,,N/A,3200 RPM,14.5 g,1045x490x451mm,High Carbon Chrome Steel 100Cr6,N/A,1 Year Standard,Koyo,Germany,TechFlow Solutions,Distributor Catalog EU,https://docs.productiq-assets.com/specs/koyo/koy-brg-4559.pdf,https://www.industrial-supply-direct.com/item/koy-brg-4559
PID-10262,Siemens Industrial Transformer SIE-ELC-2117,Siemens,Electrical Components,,SIE-ELC-2117,REDUNDANT RECORD: Siemens SIE-ELC-2117 Electrical Components . Contact supplier Precision Parts Direct for spec sheet.,15797.7,USD,230/400V,N/A,60 Hz,N/A,334.3 KG,12.2x79.3x37.9 cm,Thermoset Resin,IP54,2 Years,Siemens,Germany,Precision Parts Direct,OEM Technical Data Sheet,https://docs.productiq-assets.com/specs/siemens/sie-elc-2117.pdf,https://www.industrial-supply-direct.com/item/sie-elc-2117
PID-10263,Pepperl+Fuchs Safety Light Curtain PEP-SFT-7399,Pepperl+Fuchs,Safety Equipment,Safety Light Curtain,PEP-SFT-7399,<div><p>Industrial Safety Equipment - PEP-SFT-7399</p><span>Manufacturer: Pepperl+Fuchs</span><br>Standard spec with warranty: 12 Months</div>,1338.51,$,Battery / 3.6V,15 W,DC,N/A,369.7 g,551x198x780mm,Anodized Aluminum,IP66,12 Months,Pepperl+Fuchs,China,Apex Industrial Supplies,Supplier Price File 2024,https://docs.productiq-assets.com/specs/pepperl+fuchs/pep-sft-7399.pdf,https://www.industrial-supply-direct.com/item/pep-sft-7399
PID-10264,Cummins Automatic Transfer Switch CUM-PWR-7472,Cummins,Power Equipment,Automatic Transfer Switch,CUM-PWR-7472,"*** CUMMINS SPECIAL PROMO *** Model CUM-PWR-7472. High reliability, certified quality. Suitable for power, water, oil&gas applications. Order now.",5643.04,$,400 V 3-Phase,,50 Hz,1800 rpm,,"21.5"" x 20.5"" x 16.1""",Galvanized Steel Weatherproof,,12 Months,Cummins,China,Continental Drive Systems,Field Engineering Audit,https://docs.productiq-assets.com/specs/cummins/cum-pwr-7472.pdf,https://www.industrial-supply-direct.com/item/cum-pwr-7472
PID-10265,Gardner Denver Oil-Free Scroll Compressor GAR-CMP-3177,Gardner Denver,Compressors,Oil-Free Scroll Compressor,GAR-CMP-3177,<div><p>Industrial Compressors - GAR-CMP-3177</p><span>Manufacturer: Gardner Denver</span><br>Standard spec with warranty: 36 Months Extended</div>,15279.48,USD,400V 50Hz,50 HP,60 Hz,1480 RPM,317.8 kg,354x416x342mm,Heavy Gauge Steel Housing,IP55,36 Months Extended,Gardner Denver,Germany,Global Electro Corp,Distributor Catalog EU,https://docs.productiq-assets.com/specs/gardner_denver/gar-cmp-3177.pdf,https://www.industrial-supply-direct.com/item/gar-cmp-3177
PID-10266,Rockwell Allen-Bradley Programmable Logic Controller (PLC) ROC-CTL-4900,Rockwell Allen-Bradley,Control Systems,Programmable Logic Controller (PLC),ROC-CTL-4900,"Rockwell Allen-Bradley Programmable Logic Controller (PLC) ROC-CTL-4900 offers industry leading performance, low vibration levels, and optimized lifecycle costs. Complies with ISO 9001 and CE directives.",23726.21,GBP,24vdc,,0-400 Hz Output,N/A,13.1 kilograms,801x348x310mm,Industrial Thermoplastic,IP65 Bezel,,Rockwell Allen-Bradley,Switzerland,Continental Drive Systems,Field Engineering Audit,https://docs.productiq-assets.com/specs/rockwell_allen-bradley/roc-ctl-4900.pdf,https://www.industrial-supply-direct.com/item/roc-ctl-4900
PID-10267,ABB Servo Motor ABB-MTR-2146,ABB,Industrial Motors,Servo Motor,ABB-MTR-2146,"ABB Servo Motor ABB-MTR-2146 offers industry leading performance, low vibration levels, and optimized lifecycle costs. Complies with ISO 9001 and CE directives.",15255.89,€,400 V,15kw,50Hz,1500 rpm,141.9 g,96.8x28.0x72.0 cm,Cast Iron,IP65,36 Months Extended,ABB,Switzerland,TechFlow Solutions,Supplier Price File 2024,,https://www.industrial-supply-direct.com/item/abb-mtr-2146
PID-10268,Mitsubishi Electric Distributed Control System (DCS) Module MIT-CTL-8712,Mitsubishi Electric,Control Systems,Distributed Control System (DCS) Module,MIT-CTL-8712,"*** MITSUBISHI ELECTRIC SPECIAL PROMO *** Model MIT-CTL-8712. High reliability, certified quality. Suitable for power, water, oil&gas applications. Order now.",12169.07,EUR,24VDC / 120VAC,15 kW,50 Hz,N/A,249.9 KG,L:1049 W:413 H:564,Industrial Thermoplastic,,36 Months Extended,Mitsubishi Electric,United States,TechFlow Solutions,Supplier Price File 2024,https://docs.productiq-assets.com/specs/mitsubishi_electric/mit-ctl-8712.pdf,https://www.industrial-supply-direct.com/item/mit-ctl-8712
PID-10269,Endress+Hauser Pressure Transmitter END-SNS-9203,Endress+Hauser,Sensors,Pressure Transmitter,END-SNS-9203,"Compact and durable Pressure Transmitter with 0.01 kW rating, rated for LOOP POWERED networks.",9759.94,€,LOOP POWERED,0.01 kW,50/60 Hz,N/A,419.6 KG,99.3x36.1x88.9 cm,Titanium,IP69K,36 Months Extended,Endress+Hauser,United Kingdom,Precision Parts Direct,Field Engineering Audit,https://docs.productiq-assets.com/specs/endress+hauser/end-sns-9203.pdf,invalid-url-item
PID-10270,Mitsubishi Electric Distributed Control System (DCS) Module MIT-CTL-4970,Mitsubishi Electric,Control Systems,Distributed Control System (DCS) Module,MIT-CTL-4970,"Mitsubishi Electric Distributed Control System (DCS) Module MIT-CTL-4970 offers industry leading performance, low vibration levels, and optimized lifecycle costs. Complies with ISO 9001 and CE directives.",22121.92,EUR,24 V DC,15 kW,0-400 Hz Output,N/A,8.0 kilograms,887 x 507 x 823 mm,Industrial Thermoplastic,IP65 Bezel,36 Months Extended,Mitsubishi Electric,France,Global Electro Corp,OEM Technical Data Sheet,https://docs.productiq-assets.com/specs/mitsubishi_electric/mit-ctl-4970.pdf,https://www.industrial-supply-direct.com/item/mit-ctl-4970
PID-10271,Pepperl+Fuchs Gas Detection Monitor PEP-SFT-6045,Pepperl+Fuchs,Safety Equipment,,PEP-SFT-6045,"*** PEPPERL+FUCHS SPECIAL PROMO *** Model PEP-SFT-6045. High reliability, certified quality. Suitable for power, water, oil&gas applications. Order now.",2698.29,USD,24 V DC,0.02 kW,50/60 Hz,N/A,33.8 g,953x770x395mm,Flameproof Aluminum,IP65,2 Years,Pepperl+Fuchs,Sweden,Precision Parts Direct,ERP Master Data,https://docs.productiq-assets.com/specs/pepperl+fuchs/pep-sft-6045.pdf,https://www.industrial-supply-direct.com/item/pep-sft-6045
PID-10272,Sulzer Multistage High-Pressure Pump SUL-PMP-4482,Sulzer,Pumps,Multistage High-Pressure Pump,SUL-PMP-4482,"Compact and durable Multistage High-Pressure Pump with 7.5 kW rating, rated for 400 V networks.",1495.56,USD,400 V,7.5 kW,50 Hz,2900 RPM,,580 x 589 x 596 mm,Duplex Steel,IP66,12 Months,Sulzer,Japan,Apex Industrial Supplies,Distributor Catalog EU,https://docs.productiq-assets.com/specs/sulzer/sul-pmp-4482.pdf,https://www.industrial-supply-direct.com/item/sul-pmp-4482
PID-10273,KSB Multistage High-Pressure Pump KSB-PMP-1118,KSB,Pumps,Multistage High-Pressure Pump,KSB-PMP-1118,"*** KSB SPECIAL PROMO *** Model KSB-PMP-1118. High reliability, certified quality. Suitable for power, water, oil&gas applications. Order now.",12522.57,$,380 V 3-Phase,15 kW,60 Hz,1450 RPM,300.1 lbs,,Bronze,ip68,,KSB,France,Precision Parts Direct,Field Engineering Audit,,https://www.industrial-supply-direct.com/item/ksb-pmp-1118
PID-10274,Euchner Emergency Stop Rope Pull EUC-SFT-7036,Euchner,Safety Equipment,Emergency Stop Rope Pull,EUC-SFT-7036,"*** EUCHNER SPECIAL PROMO *** Model EUC-SFT-7036. High reliability, certified quality. Suitable for power, water, oil&gas applications. Order now.",12399.17,€,Battery / 3.6V,0.02 kW,DC,N/A,181.6 LBS,813 x 538 x 587 mm,Anodized Aluminum,IP65,5 Years,Euchner,Japan,Continental Drive Systems,Supplier Price File 2024,https://docs.productiq-assets.com/specs/euchner/euc-sft-7036.pdf,https://www.industrial-supply-direct.com/item/euc-sft-7036
PID-10275,Huawei Digital Power Automatic Transfer Switch HUA-PWR-1520,Huawei Digital Power,Power Equipment,Automatic Transfer Switch,HUA-PWR-1520,"Huawei Digital Power Automatic Transfer Switch HUA-PWR-1520 offers industry leading performance, low vibration levels, and optimized lifecycle costs. Complies with ISO 9001 and CE directives.",19140.97,EUR,230 V Single Phase,500 kW,60 Hz,N/A,315.7 kg,15.9x26.4x43.4 cm,Galvanized Steel Weatherproof,IP20,2 Years,Huawei Digital Power,Japan,Precision Parts Direct,Field Engineering Audit,https://docs.productiq-assets.com/specs/huawei_digital_power/hua-pwr-1520.pdf,https://www.industrial-supply-direct.com/item/hua-pwr-1520
PID-10276,Flowserve High-Pressure Gate Valve FLO-VLV-2481,Flowserve,Valves,High-Pressure Gate Valve,FLO-VLV-2481,Heavy-duty industrial grade High-Pressure Gate Valve engineered by Flowserve. Designed for continuous continuous operation in harsh industrial environments with high thermal efficiency and rugged construction.,5437.33,$,,N/A,N/A,,41.7 kg,48.5x21.8x68.6 cm,Hastelloy C,IP66,1 Year Standard,Flowserve,Germany,TechFlow Solutions,Vendor Portal Upload,https://docs.productiq-assets.com/specs/flowserve/flo-vlv-2481.pdf,https://www.industrial-supply-direct.com/item/flo-vlv-2481
PID-10277,Mitsubishi Electric Variable Frequency Drive (VFD) MIT-CTL-6980,Mitsubishi Electric,Control Systems,Variable Frequency Drive (VFD),MIT-CTL-6980,"Compact and durable Variable Frequency Drive (VFD) with 22 kW rating, rated for 230 V AC networks.",12514.85,EUR,230 V AC,22 kW,50 Hz,N/A,206.5 LBS,170 x 713 x 427 mm,Industrial Thermoplastic,,24 months,Mitsubishi Electric,Finland,Nordic Machinery Hub,Field Engineering Audit,https://docs.productiq-assets.com/specs/mitsubishi_electric/mit-ctl-6980.pdf,https://www.industrial-supply-direct.com/item/mit-ctl-6980
PID-10278,Siemens SIMATIC Variable Frequency Drive (VFD) SIE-CTL-3501,Siemens SIMATIC,Control Systems,Variable Frequency Drive (VFD),SIE-CTL-3501,"*** SIEMENS SIMATIC SPECIAL PROMO *** Model SIE-CTL-3501. High reliability, certified quality. Suitable for power, water, oil&gas applications. Order now.",20366.59,,230 V AC,22 kW,50/60 Hz,N/A,178.0 lbs,,Industrial Thermoplastic,IP65 Bezel,5 Years,Siemens SIMATIC,Japan,Precision Parts Direct,ERP Master Data,https://docs.productiq-assets.com/specs/siemens_simatic/sie-ctl-3501.pdf,https://www.industrial-supply-direct.com/item/sie-ctl-3501
PID-10279,KSB Positive Displacement Pump KSB-PMP-1886,KSB,Pumps,Positive Displacement Pump,KSB-PMP-1886,<div><p>Industrial Pumps - KSB-PMP-1886</p><span>Manufacturer: KSB</span><br>Standard spec with warranty: 5 Years</div>,7356.93,EUR,24 V DC,15 HP,50/60 Hz,2900 RPM,6.6 g,"12.1"" x 31.3"" x 9.9""",Cast Iron GG25,IP 68,5 Years,KSB,Germany,Apex Industrial Supplies,OEM Technical Data Sheet,https://docs.productiq-assets.com/specs/ksb/ksb-pmp-1886.pdf,https://www.industrial-supply-direct.com/item/ksb-pmp-1886
PID-10280,ABB DC Traction Motor ABB-MTR-6545,ABB,Industrial Motors,DC Traction Motor,ABB-MTR-6545,Heavy-duty industrial grade DC Traction Motor engineered by ABB. Designed for continuous continuous operation in harsh industrial environments with high thermal efficiency and rugged construction.,23276.02,EUR,230/400V,45 kW,50/60 Hz,1500 rpm,446.0 g,"41.3"" x 30.1"" x 19.3""",Cast Iron,IP55,24 months,ABB,United States,Apex Industrial Supplies,Distributor Catalog EU,https://docs.productiq-assets.com/specs/abb/abb-mtr-6545.pdf,https://www.industrial-supply-direct.com/item/abb-mtr-6545
PID-10281,Sick Safety Light Curtain SIC-SFT-8856,Sick,Safety Equipment,Safety Light Curtain,SIC-SFT-8856,REDUNDANT RECORD: Sick SIC-SFT-8856 Safety Equipment Safety Light Curtain. Contact supplier Continental Drive Systems for spec sheet.,19081.73,USD,24 V DC,15 W,DC,N/A,85.2 kilograms,L:906 W:669 H:649,Flameproof Aluminum,IP66,1 Year Standard,Sick,China,Continental Drive Systems,Distributor Catalog EU,https://docs.productiq-assets.com/specs/sick/sic-sft-8856.pdf,https://www.industrial-supply-direct.com/item/sic-sft-8856
PID-10282,KSB Centrifugal Pump KSB-PMP-3960,KSB,Pumps,Centrifugal Pump,KSB-PMP-3960,<div><p>Industrial Pumps - KSB-PMP-3960</p><span>Manufacturer: KSB</span><br>Standard spec with warranty: 2 Years</div>,16711.09,USD,380 V 3-Phase,15 HP,50 Hz,3500 rpm,40.4 kg,844 x 657 x 275 mm,Bronze,ip68,2 Years,KSB,Germany,Continental Drive Systems,ERP Master Data,https://docs.productiq-assets.com/specs/ksb/ksb-pmp-3960.pdf,https://www.industrial-supply-direct.com/item/ksb-pmp-3960
PID-10283,Vertiv Liebert Solar Inverter Grid-Tied VER-PWR-9563,Vertiv Liebert,Power Equipment,Solar Inverter Grid-Tied,VER-PWR-9563,"*** VERTIV LIEBERT SPECIAL PROMO *** Model VER-PWR-9563. High reliability, certified quality. Suitable for power, water, oil&gas applications. Order now.",12956.28,USD,400/230V 50Hz,1000 kVA,50 Hz,N/A,249.6 LBS,,Marine Grade Aluminum,IP23,24 months,Vertiv Liebert,France,Precision Parts Direct,ERP Master Data,https://docs.productiq-assets.com/specs/vertiv_liebert/ver-pwr-9563.pdf,https://www.industrial-supply-direct.com/item/ver-pwr-9563
PID-10284,Koyo Cylindrical Roller Bearing KOY-BRG-3346,Koyo,Bearings,Cylindrical Roller Bearing,KOY-BRG-3346,Heavy-duty industrial grade Cylindrical Roller Bearing engineered by Koyo. Designed for continuous continuous operation in harsh industrial environments with high thermal efficiency and rugged construction.,15141.12,€,N/A,N/A,N/A,6000 RPM,172.1 LBS,L:653 W:227 H:644,Ceramic Hybrid,ZZ Shielded,1 Year Standard,Koyo,Italy,Precision Parts Direct,Distributor Catalog EU,https://docs.productiq-assets.com/specs/koyo/koy-brg-3346.pdf,https://www.industrial-supply-direct.com/item/koy-brg-3346
PID-10285,NSK Spherical Roller Bearing NSK-BRG-5483,NSK,Bearings,Spherical Roller Bearing,NSK-BRG-5483,REDUNDANT RECORD: NSK NSK-BRG-5483 Bearings Spherical Roller Bearing. Contact supplier Continental Drive Systems for spec sheet.,9104.69,EUR,N/A,N/A,N/A,8500 rpm,258.5 kg.,"11.9"" x 5.9"" x 10.8""",High Carbon Chrome Steel 100Cr6,N/A,2 Years,NSK,China,Continental Drive Systems,ERP Master Data,https://docs.productiq-assets.com/specs/nsk/nsk-brg-5483.pdf,https://www.industrial-supply-direct.com/item/nsk-brg-5483
PID-10286,Cummins Solar Inverter Grid-Tied CUM-PWR-1155,Cummins,Power Equipment,Solar Inverter Grid-Tied,CUM-PWR-1155,"Compact and durable Solar Inverter Grid-Tied with 1200 kW rating, rated for 400/230V 50Hz networks.",17141.72,EUR,400/230V 50Hz,1200 kW,50/60 Hz,1500 RPM,274.9 g,99.8x46.2x57.9 cm,Acoustic Heavy Steel,IP54 Outdoor,1 Year Standard,Cummins,Switzerland,TechFlow Solutions,Vendor Portal Upload,https://docs.productiq-assets.com/specs/cummins/cum-pwr-1155.pdf,https://www.industrial-supply-direct.com/item/cum-pwr-1155
PID-10287,Schneider Electric Programmable Logic Controller (PLC) SCH-CTL-2302,Schneider Electric,Control Systems,,SCH-CTL-2302,"Schneider Electric Programmable Logic Controller (PLC) SCH-CTL-2302 offers industry leading performance, low vibration levels, and optimized lifecycle costs. Complies with ISO 9001 and CE directives.",22681.49,EUR,230 V AC,0.75 kW,50/60 Hz,N/A,63.6 lbs,,Metal Alloy,IP20,2 Years,Schneider Electric,Germany,Precision Parts Direct,Field Engineering Audit,https://docs.productiq-assets.com/specs/schneider_electric/sch-ctl-2302.pdf,https://www.industrial-supply-direct.com/item/sch-ctl-2302
PID-10288,Honeywell RTD Temp Sensor HON-SNS-1693,Honeywell,Sensors,RTD Temp Sensor,HON-SNS-1693,"*** HONEYWELL SPECIAL PROMO *** Model HON-SNS-1693. High reliability, certified quality. Suitable for power, water, oil&gas applications. Order now.",23154.54,USD,LOOP POWERED,1.5 W,N/A,N/A,153.7 g,34.1x39.7x40.6 cm,316L SS,IP68,2 Years,Honeywell,Finland,Nordic Machinery Hub,Distributor Catalog EU,https://docs.productiq-assets.com/specs/honeywell/hon-sns-1693.pdf,https://www.industrial-supply-direct.com/item/hon-sns-1693
PID-10289,Pilz Gas Detection Monitor PIL-SFT-8999,Pilz,Safety Equipment,Gas Detection Monitor,PIL-SFT-8999,<div><p>Industrial Safety Equipment - PIL-SFT-8999</p><span>Manufacturer: Pilz</span><br>Standard spec with warranty: 2 Years</div>,CONTACT SALES,USD,110-230 VAC,5 W,50/60 Hz,N/A,232.7 KG,109.8x10.7x25.9 cm,Reinforced Polymer,IP65,2 Years,Pilz,France,TechFlow Solutions,Supplier Price File 2024,https://docs.productiq-assets.com/specs/pilz/pil-sft-8999.pdf,https://www.industrial-supply-direct.com/item/pil-sft-8999
PID-10290,Euchner Safety Light Curtain EUC-SFT-8185,Euchner,Safety Equipment,Safety Light Curtain,EUC-SFT-8185,"Euchner Safety Light Curtain EUC-SFT-8185 offers industry leading performance, low vibration levels, and optimized lifecycle costs. Complies with ISO 9001 and CE directives.",3430.1,EUR,24VDC,,50/60 Hz,N/A,300.6 lbs,"25.4"" x 8.7"" x 20.9""",Flameproof Aluminum,IP65,,Euchner,Sweden,TechFlow Solutions,Field Engineering Audit,https://docs.productiq-assets.com/specs/euchner/euc-sft-8185.pdf,https://www.industrial-supply-direct.com/item/euc-sft-8185
PID-10291,Rockwell Allen-Bradley Programmable Logic Controller (PLC) ROC-CTL-2767,Rockwell Allen-Bradley,Control Systems,Programmable Logic Controller (PLC),ROC-CTL-2767,"Rockwell Allen-Bradley Programmable Logic Controller (PLC) ROC-CTL-2767 offers industry leading performance, low vibration levels, and optimized lifecycle costs. Complies with ISO 9001 and CE directives.",3101.25,€,24 V DC,22 kW,0-400 Hz Output,N/A,39.5 lbs,412 x 623 x 291 mm,Polycarbonate / Aluminum,IP65 Bezel,,Rockwell Allen-Bradley,Switzerland,Precision Parts Direct,ERP Master Data,https://docs.productiq-assets.com/specs/rockwell_allen-bradley/roc-ctl-2767.pdf,https://www.industrial-supply-direct.com/item/roc-ctl-2767
PID-10292,Xylem Multistage High-Pressure Pump XYL-PMP-3968,Xylem,Pumps,Multistage High-Pressure Pump,XYL-PMP-3968,Heavy-duty industrial grade Multistage High-Pressure Pump engineered by Xylem. Designed for continuous continuous operation in harsh industrial environments with high thermal efficiency and rugged construction.,CONTACT SALES,€,380 V 3-Phase,7.5 kW,50 Hz,2900 RPM,184.8 kg.,573 x 327 x 444 mm,Cast Iron GG25,IP68,36 Months Extended,Xylem,Germany,TechFlow Solutions,Supplier Price File 2024,https://docs.productiq-assets.com/specs/xylem/xyl-pmp-3968.pdf,https://www.industrial-supply-direct.com/item/xyl-pmp-3968
PID-10293,Gardner Denver Oil-Free Scroll Compressor GAR-CMP-5046,Gardner Denver,Compressors,Oil-Free Scroll Compressor,GAR-CMP-5046,REDUNDANT RECORD: Gardner Denver GAR-CMP-5046 Compressors Oil-Free Scroll Compressor. Contact supplier Precision Parts Direct for spec sheet.,4431.59,€,400 V,50 HP,50 Hz,2950 RPM,165.2 kg.,127x799x665mm,Acoustic Enclosure,IP65,24 months,Gardner Denver,Italy,Precision Parts Direct,ERP Master Data,https://docs.productiq-assets.com/specs/gardner_denver/gar-cmp-5046.pdf,https://www.industrial-supply-direct.com/item/gar-cmp-5046
PID-10294,NSK Pillow Block Bearing NSK-BRG-7292,NSK,Bearings,Pillow Block Bearing,NSK-BRG-7292,"NSK Pillow Block Bearing NSK-BRG-7292 offers industry leading performance, low vibration levels, and optimized lifecycle costs. Complies with ISO 9001 and CE directives.",3205.56,GBP,N/A,N/A,N/A,4500 max RPM,92.9 g,36.1x29.6x52.8 cm,High Carbon Chrome Steel 100Cr6,2RS Sealed,,NSK,Italy,TechFlow Solutions,Vendor Portal Upload,https://docs.productiq-assets.com/specs/nsk/nsk-brg-7292.pdf,https://www.industrial-supply-direct.com/item/nsk-brg-7292
PID-10295,Siemens SIMATIC Human Machine Interface (HMI) SIE-CTL-7864,Siemens SIMATIC,Control Systems,Human Machine Interface (HMI),SIE-CTL-7864,<div><p>Industrial Control Systems - SIE-CTL-7864</p><span>Manufacturer: Siemens SIMATIC</span><br>Standard spec with warranty: </div>,18999.02,EUR,24vdc,30 W,50/60 Hz,N/A,240.8 LBS,L:438 W:548 H:868,Industrial Thermoplastic,,,Siemens SIMATIC,France,Continental Drive Systems,Supplier Price File 2024,https://docs.productiq-assets.com/specs/siemens_simatic/sie-ctl-7864.pdf,invalid-url-item
PID-10296,Cummins Automatic Transfer Switch CUM-PWR-1145,Cummins,Power Equipment,Automatic Transfer Switch,CUM-PWR-1145,Heavy-duty industrial grade Automatic Transfer Switch engineered by Cummins. Designed for continuous continuous operation in harsh industrial environments with high thermal efficiency and rugged construction.,10976.87,$,400/230V 50Hz,1500 kVA,50/60 Hz,N/A,20.0 KG,668 x 236 x 376 mm,Acoustic Heavy Steel,IP65 Enclosure,5 Years,Cummins,Switzerland,Continental Drive Systems,OEM Technical Data Sheet,,https://www.industrial-supply-direct.com/item/cum-pwr-1145
PID-10297,Schneider Galaxy Solar Inverter Grid-Tied SCH-PWR-2363,Schneider Galaxy,Power Equipment,Solar Inverter Grid-Tied,SCH-PWR-2363,<div><p>Industrial Power Equipment - SCH-PWR-2363</p><span>Manufacturer: Schneider Galaxy</span><br>Standard spec with warranty: 36 Months Extended</div>,6399.47,$,400/230V 50Hz,,50 Hz,1800 rpm,437.3 LBS,L:317 W:491 H:769,Acoustic Heavy Steel,IP65 Enclosure,36 Months Extended,Schneider Galaxy,United Kingdom,Global Electro Corp,OEM Technical Data Sheet,https://docs.productiq-assets.com/specs/schneider_galaxy/sch-pwr-2363.pdf,https://www.industrial-supply-direct.com/item/sch-pwr-2363
PID-10298,Rockwell Allen-Bradley Human Machine Interface (HMI) ROC-CTL-4796,Rockwell Allen-Bradley,Control Systems,Human Machine Interface (HMI),ROC-CTL-4796,"Compact and durable Human Machine Interface (HMI) with 150 W rating, rated for 24VDC / 120VAC networks.",8901.03,$,24VDC / 120VAC,150 W,0-400 Hz Output,N/A,11.9 KG,,Polycarbonate / Aluminum,ip20,12 Months,Rockwell Allen-Bradley,Switzerland,Nordic Machinery Hub,Supplier Price File 2024,https://docs.productiq-assets.com/specs/rockwell_allen-bradley/roc-ctl-4796.pdf,https://www.industrial-supply-direct.com/item/roc-ctl-4796
PID-10299,Sick Safety Light Curtain SIC-SFT-2633,Sick,Safety Equipment,Safety Light Curtain,SIC-SFT-2633,"Sick Safety Light Curtain SIC-SFT-2633 offers industry leading performance, low vibration levels, and optimized lifecycle costs. Complies with ISO 9001 and CE directives.",580.42,,Battery / 3.6V,0.02 kW,DC,N/A,356.8 LBS,L:793 W:187 H:307,Anodized Aluminum,IP69K,1 Year Standard,Sick,Japan,TechFlow Solutions,OEM Technical Data Sheet,https://docs.productiq-assets.com/specs/sick/sic-sft-2633.pdf,invalid-url-item
PID-10300,Koyo Pillow Block Bearing KOY-BRG-3016,Koyo,Bearings,Pillow Block Bearing,KOY-BRG-3016,REDUNDANT RECORD: Koyo KOY-BRG-3016 Bearings Pillow Block Bearing. Contact supplier Apex Industrial Supplies for spec sheet.,2543.83,EUR,N/A,N/A,N/A,4500 max RPM,174.7 g,330x603x273mm,High Carbon Chrome Steel 100Cr6,,12 Months,Koyo,Italy,Apex Industrial Supplies,ERP Master Data,https://docs.productiq-assets.com/specs/koyo/koy-brg-3016.pdf,https://www.industrial-supply-direct.com/item/koy-brg-3016
PID-10301,Grundfos Multistage High-Pressure Pump GRU-PMP-3475,Grundfos,Pumps,Multistage High-Pressure Pump,GRU-PMP-3475,"Compact and durable Multistage High-Pressure Pump with 7.5 kW rating, rated for 400v networks.",12771.44,€,400v,7.5 kW,50/60 Hz,2900 RPM,298.6 kg.,256x102x252mm,Cast Iron GG25,ip68,24 months,Grundfos,France,Nordic Machinery Hub,OEM Technical Data Sheet,https://docs.productiq-assets.com/specs/grundfos/gru-pmp-3475.pdf,https://www.industrial-supply-direct.com/item/gru-pmp-3475
PID-10302,Grundfos Multistage High-Pressure Pump GRU-PMP-8003,Grundfos,Pumps,Multistage High-Pressure Pump,GRU-PMP-8003,"Grundfos Multistage High-Pressure Pump GRU-PMP-8003 offers industry leading performance, low vibration levels, and optimized lifecycle costs. Complies with ISO 9001 and CE directives.",3544.73,EUR,415V,5 HP,60 Hz,2900 RPM,361.5 g,L:884 W:528 H:662,Duplex Steel,IP55,1 Year Standard,Grundfos,China,Global Electro Corp,Vendor Portal Upload,,https://www.industrial-supply-direct.com/item/gru-pmp-8003
PID-10303,Honeywell Analytics Emergency Stop Rope Pull HON-SFT-2429,Honeywell Analytics,Safety Equipment,Emergency Stop Rope Pull,HON-SFT-2429,"Compact and durable Emergency Stop Rope Pull with standard power rating, rated for 110-230 VAC networks.",153.54,GBP,110-230 VAC,,DC,N/A,64.9 lbs,962 x 348 x 315 mm,Reinforced Polymer,Ex d IIC T6,5 Years,Honeywell Analytics,United States,Precision Parts Direct,OEM Technical Data Sheet,https://docs.productiq-assets.com/specs/honeywell_analytics/hon-sft-2429.pdf,https://www.industrial-supply-direct.com/item/hon-sft-2429
PID-10304,Schneider Electric Programmable Logic Controller (PLC) SCH-CTL-2736,Schneider Electric,Control Systems,Programmable Logic Controller (PLC),SCH-CTL-2736,Heavy-duty industrial grade Programmable Logic Controller (PLC) engineered by Schneider Electric. Designed for continuous continuous operation in harsh industrial environments with high thermal efficiency and rugged construction.,1849.22,EUR,24vdc,150 W,50 Hz,N/A,212.7 KG,"28.1"" x 22.9"" x 20.5""",Polycarbonate / Aluminum,IP20,,Schneider Electric,Germany,TechFlow Solutions,Field Engineering Audit,https://docs.productiq-assets.com/specs/schneider_electric/sch-ctl-2736.pdf,https://www.industrial-supply-direct.com/item/sch-ctl-2736
PID-10305,Nidec Synchronous Motor NID-MTR-9245,Nidec,Industrial Motors,Synchronous Motor,NID-MTR-9245,Heavy-duty industrial grade Synchronous Motor engineered by Nidec. Designed for continuous continuous operation in harsh industrial environments with high thermal efficiency and rugged construction.,9564.68,USD,400 V,15000 W,50/60 Hz,1750 RPM,171.5 KG,920x733x157mm,Stainless Steel,,,Nidec,China,Continental Drive Systems,Field Engineering Audit,https://docs.productiq-assets.com/specs/nidec/nid-mtr-9245.pdf,https://www.industrial-supply-direct.com/item/nid-mtr-9245
PID-10306,Gardner Denver Oil-Free Scroll Compressor GAR-CMP-7233,Gardner Denver,Compressors,Oil-Free Scroll Compressor,GAR-CMP-7233,REDUNDANT RECORD: Gardner Denver GAR-CMP-7233 Compressors Oil-Free Scroll Compressor. Contact supplier Continental Drive Systems for spec sheet.,19296.86,USD,400 V,75 kW,60 Hz,2950 RPM,,733 x 292 x 664 mm,Heavy Gauge Steel Housing,IP55,2 Years,Gardner Denver,United States,Continental Drive Systems,ERP Master Data,,https://www.industrial-supply-direct.com/item/gar-cmp-7233
PID-10307,Schneider Electric Air Circuit Breaker (ACB) SCH-ELC-6154,Schneider Electric,Electrical Components,Air Circuit Breaker (ACB),SCH-ELC-6154,"*** SCHNEIDER ELECTRIC SPECIAL PROMO *** Model SCH-ELC-6154. High reliability, certified quality. Suitable for power, water, oil&gas applications. Order now.",287.77,€,1000 V,N/A,50/60 Hz,N/A,403.7 LBS,"16.0"" x 4.9"" x 27.6""",Silver Alloy Contacts,IP30,36 Months Extended,Schneider Electric,Japan,Global Electro Corp,Distributor Catalog EU,https://docs.productiq-assets.com/specs/schneider_electric/sch-elc-6154.pdf,invalid-url-item
PID-10308,Xylem Submersible Slurry Pump XYL-PMP-4533,Xylem,Pumps,Submersible Slurry Pump,XYL-PMP-4533,Heavy-duty industrial grade Submersible Slurry Pump engineered by Xylem. Designed for continuous continuous operation in harsh industrial environments with high thermal efficiency and rugged construction.,15730.67,,24 V DC,15 HP,50/60 Hz,2900 RPM,321.5 g,,Bronze,IP 68,2 Years,Xylem,United Kingdom,Apex Industrial Supplies,Vendor Portal Upload,https://docs.productiq-assets.com/specs/xylem/xyl-pmp-4533.pdf,https://www.industrial-supply-direct.com/item/xyl-pmp-4533
PID-10309,Pilz Gas Detection Monitor PIL-SFT-2541,Pilz,Safety Equipment,Gas Detection Monitor,PIL-SFT-2541,REDUNDANT RECORD: Pilz PIL-SFT-2541 Safety Equipment Gas Detection Monitor. Contact supplier Nordic Machinery Hub for spec sheet.,4143.8,$,110-230 VAC,0.02 kW,50/60 Hz,N/A,344.0 lbs,38.7x22.6x68.2 cm,Reinforced Polymer,IP67,,Pilz,France,Nordic Machinery Hub,ERP Master Data,https://docs.productiq-assets.com/specs/pilz/pil-sft-2541.pdf,https://www.industrial-supply-direct.com/item/pil-sft-2541
PID-10310,Boge Vane Compressor BOG-CMP-6138,Boge,Compressors,Vane Compressor,BOG-CMP-6138,"Boge Vane Compressor BOG-CMP-6138 offers industry leading performance, low vibration levels, and optimized lifecycle costs. Complies with ISO 9001 and CE directives.",16399.83,,400 V,50 HP,60 Hz,3000 rpm,384.2 kg.,"36.1"" x 6.9"" x 12.9""",Heavy Gauge Steel Housing,IP65,5 Years,Boge,Italy,Nordic Machinery Hub,Distributor Catalog EU,https://docs.productiq-assets.com/specs/boge/bog-cmp-6138.pdf,https://www.industrial-supply-direct.com/item/bog-cmp-6138
PID-10311,Schneider Electric Air Circuit Breaker (ACB) SCH-ELC-3953,Schneider Electric,Electrical Components,Air Circuit Breaker (ACB),SCH-ELC-3953,"Schneider Electric Air Circuit Breaker (ACB) SCH-ELC-3953 offers industry leading performance, low vibration levels, and optimized lifecycle costs. Complies with ISO 9001 and CE directives.",18456.9,USD,11 kV,N/A,50 Hz,N/A,246.4 lbs,,DMC Polyester Glass,IP20,36 Months Extended,Schneider Electric,Germany,TechFlow Solutions,Supplier Price File 2024,https://docs.productiq-assets.com/specs/schneider_electric/sch-elc-3953.pdf,https://www.industrial-supply-direct.com/item/sch-elc-3953
PID-10312,Endress+Hauser Vibration Sensor END-SNS-5421,Endress+Hauser,Sensors,Vibration Sensor,END-SNS-5421,"*** ENDRESS+HAUSER SPECIAL PROMO *** Model END-SNS-5421. High reliability, certified quality. Suitable for power, water, oil&gas applications. Order now.",2084.09,GBP,12-30 VDC,0.01 kW,DC,N/A,26.5 lbs,"27.9"" x 10.6"" x 11.9""",316L SS,ip67,1 Year Standard,Endress+Hauser,China,Precision Parts Direct,Supplier Price File 2024,https://docs.productiq-assets.com/specs/endress+hauser/end-sns-5421.pdf,https://www.industrial-supply-direct.com/item/end-sns-5421
PID-10313,Vertiv Liebert Industrial Diesel Generator VER-PWR-4253,Vertiv Liebert,Power Equipment,Industrial Diesel Generator,VER-PWR-4253,"*** VERTIV LIEBERT SPECIAL PROMO *** Model VER-PWR-4253. High reliability, certified quality. Suitable for power, water, oil&gas applications. Order now.",14828.89,€,400/230V 50Hz,250 kVA,60 Hz,N/A,,L:1022 W:228 H:749,Galvanized Steel Weatherproof,IP65 Enclosure,12 Months,Vertiv Liebert,Switzerland,Precision Parts Direct,Distributor Catalog EU,https://docs.productiq-assets.com/specs/vertiv_liebert/ver-pwr-4253.pdf,https://www.industrial-supply-direct.com/item/ver-pwr-4253
PID-10314,Flowserve High-Pressure Gate Valve FLO-VLV-4541,Flowserve,Valves,High-Pressure Gate Valve,FLO-VLV-4541,REDUNDANT RECORD: Flowserve FLO-VLV-4541 Valves High-Pressure Gate Valve. Contact supplier Global Electro Corp for spec sheet.,22861.09,€,24VDC,N/A,N/A,,186.1 kg.,972x635x883mm,CF8M Stainless,NEMA 4X,1 Year Standard,Flowserve,Italy,Global Electro Corp,Supplier Price File 2024,https://docs.productiq-assets.com/specs/flowserve/flo-vlv-4541.pdf,https://www.industrial-supply-direct.com/item/flo-vlv-4541
PID-10315,Schneider Electric Human Machine Interface (HMI) SCH-CTL-5640,Schneider Electric,Control Systems,Human Machine Interface (HMI),SCH-CTL-5640,Heavy-duty industrial grade Human Machine Interface (HMI) engineered by Schneider Electric. Designed for continuous continuous operation in harsh industrial environments with high thermal efficiency and rugged construction.,22514.92,USD,24vdc,150 W,50/60 Hz,N/A,286.0 LBS,166x783x396mm,Polycarbonate / Aluminum,IP20,2 Years,Schneider Electric,China,Nordic Machinery Hub,Supplier Price File 2024,https://docs.productiq-assets.com/specs/schneider_electric/sch-ctl-5640.pdf,https://www.industrial-supply-direct.com/item/sch-ctl-5640
PID-10316,Flowserve Diaphragm Pump FLO-PMP-7765,Flowserve,Pumps,Diaphragm Pump,FLO-PMP-7765,REDUNDANT RECORD: Flowserve FLO-PMP-7765 Pumps Diaphragm Pump. Contact supplier Precision Parts Direct for spec sheet.,16917.21,€,24 V DC,15 HP,50/60 Hz,1450 RPM,303.8 kg,,Bronze,IP68,,Flowserve,China,Precision Parts Direct,ERP Master Data,https://docs.productiq-assets.com/specs/flowserve/flo-pmp-7765.pdf,https://www.industrial-supply-direct.com/item/flo-pmp-7765
PID-10317,Vertiv Liebert Online Double-Conversion UPS VER-PWR-7412,Vertiv Liebert,Power Equipment,Online Double-Conversion UPS,VER-PWR-7412,"*** VERTIV LIEBERT SPECIAL PROMO *** Model VER-PWR-7412. High reliability, certified quality. Suitable for power, water, oil&gas applications. Order now.",15496.65,EUR,400/230V 50Hz,500 kW,50 Hz,N/A,47.1 kilograms,34.2x74.6x69.0 cm,Galvanized Steel Weatherproof,IP20,,Vertiv Liebert,Sweden,TechFlow Solutions,Vendor Portal Upload,,invalid-url-item
PID-10318,SEW-Eurodrive DC Traction Motor SEW-MTR-3507,SEW-Eurodrive,Industrial Motors,DC Traction Motor,SEW-MTR-3507,REDUNDANT RECORD: SEW-Eurodrive SEW-MTR-3507 Industrial Motors DC Traction Motor. Contact supplier Precision Parts Direct for spec sheet.,13759.45,GBP,400V,15 kW,50 Hz,1750 RPM,112.3 kilograms,,Ductile Iron,IP65,12 Months,SEW-Eurodrive,Germany,Precision Parts Direct,OEM Technical Data Sheet,https://docs.productiq-assets.com/specs/sew-eurodrive/sew-mtr-3507.pdf,https://www.industrial-supply-direct.com/item/sew-mtr-3507
PID-10319,Caterpillar Industrial Diesel Generator CAT-PWR-3323,Caterpillar,Power Equipment,Industrial Diesel Generator,CAT-PWR-3323,REDUNDANT RECORD: Caterpillar CAT-PWR-3323 Power Equipment Industrial Diesel Generator. Contact supplier Precision Parts Direct for spec sheet.,21479.47,EUR,11 kV,1000 kVA,50 Hz,1500 RPM,36.6 g,742x748x561mm,Acoustic Heavy Steel,IP20,24 months,Caterpillar,Sweden,Precision Parts Direct,Distributor Catalog EU,https://docs.productiq-assets.com/specs/caterpillar/cat-pwr-3323.pdf,https://www.industrial-supply-direct.com/item/cat-pwr-3323
PID-10320,Flowserve Positive Displacement Pump FLO-PMP-8928,Flowserve,Pumps,Positive Displacement Pump,FLO-PMP-8928,Heavy-duty industrial grade Positive Displacement Pump engineered by Flowserve. Designed for continuous continuous operation in harsh industrial environments with high thermal efficiency and rugged construction.,13154.14,USD,,,50 Hz,3500 rpm,404.6 kg,550x185x845mm,Stainless Steel 316,IP66,24 months,Flowserve,United Kingdom,Global Electro Corp,ERP Master Data,https://docs.productiq-assets.com/specs/flowserve/flo-pmp-8928.pdf,https://www.industrial-supply-direct.com/item/flo-pmp-8928
PID-10321,Timken Cylindrical Roller Bearing TIM-BRG-8144,Timken,Bearings,Cylindrical Roller Bearing,TIM-BRG-8144,"Compact and durable Cylindrical Roller Bearing with standard power rating, rated for N/A networks.",6065.98,€,N/A,,N/A,3200 RPM,192.1 g,"29.6"" x 29.0"" x 8.3""",High Carbon Chrome Steel 100Cr6,Open,2 Years,Timken,Italy,TechFlow Solutions,Vendor Portal Upload,https://docs.productiq-assets.com/specs/timken/tim-brg-8144.pdf,https://www.industrial-supply-direct.com/item/tim-brg-8144
PID-10322,Nidec Explosion-Proof Motor NID-MTR-7714,Nidec,Industrial Motors,Explosion-Proof Motor,NID-MTR-7714,<div><p>Industrial Industrial Motors - NID-MTR-7714</p><span>Manufacturer: Nidec</span><br>Standard spec with warranty: 2 Years</div>,9610.5,USD,690 V,20 HP,50 Hz,1500 rpm,,77.3x31.8x57.6 cm,Ductile Iron,ip55,2 Years,Nidec,United States,Nordic Machinery Hub,Vendor Portal Upload,https://docs.productiq-assets.com/specs/nidec/nid-mtr-7714.pdf,https://www.industrial-supply-direct.com/item/nid-mtr-7714
PID-10323,Wilo Positive Displacement Pump WIL-PMP-2225,Wilo,Pumps,Positive Displacement Pump,WIL-PMP-2225,"Wilo Positive Displacement Pump WIL-PMP-2225 offers industry leading performance, low vibration levels, and optimized lifecycle costs. Complies with ISO 9001 and CE directives.",10171.15,EUR,24 V DC,3.7 kW,60 Hz,1450 RPM,271.6 LBS,L:143 W:391 H:118,Cast Iron GG25,IP66,12 Months,Wilo,Japan,Global Electro Corp,Supplier Price File 2024,,https://www.industrial-supply-direct.com/item/wil-pmp-2225
PID-10324,Pilz Explosion Proof Beacon PIL-SFT-1266,Pilz,Safety Equipment,Explosion Proof Beacon,PIL-SFT-1266,<div><p>Industrial Safety Equipment - PIL-SFT-1266</p><span>Manufacturer: Pilz</span><br>Standard spec with warranty: 12 Months</div>,2359.79,EUR,Battery / 3.6V,5 W,50/60 Hz,N/A,442.8 lbs,348x482x732mm,Reinforced Polymer,IP65,12 Months,Pilz,Sweden,Apex Industrial Supplies,Distributor Catalog EU,https://docs.productiq-assets.com/specs/pilz/pil-sft-1266.pdf,https://www.industrial-supply-direct.com/item/pil-sft-1266
PID-10325,Yokogawa Pressure Transmitter YOK-SNS-4131,Yokogawa,Sensors,Pressure Transmitter,YOK-SNS-4131,Heavy-duty industrial grade Pressure Transmitter engineered by Yokogawa. Designed for continuous continuous operation in harsh industrial environments with high thermal efficiency and rugged construction.,23750.45,$,4-20mA 24V,0.01 kW,N/A,N/A,315.2 KG,L:345 W:229 H:426,316L SS,IP69K,,Yokogawa,United Kingdom,Precision Parts Direct,Supplier Price File 2024,https://docs.productiq-assets.com/specs/yokogawa/yok-sns-4131.pdf,https://www.industrial-supply-direct.com/item/yok-sns-4131
PID-10326,Chint Industrial Transformer CHI-ELC-5596,Chint,Electrical Components,Industrial Transformer,CHI-ELC-5596,"*** CHINT SPECIAL PROMO *** Model CHI-ELC-5596. High reliability, certified quality. Suitable for power, water, oil&gas applications. Order now.",11628.92,USD,415 VAC,250 kVA,50 Hz,N/A,36.1 lbs,"5.0"" x 30.9"" x 12.6""",Silver Alloy Contacts,IP20,2 Years,Chint,United States,TechFlow Solutions,Supplier Price File 2024,https://docs.productiq-assets.com/specs/chint/chi-elc-5596.pdf,https://www.industrial-supply-direct.com/item/chi-elc-5596
PID-10327,Euchner Explosion Proof Beacon EUC-SFT-8438,Euchner,Safety Equipment,Explosion Proof Beacon,EUC-SFT-8438,Heavy-duty industrial grade Explosion Proof Beacon engineered by Euchner. Designed for continuous continuous operation in harsh industrial environments with high thermal efficiency and rugged construction.,21946.31,$,24 V DC,10 W,DC,N/A,428.3 LBS,401x572x209mm,Reinforced Polymer,IP66,12 Months,Euchner,Sweden,TechFlow Solutions,Supplier Price File 2024,https://docs.productiq-assets.com/specs/euchner/euc-sft-8438.pdf,https://www.industrial-supply-direct.com/item/euc-sft-8438
PID-10328,Kaeser Rotary Screw Compressor KAE-CMP-2377,Kaeser,Compressors,Rotary Screw Compressor,KAE-CMP-2377,"*** KAESER SPECIAL PROMO *** Model KAE-CMP-2377. High reliability, certified quality. Suitable for power, water, oil&gas applications. Order now.",5156.56,EUR,3.3 kV,50 HP,60 Hz,1480 RPM,134.1 lbs,"26.2"" x 25.3"" x 28.4""",Acoustic Enclosure,IP55,12 Months,Kaeser,Germany,Precision Parts Direct,Field Engineering Audit,https://docs.productiq-assets.com/specs/kaeser/kae-cmp-2377.pdf,https://www.industrial-supply-direct.com/item/kae-cmp-2377
PID-10329,ABB DC Traction Motor ABB-MTR-5361,ABB,Industrial Motors,DC Traction Motor,ABB-MTR-5361,"*** ABB SPECIAL PROMO *** Model ABB-MTR-5361. High reliability, certified quality. Suitable for power, water, oil&gas applications. Order now.",12810.93,EUR,400V,15kw,60 Hz,1500 rpm,158.1 kg.,L:689 W:103 H:196,Ductile Iron,IP 55,1 Year Standard,ABB,Japan,Precision Parts Direct,Field Engineering Audit,https://docs.productiq-assets.com/specs/abb/abb-mtr-5361.pdf,https://www.industrial-supply-direct.com/item/abb-mtr-5361
PID-10330,Samson Butterfly Valve SAM-VLV-8458,Samson,Valves,Butterfly Valve,SAM-VLV-8458,"*** SAMSON SPECIAL PROMO *** Model SAM-VLV-8458. High reliability, certified quality. Suitable for power, water, oil&gas applications. Order now.",CONTACT SALES,USD,24 V DC,50 W,,,221.0 KG,19.2x11.7x68.0 cm,WCB Carbon Steel,IP67,,Samson,China,Continental Drive Systems,OEM Technical Data Sheet,https://docs.productiq-assets.com/specs/samson/sam-vlv-8458.pdf,https://www.industrial-supply-direct.com/item/sam-vlv-8458
PID-10331,Flowserve Positive Displacement Pump FLO-PMP-8415,Flowserve,Pumps,Positive Displacement Pump,FLO-PMP-8415,"*** FLOWSERVE SPECIAL PROMO *** Model FLO-PMP-8415. High reliability, certified quality. Suitable for power, water, oil&gas applications. Order now.",8473.93,GBP,,15 kW,50/60 Hz,1450 RPM,389.6 kilograms,330 x 376 x 802 mm,Bronze,ip68,2 Years,Flowserve,Switzerland,Precision Parts Direct,Supplier Price File 2024,https://docs.productiq-assets.com/specs/flowserve/flo-pmp-8415.pdf,invalid-url-item
PID-10332,Huawei Digital Power Battery Energy Storage Unit HUA-PWR-6888,Huawei Digital Power,Power Equipment,Battery Energy Storage Unit,HUA-PWR-6888,REDUNDANT RECORD: Huawei Digital Power HUA-PWR-6888 Power Equipment Battery Energy Storage Unit. Contact supplier Continental Drive Systems for spec sheet.,4720.73,$,400 V 3-Phase,500 kW,60 Hz,N/A,409.9 kg.,90.0x70.3x52.7 cm,Acoustic Heavy Steel,IP23,24 months,Huawei Digital Power,Germany,Continental Drive Systems,OEM Technical Data Sheet,https://docs.productiq-assets.com/specs/huawei_digital_power/hua-pwr-6888.pdf,https://www.industrial-supply-direct.com/item/hua-pwr-6888
PID-10333,Sulzer Diaphragm Pump SUL-PMP-6685,Sulzer,Pumps,Diaphragm Pump,SUL-PMP-6685,"Compact and durable Diaphragm Pump with 11 kW rating, rated for 230 V networks.",23269.87,USD,230 V,11 kW,60 Hz,3500 rpm,360.4 kg,"21.5"" x 15.3"" x 27.8""",Duplex Steel,IP55,24 months,Sulzer,France,TechFlow Solutions,Distributor Catalog EU,https://docs.productiq-assets.com/specs/sulzer/sul-pmp-6685.pdf,invalid-url-item
PID-10334,Bray Butterfly Valve BRA-VLV-9224,Bray,Valves,Butterfly Valve,BRA-VLV-9224,"*** BRAY SPECIAL PROMO *** Model BRA-VLV-9224. High reliability, certified quality. Suitable for power, water, oil&gas applications. Order now.",22892.38,EUR,24VDC,15 W,60 Hz,N/A,175.3 lbs,300x367x409mm,Hastelloy C,IP65,36 Months Extended,Bray,Italy,Continental Drive Systems,Supplier Price File 2024,https://docs.productiq-assets.com/specs/bray/bra-vlv-9224.pdf,https://www.industrial-supply-direct.com/item/bra-vlv-9224
PID-10335,Velan Check Valve VEL-VLV-4268,Velan,Valves,Check Valve,VEL-VLV-4268,REDUNDANT RECORD: Velan VEL-VLV-4268 Valves Check Valve. Contact supplier Global Electro Corp for spec sheet.,2132.07,$,230 V AC,N/A,,N/A,193.9 lbs,,Hastelloy C,IP66,,Velan,United States,Global Electro Corp,Supplier Price File 2024,https://docs.productiq-assets.com/specs/velan/vel-vlv-4268.pdf,https://www.industrial-supply-direct.com/item/vel-vlv-4268
PID-10336,SMA Solar Solar Inverter Grid-Tied SMA-PWR-3085,SMA Solar,Power Equipment,Solar Inverter Grid-Tied,SMA-PWR-3085,REDUNDANT RECORD: SMA Solar SMA-PWR-3085 Power Equipment Solar Inverter Grid-Tied. Contact supplier Precision Parts Direct for spec sheet.,21606.41,USD,,50 kVA,60 Hz,1500 RPM,123.4 g,29.9x39.7x67.9 cm,Galvanized Steel Weatherproof,IP20,,SMA Solar,United States,Precision Parts Direct,Distributor Catalog EU,https://docs.productiq-assets.com/specs/sma_solar/sma-pwr-3085.pdf,https://www.industrial-supply-direct.com/item/sma-pwr-3085
PID-10337,SEW-Eurodrive Synchronous Motor SEW-MTR-9458,SEW-Eurodrive,Industrial Motors,Synchronous Motor,SEW-MTR-9458,"*** SEW-EURODRIVE SPECIAL PROMO *** Model SEW-MTR-9458. High reliability, certified quality. Suitable for power, water, oil&gas applications. Order now.",3347.07,USD,460 V AC,15000 W,50Hz,2950 RPM,45.8 KG,150 x 617 x 554 mm,Cast Iron,IP23,24 months,SEW-Eurodrive,United Kingdom,Global Electro Corp,Supplier Price File 2024,https://docs.productiq-assets.com/specs/sew-eurodrive/sew-mtr-9458.pdf,https://www.industrial-supply-direct.com/item/sew-mtr-9458
PID-10338,Huawei Digital Power Battery Energy Storage Unit HUA-PWR-3018,Huawei Digital Power,Power Equipment,Battery Energy Storage Unit,HUA-PWR-3018,Heavy-duty industrial grade Battery Energy Storage Unit engineered by Huawei Digital Power. Designed for continuous continuous operation in harsh industrial environments with high thermal efficiency and rugged construction.,15299.66,USD,480 V,100 kW,50 Hz,1500 RPM,223.1 g,"35.0"" x 8.2"" x 22.6""",Galvanized Steel Weatherproof,IP54 Outdoor,2 Years,Huawei Digital Power,Japan,Nordic Machinery Hub,Distributor Catalog EU,https://docs.productiq-assets.com/specs/huawei_digital_power/hua-pwr-3018.pdf,invalid-url-item
PID-10339,SKF Pillow Block Bearing SKF-BRG-8282,SKF,Bearings,Pillow Block Bearing,SKF-BRG-8282,<div><p>Industrial Bearings - SKF-BRG-8282</p><span>Manufacturer: SKF</span><br>Standard spec with warranty: 5 Years</div>,23110.28,€,,N/A,N/A,8500 rpm,232.1 KG,"32.3"" x 30.4"" x 32.9""",High Carbon Chrome Steel 100Cr6,ZZ Shielded,5 Years,SKF,Japan,Precision Parts Direct,OEM Technical Data Sheet,https://docs.productiq-assets.com/specs/skf/skf-brg-8282.pdf,invalid-url-item
PID-10340,Siemens Industrial Transformer SIE-ELC-3955,Siemens,Electrical Components,Industrial Transformer,SIE-ELC-3955,"*** SIEMENS SPECIAL PROMO *** Model SIE-ELC-3955. High reliability, certified quality. Suitable for power, water, oil&gas applications. Order now.",22264.06,,415 VAC,1600 A Rating,60 Hz,N/A,383.8 KG,317x611x795mm,Silver Alloy Contacts,IP54,,Siemens,Switzerland,Apex Industrial Supplies,Field Engineering Audit,https://docs.productiq-assets.com/specs/siemens/sie-elc-3955.pdf,https://www.industrial-supply-direct.com/item/sie-elc-3955
PID-10341,Siemens SIMATIC Programmable Logic Controller (PLC) SIE-CTL-5103,Siemens SIMATIC,Control Systems,Programmable Logic Controller (PLC),SIE-CTL-5103,"*** SIEMENS SIMATIC SPECIAL PROMO *** Model SIE-CTL-5103. High reliability, certified quality. Suitable for power, water, oil&gas applications. Order now.",20336.27,EUR,,0.75 kW,50/60 Hz,N/A,259.3 KG,1105x548x795mm,Metal Alloy,IP20 / NEMA 1,5 Years,Siemens SIMATIC,France,Continental Drive Systems,OEM Technical Data Sheet,,invalid-url-item
PID-10342,KSB Centrifugal Pump KSB-PMP-3302,KSB,Pumps,Centrifugal Pump,KSB-PMP-3302,"*** KSB SPECIAL PROMO *** Model KSB-PMP-3302. High reliability, certified quality. Suitable for power, water, oil&gas applications. Order now.",18604.43,USD,415V,5.5 kW,50/60 Hz,3500 rpm,372.8 LBS,"15.0"" x 6.6"" x 21.6""",Bronze,IP68,,KSB,Finland,Apex Industrial Supplies,Distributor Catalog EU,https://docs.productiq-assets.com/specs/ksb/ksb-pmp-3302.pdf,https://www.industrial-supply-direct.com/item/ksb-pmp-3302
PID-10343,Sulzer Submersible Slurry Pump SUL-PMP-1843,Sulzer,Pumps,Submersible Slurry Pump,SUL-PMP-1843,Heavy-duty industrial grade Submersible Slurry Pump engineered by Sulzer. Designed for continuous continuous operation in harsh industrial environments with high thermal efficiency and rugged construction.,7998.95,GBP,380 V 3-Phase,3.7 kW,50 Hz,1450 RPM,234.2 LBS,917 x 733 x 158 mm,Duplex Steel,IP66,36 Months Extended,Sulzer,Japan,Precision Parts Direct,Supplier Price File 2024,,https://www.industrial-supply-direct.com/item/sul-pmp-1843
PID-10344,Emerson Rosemount Pressure Transmitter EME-SNS-3282,Emerson Rosemount,Sensors,Pressure Transmitter,EME-SNS-3282,"Emerson Rosemount Pressure Transmitter EME-SNS-3282 offers industry leading performance, low vibration levels, and optimized lifecycle costs. Complies with ISO 9001 and CE directives.",19617.87,,4-20mA 24V,5 W,50/60 Hz,N/A,441.5 lbs,26.5x66.4x59.0 cm,Titanium,,5 Years,Emerson Rosemount,United States,Apex Industrial Supplies,Distributor Catalog EU,https://docs.productiq-assets.com/specs/emerson_rosemount/eme-sns-3282.pdf,https://www.industrial-supply-direct.com/item/eme-sns-3282
PID-10345,Mitsubishi Electric Variable Frequency Drive (VFD) MIT-CTL-4731,Mitsubishi Electric,Control Systems,Variable Frequency Drive (VFD),MIT-CTL-4731,Heavy-duty industrial grade Variable Frequency Drive (VFD) engineered by Mitsubishi Electric. Designed for continuous continuous operation in harsh industrial environments with high thermal efficiency and rugged construction.,715.25,USD,24 V DC,0.75 kW,50/60 Hz,N/A,198.5 LBS,853 x 460 x 298 mm,Metal Alloy,IP20,2 Years,Mitsubishi Electric,United States,Continental Drive Systems,OEM Technical Data Sheet,https://docs.productiq-assets.com/specs/mitsubishi_electric/mit-ctl-4731.pdf,https://www.industrial-supply-direct.com/item/mit-ctl-4731
PID-10346,Honeywell Analytics Safety Light Curtain HON-SFT-1244,Honeywell Analytics,Safety Equipment,Safety Light Curtain,HON-SFT-1244,<div><p>Industrial Safety Equipment - HON-SFT-1244</p><span>Manufacturer: Honeywell Analytics</span><br>Standard spec with warranty: </div>,1917.17,€,24 V DC,10 W,DC,N/A,296.8 g,61.2x65.6x31.0 cm,Reinforced Polymer,,,Honeywell Analytics,United Kingdom,Precision Parts Direct,OEM Technical Data Sheet,https://docs.productiq-assets.com/specs/honeywell_analytics/hon-sft-1244.pdf,https://www.industrial-supply-direct.com/item/hon-sft-1244
PID-10347,Koyo Spherical Roller Bearing KOY-BRG-9631,Koyo,Bearings,Spherical Roller Bearing,KOY-BRG-9631,"Koyo Spherical Roller Bearing KOY-BRG-9631 offers industry leading performance, low vibration levels, and optimized lifecycle costs. Complies with ISO 9001 and CE directives.",16772.21,EUR,,,N/A,4500 max RPM,139.0 LBS,"33.9"" x 9.6"" x 5.4""",Stainless Steel 440C,ZZ Shielded,5 Years,Koyo,United States,Apex Industrial Supplies,Supplier Price File 2024,https://docs.productiq-assets.com/specs/koyo/koy-brg-9631.pdf,https://www.industrial-supply-direct.com/item/koy-brg-9631
PID-10348,Vertiv Liebert Solar Inverter Grid-Tied VER-PWR-2384,Vertiv Liebert,Power Equipment,Solar Inverter Grid-Tied,VER-PWR-2384,<div><p>Industrial Power Equipment - VER-PWR-2384</p><span>Manufacturer: Vertiv Liebert</span><br>Standard spec with warranty: </div>,20522.14,$,,250 kVA,60 Hz,1800 rpm,16.5 kilograms,15.3x72.3x87.2 cm,Acoustic Heavy Steel,IP23,,Vertiv Liebert,Switzerland,Apex Industrial Supplies,Vendor Portal Upload,https://docs.productiq-assets.com/specs/vertiv_liebert/ver-pwr-2384.pdf,https://www.industrial-supply-direct.com/item/ver-pwr-2384
PID-10349,Omron Programmable Logic Controller (PLC) OMR-CTL-2789,Omron,Control Systems,Programmable Logic Controller (PLC),OMR-CTL-2789,REDUNDANT RECORD: Omron OMR-CTL-2789 Control Systems Programmable Logic Controller (PLC). Contact supplier Apex Industrial Supplies for spec sheet.,22863.41,EUR,24VDC / 120VAC,30 W,50 Hz,N/A,61.5 kg,66.1x18.7x35.5 cm,Industrial Thermoplastic,ip20,24 months,Omron,France,Apex Industrial Supplies,Vendor Portal Upload,https://docs.productiq-assets.com/specs/omron/omr-ctl-2789.pdf,https://www.industrial-supply-direct.com/item/omr-ctl-2789
PID-10350,Koyo Pillow Block Bearing KOY-BRG-1202,Koyo,Bearings,Pillow Block Bearing,KOY-BRG-1202,<div><p>Industrial Bearings - KOY-BRG-1202</p><span>Manufacturer: Koyo</span><br>Standard spec with warranty: 1 Year Standard</div>,13679.27,EUR,,N/A,N/A,3200 RPM,185.4 LBS,666 x 724 x 664 mm,Stainless Steel 440C,2RS Sealed,1 Year Standard,Koyo,Japan,TechFlow Solutions,OEM Technical Data Sheet,https://docs.productiq-assets.com/specs/koyo/koy-brg-1202.pdf,https://www.industrial-supply-direct.com/item/koy-brg-1202
PID-10351,Samson Check Valve SAM-VLV-1812,Samson,Valves,Check Valve,SAM-VLV-1812,Heavy-duty industrial grade Check Valve engineered by Samson. Designed for continuous continuous operation in harsh industrial environments with high thermal efficiency and rugged construction.,15739.78,EUR,24 V DC,,50 Hz,,380.6 kilograms,191 x 714 x 340 mm,Forged Steel A105,,36 Months Extended,Samson,United States,Continental Drive Systems,Supplier Price File 2024,https://docs.productiq-assets.com/specs/samson/sam-vlv-1812.pdf,https://www.industrial-supply-direct.com/item/sam-vlv-1812
PID-10352,Gardner Denver Oil-Free Scroll Compressor GAR-CMP-2169,Gardner Denver,Compressors,Oil-Free Scroll Compressor,GAR-CMP-2169,"Compact and durable Oil-Free Scroll Compressor with 100 HP rating, rated for 460 V 60Hz networks.",3506.75,,460 V 60Hz,100 HP,60 Hz,1480 RPM,167.3 kg.,15.2x20.8x72.3 cm,Cast Iron Block,IP55,36 Months Extended,Gardner Denver,China,Continental Drive Systems,Field Engineering Audit,https://docs.productiq-assets.com/specs/gardner_denver/gar-cmp-2169.pdf,https://www.industrial-supply-direct.com/item/gar-cmp-2169
PID-10353,Caterpillar Online Double-Conversion UPS CAT-PWR-7243,Caterpillar,Power Equipment,Online Double-Conversion UPS,CAT-PWR-7243,Heavy-duty industrial grade Online Double-Conversion UPS engineered by Caterpillar. Designed for continuous continuous operation in harsh industrial environments with high thermal efficiency and rugged construction.,22928.11,€,400 V 3-Phase,1500 kVA,50 Hz,N/A,144.3 KG,70.0x34.9x43.6 cm,Marine Grade Aluminum,IP20,2 Years,Caterpillar,Italy,Precision Parts Direct,Supplier Price File 2024,https://docs.productiq-assets.com/specs/caterpillar/cat-pwr-7243.pdf,https://www.industrial-supply-direct.com/item/cat-pwr-7243
PID-10354,Schneider Electric Programmable Logic Controller (PLC) SCH-CTL-6766,Schneider Electric,Control Systems,Programmable Logic Controller (PLC),SCH-CTL-6766,REDUNDANT RECORD: Schneider Electric SCH-CTL-6766 Control Systems Programmable Logic Controller (PLC). Contact supplier Global Electro Corp for spec sheet.,1913.15,€,24vdc,30 W,0-400 Hz Output,N/A,304.2 g,633 x 393 x 449 mm,Industrial Thermoplastic,IP65 Bezel,1 Year Standard,Schneider Electric,China,Global Electro Corp,Supplier Price File 2024,https://docs.productiq-assets.com/specs/schneider_electric/sch-ctl-6766.pdf,https://www.industrial-supply-direct.com/item/sch-ctl-6766
PID-10355,Yokogawa Vibration Sensor YOK-SNS-1254,Yokogawa,Sensors,Vibration Sensor,YOK-SNS-1254,REDUNDANT RECORD: Yokogawa YOK-SNS-1254 Sensors Vibration Sensor. Contact supplier Continental Drive Systems for spec sheet.,10096.43,USD,24 V DC,,N/A,N/A,413.6 lbs,923 x 670 x 347 mm,Hastelloy,IP67,24 months,Yokogawa,Finland,Continental Drive Systems,ERP Master Data,https://docs.productiq-assets.com/specs/yokogawa/yok-sns-1254.pdf,https://www.industrial-supply-direct.com/item/yok-sns-1254
PID-10356,Xylem Positive Displacement Pump XYL-PMP-8354,Xylem,Pumps,Positive Displacement Pump,XYL-PMP-8354,"*** XYLEM SPECIAL PROMO *** Model XYL-PMP-8354. High reliability, certified quality. Suitable for power, water, oil&gas applications. Order now.",10840.86,USD,24 V DC,15 kW,60 Hz,1450 RPM,268.1 kg.,L:1028 W:488 H:428,Cast Iron GG25,ip68,5 Years,Xylem,Japan,Apex Industrial Supplies,Vendor Portal Upload,https://docs.productiq-assets.com/specs/xylem/xyl-pmp-8354.pdf,https://www.industrial-supply-direct.com/item/xyl-pmp-8354
PID-10357,SMA Solar Automatic Transfer Switch SMA-PWR-9326,SMA Solar,Power Equipment,Automatic Transfer Switch,SMA-PWR-9326,Heavy-duty industrial grade Automatic Transfer Switch engineered by SMA Solar. Designed for continuous continuous operation in harsh industrial environments with high thermal efficiency and rugged construction.,6906.93,USD,230 V Single Phase,1500 kVA,60 Hz,1800 rpm,143.2 kg.,342x394x380mm,Galvanized Steel Weatherproof,,2 Years,SMA Solar,Japan,Continental Drive Systems,ERP Master Data,https://docs.productiq-assets.com/specs/sma_solar/sma-pwr-9326.pdf,https://www.industrial-supply-direct.com/item/sma-pwr-9326
PID-10358,Emerson Fisher Globe Control Valve EME-VLV-9334,Emerson Fisher,Valves,Globe Control Valve,EME-VLV-9334,"Compact and durable Globe Control Valve with 50 W rating, rated for multi-voltage networks.",14395.53,USD,,50 W,N/A,N/A,59.0 lbs,"12.8"" x 8.7"" x 21.9""",Hastelloy C,IP67,24 months,Emerson Fisher,Sweden,TechFlow Solutions,Distributor Catalog EU,https://docs.productiq-assets.com/specs/emerson_fisher/eme-vlv-9334.pdf,https://www.industrial-supply-direct.com/item/eme-vlv-9334
PID-10359,Xylem Submersible Slurry Pump XYL-PMP-2218,Xylem,Pumps,Submersible Slurry Pump,XYL-PMP-2218,"Compact and durable Submersible Slurry Pump with 11 kW rating, rated for 400 V networks.",12211.34,$,400 V,11 kW,60 Hz,1450 RPM,87.7 LBS,,Stainless Steel 316,IP 68,2 Years,Xylem,France,Global Electro Corp,Vendor Portal Upload,https://docs.productiq-assets.com/specs/xylem/xyl-pmp-2218.pdf,https://www.industrial-supply-direct.com/item/xyl-pmp-2218
PID-10360,ABB Industrial Transformer ABB-ELC-5630,ABB,Electrical Components,Industrial Transformer,ABB-ELC-5630,"ABB Industrial Transformer ABB-ELC-5630 offers industry leading performance, low vibration levels, and optimized lifecycle costs. Complies with ISO 9001 and CE directives.",15265.59,€,690 V,100 kVA,50 Hz,N/A,284.9 KG,109.1x64.3x77.2 cm,Thermoset Resin,,,ABB,Japan,Precision Parts Direct,OEM Technical Data Sheet,https://docs.productiq-assets.com/specs/abb/abb-elc-5630.pdf,https://www.industrial-supply-direct.com/item/abb-elc-5630
PID-10361,Schneider Galaxy Automatic Transfer Switch SCH-PWR-8880,Schneider Galaxy,Power Equipment,Automatic Transfer Switch,SCH-PWR-8880,"Schneider Galaxy Automatic Transfer Switch SCH-PWR-8880 offers industry leading performance, low vibration levels, and optimized lifecycle costs. Complies with ISO 9001 and CE directives.",5320.72,€,400 V 3-Phase,1000 kVA,60 Hz,1800 rpm,317.9 kilograms,1101 x 715 x 521 mm,Acoustic Heavy Steel,IP20,24 months,Schneider Galaxy,China,Global Electro Corp,ERP Master Data,,https://www.industrial-supply-direct.com/item/sch-pwr-8880
PID-10362,Koyo Tapered Roller Bearing KOY-BRG-7737,Koyo,Bearings,Tapered Roller Bearing,KOY-BRG-7737,<div><p>Industrial Bearings - KOY-BRG-7737</p><span>Manufacturer: Koyo</span><br>Standard spec with warranty: </div>,10253.64,EUR,,,N/A,4500 max RPM,242.4 kilograms,775 x 232 x 719 mm,Stainless Steel 440C,ZZ Shielded,,Koyo,United States,Precision Parts Direct,Supplier Price File 2024,https://docs.productiq-assets.com/specs/koyo/koy-brg-7737.pdf,https://www.industrial-supply-direct.com/item/koy-brg-7737
PID-10363,Pilz Safety Light Curtain PIL-SFT-9497,Pilz,Safety Equipment,Safety Light Curtain,PIL-SFT-9497,"*** PILZ SPECIAL PROMO *** Model PIL-SFT-9497. High reliability, certified quality. Suitable for power, water, oil&gas applications. Order now.",12890.83,USD,110-230 VAC,10 W,DC,N/A,380.9 kilograms,309 x 613 x 507 mm,Reinforced Polymer,IP69K,2 Years,Pilz,Japan,Apex Industrial Supplies,ERP Master Data,https://docs.productiq-assets.com/specs/pilz/pil-sft-9497.pdf,https://www.industrial-supply-direct.com/item/pil-sft-9497
PID-10364,WEG Three-Phase Induction Motor WEG-MTR-7190,WEG,Industrial Motors,,WEG-MTR-7190,<div><p>Industrial Industrial Motors - WEG-MTR-7190</p><span>Manufacturer: WEG</span><br>Standard spec with warranty: 36 Months Extended</div>,3222.49,EUR,230/400V,110 kW,60 Hz,1450 RPM,45.3 LBS,"19.6"" x 28.3"" x 16.5""",Cast Iron,IP56,36 Months Extended,WEG,Germany,TechFlow Solutions,Field Engineering Audit,https://docs.productiq-assets.com/specs/weg/weg-mtr-7190.pdf,https://www.industrial-supply-direct.com/item/weg-mtr-7190
PID-10365,Vertiv Liebert Battery Energy Storage Unit VER-PWR-5771,Vertiv Liebert,Power Equipment,Battery Energy Storage Unit,VER-PWR-5771,Heavy-duty industrial grade Battery Energy Storage Unit engineered by Vertiv Liebert. Designed for continuous continuous operation in harsh industrial environments with high thermal efficiency and rugged construction.,5400.18,$,400 V 3-Phase,100 kW,60 Hz,N/A,343.8 g,558x691x125mm,Acoustic Heavy Steel,IP65 Enclosure,1 Year Standard,Vertiv Liebert,United Kingdom,Continental Drive Systems,ERP Master Data,https://docs.productiq-assets.com/specs/vertiv_liebert/ver-pwr-5771.pdf,https://www.industrial-supply-direct.com/item/ver-pwr-5771
PID-10366,Grundfos Multistage High-Pressure Pump GRU-PMP-3773,Grundfos,Pumps,Multistage High-Pressure Pump,GRU-PMP-3773,<div><p>Industrial Pumps - GRU-PMP-3773</p><span>Manufacturer: Grundfos</span><br>Standard spec with warranty: </div>,14276.39,EUR,400v,7.5 kW,50 Hz,2900 RPM,,L:932 W:105 H:374,Duplex Steel,ip68,,Grundfos,China,Nordic Machinery Hub,Supplier Price File 2024,https://docs.productiq-assets.com/specs/grundfos/gru-pmp-3773.pdf,https://www.industrial-supply-direct.com/item/gru-pmp-3773
PID-10367,Chint Industrial Transformer CHI-ELC-9428,Chint,Electrical Components,Industrial Transformer,CHI-ELC-9428,"Chint Industrial Transformer CHI-ELC-9428 offers industry leading performance, low vibration levels, and optimized lifecycle costs. Complies with ISO 9001 and CE directives.",23826.74,GBP,415 VAC,,50 Hz,N/A,437.4 kg,"43.9"" x 10.8"" x 29.2""",Silver Alloy Contacts,,2 Years,Chint,China,Nordic Machinery Hub,Field Engineering Audit,,https://www.industrial-supply-direct.com/item/chi-elc-9428
PID-10368,Koyo Tapered Roller Bearing KOY-BRG-9560,Koyo,Bearings,Tapered Roller Bearing,KOY-BRG-9560,"*** KOYO SPECIAL PROMO *** Model KOY-BRG-9560. High reliability, certified quality. Suitable for power, water, oil&gas applications. Order now.",13568.53,EUR,,,N/A,6000 RPM,421.5 g,"14.8"" x 10.6"" x 25.0""",Ceramic Hybrid,ZZ Shielded,12 Months,Koyo,France,Global Electro Corp,ERP Master Data,https://docs.productiq-assets.com/specs/koyo/koy-brg-9560.pdf,https://www.industrial-supply-direct.com/item/koy-brg-9560
PID-10369,WEG Synchronous Motor WEG-MTR-4264,WEG,Industrial Motors,Synchronous Motor,WEG-MTR-4264,"Compact and durable Synchronous Motor with 15 KW rating, rated for 460 V AC networks.",CONTACT SALES,GBP,460 V AC,15 KW,50 Hz,980 rpm,193.2 g,925x360x674mm,Aluminum,,12 Months,WEG,Sweden,Apex Industrial Supplies,Vendor Portal Upload,https://docs.productiq-assets.com/specs/weg/weg-mtr-4264.pdf,https://www.industrial-supply-direct.com/item/weg-mtr-4264
PID-10370,Caterpillar Online Double-Conversion UPS CAT-PWR-9557,Caterpillar,Power Equipment,Online Double-Conversion UPS,CAT-PWR-9557,"Compact and durable Online Double-Conversion UPS with 50 kVA rating, rated for 230 V Single Phase networks.",7980.78,USD,230 V Single Phase,50 kVA,50/60 Hz,N/A,418.5 LBS,437 x 586 x 100 mm,Marine Grade Aluminum,IP65 Enclosure,2 Years,Caterpillar,United Kingdom,Nordic Machinery Hub,Vendor Portal Upload,https://docs.productiq-assets.com/specs/caterpillar/cat-pwr-9557.pdf,https://www.industrial-supply-direct.com/item/cat-pwr-9557
PID-10371,KSB Multistage High-Pressure Pump KSB-PMP-7442,KSB,Pumps,Multistage High-Pressure Pump,KSB-PMP-7442,<div><p>Industrial Pumps - KSB-PMP-7442</p><span>Manufacturer: KSB</span><br>Standard spec with warranty: 5 Years</div>,16974.84,EUR,400v,15 kW,60 Hz,1450 RPM,66.4 lbs,"43.4"" x 14.0"" x 31.5""",Bronze,IP 68,5 Years,KSB,Sweden,Apex Industrial Supplies,ERP Master Data,https://docs.productiq-assets.com/specs/ksb/ksb-pmp-7442.pdf,https://www.industrial-supply-direct.com/item/ksb-pmp-7442
PID-10372,Gardner Denver Oil-Free Scroll Compressor GAR-CMP-4502,Gardner Denver,Compressors,Oil-Free Scroll Compressor,GAR-CMP-4502,Heavy-duty industrial grade Oil-Free Scroll Compressor engineered by Gardner Denver. Designed for continuous continuous operation in harsh industrial environments with high thermal efficiency and rugged construction.,9034.13,USD,,110 kW,50 Hz,2950 RPM,274.0 kg,108.0x50.7x14.4 cm,Cast Iron Block,IP55,24 months,Gardner Denver,Germany,Continental Drive Systems,Field Engineering Audit,https://docs.productiq-assets.com/specs/gardner_denver/gar-cmp-4502.pdf,https://www.industrial-supply-direct.com/item/gar-cmp-4502
PID-10373,Huawei Digital Power Battery Energy Storage Unit HUA-PWR-9033,Huawei Digital Power,Power Equipment,Battery Energy Storage Unit,HUA-PWR-9033,"Compact and durable Battery Energy Storage Unit with 500 kW rating, rated for 230 V Single Phase networks.",18019.72,USD,230 V Single Phase,500 kW,50/60 Hz,N/A,190.3 kilograms,,Galvanized Steel Weatherproof,IP23,12 Months,Huawei Digital Power,Japan,Global Electro Corp,Vendor Portal Upload,https://docs.productiq-assets.com/specs/huawei_digital_power/hua-pwr-9033.pdf,invalid-url-item
PID-10374,Gardner Denver Reciprocating Air Compressor GAR-CMP-7000,Gardner Denver,Compressors,Reciprocating Air Compressor,GAR-CMP-7000,Heavy-duty industrial grade Reciprocating Air Compressor engineered by Gardner Denver. Designed for continuous continuous operation in harsh industrial environments with high thermal efficiency and rugged construction.,10042.7,€,3.3 kV,37 kW,50 Hz,2950 RPM,79.9 g,106 x 418 x 380 mm,Acoustic Enclosure,IP54,24 months,Gardner Denver,Finland,Precision Parts Direct,Supplier Price File 2024,https://docs.productiq-assets.com/specs/gardner_denver/gar-cmp-7000.pdf,https://www.industrial-supply-direct.com/item/gar-cmp-7000
PID-10375,Grundfos Submersible Slurry Pump GRU-PMP-2415,Grundfos,Pumps,Submersible Slurry Pump,GRU-PMP-2415,"Grundfos Submersible Slurry Pump GRU-PMP-2415 offers industry leading performance, low vibration levels, and optimized lifecycle costs. Complies with ISO 9001 and CE directives.",14222.32,GBP,415V,7.5 kW,50 Hz,2900 RPM,88.0 kilograms,735x154x488mm,Cast Iron GG25,IP68,24 months,Grundfos,Finland,TechFlow Solutions,OEM Technical Data Sheet,https://docs.productiq-assets.com/specs/grundfos/gru-pmp-2415.pdf,https://www.industrial-supply-direct.com/item/gru-pmp-2415
PID-10376,Yokogawa Electromagnetic Flowmeter YOK-SNS-5249,Yokogawa,Sensors,Electromagnetic Flowmeter,YOK-SNS-5249,REDUNDANT RECORD: Yokogawa YOK-SNS-5249 Sensors Electromagnetic Flowmeter. Contact supplier Apex Industrial Supplies for spec sheet.,2295.03,USD,24V DC,< 3W,50/60 Hz,N/A,96.8 g,L:691 W:312 H:450,Titanium,IP69K,36 Months Extended,Yokogawa,Japan,Apex Industrial Supplies,Field Engineering Audit,https://docs.productiq-assets.com/specs/yokogawa/yok-sns-5249.pdf,https://www.industrial-supply-direct.com/item/yok-sns-5249
PID-10377,Eaton Air Circuit Breaker (ACB) EAT-ELC-2889,Eaton,Electrical Components,Air Circuit Breaker (ACB),EAT-ELC-2889,"Eaton Air Circuit Breaker (ACB) EAT-ELC-2889 offers industry leading performance, low vibration levels, and optimized lifecycle costs. Complies with ISO 9001 and CE directives.",15178.08,$,415 VAC,1600 A Rating,50/60 Hz,N/A,391.5 kg,1073 x 442 x 444 mm,Silver Alloy Contacts,IP30,2 Years,Eaton,Japan,Global Electro Corp,ERP Master Data,https://docs.productiq-assets.com/specs/eaton/eat-elc-2889.pdf,https://www.industrial-supply-direct.com/item/eat-elc-2889
PID-10378,Legrand Industrial Transformer LEG-ELC-8126,Legrand,Electrical Components,Industrial Transformer,LEG-ELC-8126,REDUNDANT RECORD: Legrand LEG-ELC-8126 Electrical Components Industrial Transformer. Contact supplier Global Electro Corp for spec sheet.,20032.42,USD,11 kV,630 A Rating,50/60 Hz,N/A,50.8 lbs,920x707x129mm,Thermoset Resin,IP20,24 months,Legrand,China,Global Electro Corp,Vendor Portal Upload,https://docs.productiq-assets.com/specs/legrand/leg-elc-8126.pdf,https://www.industrial-supply-direct.com/item/leg-elc-8126
PID-10379,Atlas Copco Rotary Screw Compressor ATL-CMP-6067,Atlas Copco,Compressors,Rotary Screw Compressor,ATL-CMP-6067,"*** ATLAS COPCO SPECIAL PROMO *** Model ATL-CMP-6067. High reliability, certified quality. Suitable for power, water, oil&gas applications. Order now.",11055.13,USD,460 V 60Hz,75 kW,50 Hz,3000 rpm,326.6 KG,866 x 105 x 588 mm,Acoustic Enclosure,IP54,1 Year Standard,Atlas Copco,France,Precision Parts Direct,Vendor Portal Upload,https://docs.productiq-assets.com/specs/atlas_copco/atl-cmp-6067.pdf,https://www.industrial-supply-direct.com/item/atl-cmp-6067
PID-10380,Chint Molded Case Circuit Breaker (MCCB) CHI-ELC-2569,Chint,Electrical Components,Molded Case Circuit Breaker (MCCB),CHI-ELC-2569,"Chint Molded Case Circuit Breaker (MCCB) CHI-ELC-2569 offers industry leading performance, low vibration levels, and optimized lifecycle costs. Complies with ISO 9001 and CE directives.",7698.5,EUR,690 V,630 A Rating,50 Hz,N/A,436.7 kg,L:464 W:340 H:477,Thermoset Resin,IP20,,Chint,Finland,Continental Drive Systems,Distributor Catalog EU,https://docs.productiq-assets.com/specs/chint/chi-elc-2569.pdf,https://www.industrial-supply-direct.com/item/chi-elc-2569
PID-10381,Velan Globe Control Valve VEL-VLV-1724,Velan,Valves,Globe Control Valve,VEL-VLV-1724,<div><p>Industrial Valves - VEL-VLV-1724</p><span>Manufacturer: Velan</span><br>Standard spec with warranty: 5 Years</div>,10497.61,EUR,230 V AC,50 W,60 Hz,,75.7 g,317 x 576 x 184 mm,Hastelloy C,IP65,5 Years,Velan,Germany,Global Electro Corp,Supplier Price File 2024,https://docs.productiq-assets.com/specs/velan/vel-vlv-1724.pdf,https://www.industrial-supply-direct.com/item/vel-vlv-1724
PID-10382,Schneider Electric Industrial Transformer SCH-ELC-7581,Schneider Electric,Electrical Components,Industrial Transformer,SCH-ELC-7581,"Compact and durable Industrial Transformer with 630 A Rating rating, rated for 400 V networks.",7330.16,€,400 V,630 A Rating,50/60 Hz,N/A,240.4 lbs,L:263 W:253 H:107,Silver Alloy Contacts,IP30,24 months,Schneider Electric,China,Continental Drive Systems,OEM Technical Data Sheet,https://docs.productiq-assets.com/specs/schneider_electric/sch-elc-7581.pdf,https://www.industrial-supply-direct.com/item/sch-elc-7581
PID-10383,Eaton Air Circuit Breaker (ACB) EAT-ELC-2991,Eaton,Electrical Components,Air Circuit Breaker (ACB),EAT-ELC-2991,Heavy-duty industrial grade Air Circuit Breaker (ACB) engineered by Eaton. Designed for continuous continuous operation in harsh industrial environments with high thermal efficiency and rugged construction.,8864.3,USD,11 kV,630 A Rating,60 Hz,N/A,202.4 kg.,,Thermoset Resin,IP20,5 Years,Eaton,Switzerland,Global Electro Corp,Supplier Price File 2024,https://docs.productiq-assets.com/specs/eaton/eat-elc-2991.pdf,https://www.industrial-supply-direct.com/item/eat-elc-2991
PID-10384,Kitz High-Pressure Gate Valve KIT-VLV-8063,Kitz,Valves,High-Pressure Gate Valve,KIT-VLV-8063,Heavy-duty industrial grade High-Pressure Gate Valve engineered by Kitz. Designed for continuous continuous operation in harsh industrial environments with high thermal efficiency and rugged construction.,23326.86,USD,,N/A,50 Hz,,441.2 kg,,CF8M Stainless,IP67,5 Years,Kitz,United States,Nordic Machinery Hub,ERP Master Data,https://docs.productiq-assets.com/specs/kitz/kit-vlv-8063.pdf,https://www.industrial-supply-direct.com/item/kit-vlv-8063
PID-10385,NTN Pillow Block Bearing NTN-BRG-9833,NTN,Bearings,Pillow Block Bearing,NTN-BRG-9833,"*** NTN SPECIAL PROMO *** Model NTN-BRG-9833. High reliability, certified quality. Suitable for power, water, oil&gas applications. Order now.",9034.86,EUR,N/A,N/A,N/A,6000 RPM,130.0 kg,13.8x52.4x77.2 cm,Stainless Steel 440C,Open,1 Year Standard,NTN,Italy,Apex Industrial Supplies,Vendor Portal Upload,https://docs.productiq-assets.com/specs/ntn/ntn-brg-9833.pdf,https://www.industrial-supply-direct.com/item/ntn-brg-9833
PID-10386,Endress+Hauser RTD Temp Sensor END-SNS-5715,Endress+Hauser,Sensors,RTD Temp Sensor,END-SNS-5715,"Endress+Hauser RTD Temp Sensor END-SNS-5715 offers industry leading performance, low vibration levels, and optimized lifecycle costs. Complies with ISO 9001 and CE directives.",14144.97,GBP,LOOP POWERED,1.5 W,N/A,N/A,334.8 KG,448 x 789 x 499 mm,Titanium,IP 67,5 Years,Endress+Hauser,United States,Precision Parts Direct,Vendor Portal Upload,https://docs.productiq-assets.com/specs/endress+hauser/end-sns-5715.pdf,https://www.industrial-supply-direct.com/item/end-sns-5715
PID-10387,Honeywell RTD Temp Sensor HON-SNS-7048,Honeywell,Sensors,RTD Temp Sensor,HON-SNS-7048,"*** HONEYWELL SPECIAL PROMO *** Model HON-SNS-7048. High reliability, certified quality. Suitable for power, water, oil&gas applications. Order now.",18041.76,,24V DC,0.01 kW,50/60 Hz,N/A,438.1 LBS,L:580 W:484 H:650,Hastelloy,IP67,,Honeywell,United States,Nordic Machinery Hub,Distributor Catalog EU,https://docs.productiq-assets.com/specs/honeywell/hon-sns-7048.pdf,https://www.industrial-supply-direct.com/item/hon-sns-7048
PID-10388,NSK Spherical Roller Bearing NSK-BRG-7571,NSK,Bearings,Spherical Roller Bearing,NSK-BRG-7571,<div><p>Industrial Bearings - NSK-BRG-7571</p><span>Manufacturer: NSK</span><br>Standard spec with warranty: 1 Year Standard</div>,18051.88,USD,,,N/A,3200 RPM,178.0 kilograms,1050x393x560mm,Stainless Steel 440C,ZZ Shielded,1 Year Standard,NSK,Germany,Continental Drive Systems,ERP Master Data,https://docs.productiq-assets.com/specs/nsk/nsk-brg-7571.pdf,https://www.industrial-supply-direct.com/item/nsk-brg-7571
PID-10389,Sulzer Multistage High-Pressure Pump SUL-PMP-7850,Sulzer,Pumps,Multistage High-Pressure Pump,SUL-PMP-7850,REDUNDANT RECORD: Sulzer SUL-PMP-7850 Pumps Multistage High-Pressure Pump. Contact supplier Continental Drive Systems for spec sheet.,4601.94,,400v,15 kW,50 Hz,3500 rpm,275.4 KG,1066 x 800 x 193 mm,Cast Iron GG25,IP55,5 Years,Sulzer,France,Continental Drive Systems,Vendor Portal Upload,https://docs.productiq-assets.com/specs/sulzer/sul-pmp-7850.pdf,https://www.industrial-supply-direct.com/item/sul-pmp-7850
PID-10390,Velan Butterfly Valve VEL-VLV-4920,Velan,Valves,Butterfly Valve,VEL-VLV-4920,"Compact and durable Butterfly Valve with 50 W rating, rated for multi-voltage networks.",22496.72,EUR,,50 W,50 Hz,,359.0 lbs,327x718x439mm,Forged Steel A105,,2 Years,Velan,United States,Apex Industrial Supplies,Supplier Price File 2024,,https://www.industrial-supply-direct.com/item/vel-vlv-4920
PID-10391,Banner Engineering Gas Detection Monitor BAN-SFT-2152,Banner Engineering,Safety Equipment,Gas Detection Monitor,BAN-SFT-2152,"*** BANNER ENGINEERING SPECIAL PROMO *** Model BAN-SFT-2152. High reliability, certified quality. Suitable for power, water, oil&gas applications. Order now.",21210.48,,,0.02 kW,DC,N/A,181.2 LBS,100.1x53.8x22.7 cm,Reinforced Polymer,IP66,,Banner Engineering,United States,Precision Parts Direct,Vendor Portal Upload,https://docs.productiq-assets.com/specs/banner_engineering/ban-sft-2152.pdf,https://www.industrial-supply-direct.com/item/ban-sft-2152
PID-10392,Samson High-Pressure Gate Valve SAM-VLV-4442,Samson,Valves,High-Pressure Gate Valve,SAM-VLV-4442,"Compact and durable High-Pressure Gate Valve with N/A rating, rated for 24 V DC networks.",7977.56,$,24 V DC,N/A,N/A,,268.5 kilograms,116.8x39.5x12.6 cm,WCB Carbon Steel,IP66,36 Months Extended,Samson,Japan,TechFlow Solutions,ERP Master Data,https://docs.productiq-assets.com/specs/samson/sam-vlv-4442.pdf,https://www.industrial-supply-direct.com/item/sam-vlv-4442
PID-10393,Chint Industrial Transformer CHI-ELC-5831,Chint,Electrical Components,Industrial Transformer,CHI-ELC-5831,REDUNDANT RECORD: Chint CHI-ELC-5831 Electrical Components Industrial Transformer. Contact supplier Continental Drive Systems for spec sheet.,19341.33,,415 VAC,100 kVA,50 Hz,N/A,165.5 LBS,1158x515x588mm,Thermoset Resin,IP20,24 months,Chint,Sweden,Continental Drive Systems,Field Engineering Audit,https://docs.productiq-assets.com/specs/chint/chi-elc-5831.pdf,https://www.industrial-supply-direct.com/item/chi-elc-5831
PID-10394,Chint Molded Case Circuit Breaker (MCCB) CHI-ELC-9605,Chint,Electrical Components,Molded Case Circuit Breaker (MCCB),CHI-ELC-9605,Heavy-duty industrial grade Molded Case Circuit Breaker (MCCB) engineered by Chint. Designed for continuous continuous operation in harsh industrial environments with high thermal efficiency and rugged construction.,11659.82,EUR,690 V,630 A Rating,50/60 Hz,N/A,162.0 lbs,12.4x63.6x33.3 cm,Thermoset Resin,IP40,5 Years,Chint,France,Precision Parts Direct,Distributor Catalog EU,https://docs.productiq-assets.com/specs/chint/chi-elc-9605.pdf,https://www.industrial-supply-direct.com/item/chi-elc-9605
PID-10395,NTN Pillow Block Bearing NTN-BRG-9810,NTN,Bearings,Pillow Block Bearing,NTN-BRG-9810,REDUNDANT RECORD: NTN NTN-BRG-9810 Bearings Pillow Block Bearing. Contact supplier Continental Drive Systems for spec sheet.,10766.22,USD,N/A,N/A,N/A,6000 RPM,121.4 kg.,489 x 165 x 235 mm,Ceramic Hybrid,ZZ Shielded,2 Years,NTN,Switzerland,Continental Drive Systems,OEM Technical Data Sheet,https://docs.productiq-assets.com/specs/ntn/ntn-brg-9810.pdf,https://www.industrial-supply-direct.com/item/ntn-brg-9810
PID-10396,WEG Three-Phase Induction Motor WEG-MTR-4218,WEG,Industrial Motors,Three-Phase Induction Motor,WEG-MTR-4218,REDUNDANT RECORD: WEG WEG-MTR-4218 Industrial Motors Three-Phase Induction Motor. Contact supplier TechFlow Solutions for spec sheet.,10652.99,€,400V,,50/60 Hz,1500 rpm,350.4 KG,L:1034 W:100 H:357,Aluminum,IP56,24 months,WEG,Sweden,TechFlow Solutions,Supplier Price File 2024,https://docs.productiq-assets.com/specs/weg/weg-mtr-4218.pdf,https://www.industrial-supply-direct.com/item/weg-mtr-4218
PID-10397,FAG Schaeffler Pillow Block Bearing FAG-BRG-5079,FAG Schaeffler,Bearings,Pillow Block Bearing,FAG-BRG-5079,<div><p>Industrial Bearings - FAG-BRG-5079</p><span>Manufacturer: FAG Schaeffler</span><br>Standard spec with warranty: 2 Years</div>,16295.6,€,,,N/A,8500 rpm,303.7 kg,1007x450x753mm,High Carbon Chrome Steel 100Cr6,N/A,2 Years,FAG Schaeffler,Switzerland,Global Electro Corp,Distributor Catalog EU,https://docs.productiq-assets.com/specs/fag_schaeffler/fag-brg-5079.pdf,https://www.industrial-supply-direct.com/item/fag-brg-5079
PID-10398,Banner Engineering Safety Light Curtain BAN-SFT-5916,Banner Engineering,Safety Equipment,Safety Light Curtain,BAN-SFT-5916,<div><p>Industrial Safety Equipment - BAN-SFT-5916</p><span>Manufacturer: Banner Engineering</span><br>Standard spec with warranty: 5 Years</div>,7827.85,GBP,24VDC,10 W,DC,N/A,327.6 KG,106.6x41.0x47.9 cm,Anodized Aluminum,IP69K,5 Years,Banner Engineering,Italy,Nordic Machinery Hub,ERP Master Data,https://docs.productiq-assets.com/specs/banner_engineering/ban-sft-5916.pdf,https://www.industrial-supply-direct.com/item/ban-sft-5916
PID-10399,Siemens SIMATIC Human Machine Interface (HMI) SIE-CTL-1906,Siemens SIMATIC,Control Systems,Human Machine Interface (HMI),SIE-CTL-1906,<div><p>Industrial Control Systems - SIE-CTL-1906</p><span>Manufacturer: Siemens SIMATIC</span><br>Standard spec with warranty: 12 Months</div>,15529.13,,400 V 3PH,15 kW,50/60 Hz,N/A,193.8 lbs,50.8x32.0x73.2 cm,Polycarbonate / Aluminum,IP20 / NEMA 1,12 Months,Siemens SIMATIC,Switzerland,Global Electro Corp,Distributor Catalog EU,https://docs.productiq-assets.com/specs/siemens_simatic/sie-ctl-1906.pdf,https://www.industrial-supply-direct.com/item/sie-ctl-1906
PID-10400,Vertiv Liebert Industrial Diesel Generator VER-PWR-7390,Vertiv Liebert,Power Equipment,Industrial Diesel Generator,VER-PWR-7390,"*** VERTIV LIEBERT SPECIAL PROMO *** Model VER-PWR-7390. High reliability, certified quality. Suitable for power, water, oil&gas applications. Order now.",6060.07,EUR,230 V Single Phase,1200 kW,50/60 Hz,N/A,396.7 kg,L:947 W:255 H:254,Galvanized Steel Weatherproof,IP20,2 Years,Vertiv Liebert,United States,Nordic Machinery Hub,Vendor Portal Upload,https://docs.productiq-assets.com/specs/vertiv_liebert/ver-pwr-7390.pdf,https://www.industrial-supply-direct.com/item/ver-pwr-7390
PID-10401,NTN Pillow Block Bearing NTN-BRG-5774,NTN,Bearings,Pillow Block Bearing,NTN-BRG-5774,Heavy-duty industrial grade Pillow Block Bearing engineered by NTN. Designed for continuous continuous operation in harsh industrial environments with high thermal efficiency and rugged construction.,18549.79,EUR,N/A,N/A,N/A,3200 RPM,118.4 LBS,"5.8"" x 9.6"" x 8.7""",Stainless Steel 440C,ZZ Shielded,1 Year Standard,NTN,Germany,Continental Drive Systems,Supplier Price File 2024,https://docs.productiq-assets.com/specs/ntn/ntn-brg-5774.pdf,https://www.industrial-supply-direct.com/item/ntn-brg-5774
PID-10402,Nidec Servo Motor NID-MTR-1525,Nidec,Industrial Motors,Servo Motor,NID-MTR-1525,<div><p>Industrial Industrial Motors - NID-MTR-1525</p><span>Manufacturer: Nidec</span><br>Standard spec with warranty: 1 Year Standard</div>,18981.14,GBP,690 V,10 HP,50/60 Hz,2950 RPM,383.5 LBS,49.0x17.4x88.5 cm,Cast Iron,ip55,1 Year Standard,Nidec,Sweden,Precision Parts Direct,Supplier Price File 2024,,https://www.industrial-supply-direct.com/item/nid-mtr-1525
PID-10403,Sullair Vane Compressor SUL-CMP-8084,Sullair,Compressors,Vane Compressor,SUL-CMP-8084,Heavy-duty industrial grade Vane Compressor engineered by Sullair. Designed for continuous continuous operation in harsh industrial environments with high thermal efficiency and rugged construction.,13829.86,USD,3.3 kV,37 kW,50 Hz,1480 RPM,207.3 g,826x690x256mm,Heavy Gauge Steel Housing,,2 Years,Sullair,Sweden,Apex Industrial Supplies,ERP Master Data,https://docs.productiq-assets.com/specs/sullair/sul-cmp-8084.pdf,https://www.industrial-supply-direct.com/item/sul-cmp-8084
PID-10404,Siemens DC Traction Motor SIE-MTR-6710,Siemens,Industrial Motors,DC Traction Motor,SIE-MTR-6710,"Siemens DC Traction Motor SIE-MTR-6710 offers industry leading performance, low vibration levels, and optimized lifecycle costs. Complies with ISO 9001 and CE directives.",20904.35,EUR,690 V,15 KW,50Hz,1750 RPM,395.2 lbs,868x126x554mm,Aluminum,IP66,1 Year Standard,Siemens,United Kingdom,Nordic Machinery Hub,Distributor Catalog EU,https://docs.productiq-assets.com/specs/siemens/sie-mtr-6710.pdf,https://www.industrial-supply-direct.com/item/sie-mtr-6710
PID-10405,Caterpillar Industrial Diesel Generator CAT-PWR-3868,Caterpillar,Power Equipment,Industrial Diesel Generator,CAT-PWR-3868,<div><p>Industrial Power Equipment - CAT-PWR-3868</p><span>Manufacturer: Caterpillar</span><br>Standard spec with warranty: 1 Year Standard</div>,17411.86,USD,400/230V 50Hz,50 kVA,50 Hz,1500 RPM,360.4 kg.,,Galvanized Steel Weatherproof,IP54 Outdoor,1 Year Standard,Caterpillar,France,Apex Industrial Supplies,Supplier Price File 2024,https://docs.productiq-assets.com/specs/caterpillar/cat-pwr-3868.pdf,https://www.industrial-supply-direct.com/item/cat-pwr-3868
PID-10406,Sulzer Positive Displacement Pump SUL-PMP-4757,Sulzer,Pumps,Positive Displacement Pump,SUL-PMP-4757,"Sulzer Positive Displacement Pump SUL-PMP-4757 offers industry leading performance, low vibration levels, and optimized lifecycle costs. Complies with ISO 9001 and CE directives.",15640.1,,230 V,,60 Hz,1450 RPM,234.6 KG,17.9x16.2x71.0 cm,Bronze,IP68,24 months,Sulzer,France,Global Electro Corp,Vendor Portal Upload,https://docs.productiq-assets.com/specs/sulzer/sul-pmp-4757.pdf,https://www.industrial-supply-direct.com/item/sul-pmp-4757
PID-10407,Kitz Globe Control Valve KIT-VLV-6981,Kitz,Valves,Globe Control Valve,KIT-VLV-6981,Heavy-duty industrial grade Globe Control Valve engineered by Kitz. Designed for continuous continuous operation in harsh industrial environments with high thermal efficiency and rugged construction.,3968.17,€,,0.05 kW,,N/A,17.8 kilograms,L:934 W:147 H:652,Hastelloy C,NEMA 4X,5 Years,Kitz,Sweden,Global Electro Corp,Vendor Portal Upload,,https://www.industrial-supply-direct.com/item/kit-vlv-6981
PID-10408,Sulzer Centrifugal Pump SUL-PMP-2841,Sulzer,Pumps,Centrifugal Pump,SUL-PMP-2841,Heavy-duty industrial grade Centrifugal Pump engineered by Sulzer. Designed for continuous continuous operation in harsh industrial environments with high thermal efficiency and rugged construction.,23602.26,USD,400v,15 kW,50/60 Hz,1450 RPM,301.6 kg,501x228x324mm,Stainless Steel 316,IP55,2 Years,Sulzer,United States,Precision Parts Direct,Field Engineering Audit,https://docs.productiq-assets.com/specs/sulzer/sul-pmp-2841.pdf,https://www.industrial-supply-direct.com/item/sul-pmp-2841
PID-10409,Caterpillar Online Double-Conversion UPS CAT-PWR-4706,Caterpillar,Power Equipment,Online Double-Conversion UPS,CAT-PWR-4706,"Compact and durable Online Double-Conversion UPS with 1000 kVA rating, rated for 480 V networks.",17543.67,$,480 V,1000 kVA,60 Hz,1800 rpm,298.4 LBS,,Marine Grade Aluminum,IP20,2 Years,Caterpillar,Germany,Global Electro Corp,OEM Technical Data Sheet,,https://www.industrial-supply-direct.com/item/cat-pwr-4706
PID-10410,Velan Butterfly Valve VEL-VLV-1191,Velan,Valves,Butterfly Valve,VEL-VLV-1191,Heavy-duty industrial grade Butterfly Valve engineered by Velan. Designed for continuous continuous operation in harsh industrial environments with high thermal efficiency and rugged construction.,11656.15,GBP,110 VAC,15 W,60 Hz,N/A,232.7 kg.,"18.9"" x 14.2"" x 17.7""",Hastelloy C,,,Velan,United Kingdom,Precision Parts Direct,Vendor Portal Upload,https://docs.productiq-assets.com/specs/velan/vel-vlv-1191.pdf,https://www.industrial-supply-direct.com/item/vel-vlv-1191
PID-10411,Euchner Safety Light Curtain EUC-SFT-6987,Euchner,Safety Equipment,Safety Light Curtain,EUC-SFT-6987,"*** EUCHNER SPECIAL PROMO *** Model EUC-SFT-6987. High reliability, certified quality. Suitable for power, water, oil&gas applications. Order now.",23157.08,USD,24 V DC,0.02 kW,DC,N/A,443.0 kg,L:1133 W:286 H:507,Reinforced Polymer,IP69K,2 Years,Euchner,Switzerland,Apex Industrial Supplies,OEM Technical Data Sheet,https://docs.productiq-assets.com/specs/euchner/euc-sft-6987.pdf,https://www.industrial-supply-direct.com/item/euc-sft-6987
PID-10412,Cummins Automatic Transfer Switch CUM-PWR-9692,Cummins,Power Equipment,Automatic Transfer Switch,CUM-PWR-9692,"Cummins Automatic Transfer Switch CUM-PWR-9692 offers industry leading performance, low vibration levels, and optimized lifecycle costs. Complies with ISO 9001 and CE directives.",19223.22,USD,400 V 3-Phase,50 kVA,60 Hz,N/A,103.8 kilograms,,Marine Grade Aluminum,IP54 Outdoor,1 Year Standard,Cummins,France,Continental Drive Systems,ERP Master Data,https://docs.productiq-assets.com/specs/cummins/cum-pwr-9692.pdf,https://www.industrial-supply-direct.com/item/cum-pwr-9692
PID-10413,Kitz Butterfly Valve KIT-VLV-1005,Kitz,Valves,Butterfly Valve,KIT-VLV-1005,"Kitz Butterfly Valve KIT-VLV-1005 offers industry leading performance, low vibration levels, and optimized lifecycle costs. Complies with ISO 9001 and CE directives.",17024.98,EUR,230 V AC,0.05 kW,60 Hz,N/A,177.6 KG,90.0x70.5x29.8 cm,CF8M Stainless,,12 Months,Kitz,Japan,Global Electro Corp,OEM Technical Data Sheet,https://docs.productiq-assets.com/specs/kitz/kit-vlv-1005.pdf,https://www.industrial-supply-direct.com/item/kit-vlv-1005
PID-10414,Samson High-Pressure Gate Valve SAM-VLV-3333,Samson,Valves,High-Pressure Gate Valve,SAM-VLV-3333,REDUNDANT RECORD: Samson SAM-VLV-3333 Valves High-Pressure Gate Valve. Contact supplier Nordic Machinery Hub for spec sheet.,7916.43,USD,,N/A,N/A,,205.8 kg,79.9x37.8x14.1 cm,CF8M Stainless,,12 Months,Samson,United Kingdom,Nordic Machinery Hub,Field Engineering Audit,https://docs.productiq-assets.com/specs/samson/sam-vlv-3333.pdf,https://www.industrial-supply-direct.com/item/sam-vlv-3333
PID-10415,Eaton Molded Case Circuit Breaker (MCCB) EAT-ELC-9566,Eaton,Electrical Components,Molded Case Circuit Breaker (MCCB),EAT-ELC-9566,"Compact and durable Molded Case Circuit Breaker (MCCB) with N/A rating, rated for 400 V networks.",23942.73,GBP,400 V,N/A,60 Hz,N/A,326.5 kg.,114.0x43.6x52.9 cm,Silver Alloy Contacts,IP54,24 months,Eaton,Germany,Apex Industrial Supplies,Distributor Catalog EU,https://docs.productiq-assets.com/specs/eaton/eat-elc-9566.pdf,https://www.industrial-supply-direct.com/item/eat-elc-9566
PID-10416,ABB Surge Protection Device ABB-ELC-8106,ABB,Electrical Components,Surge Protection Device,ABB-ELC-8106,"Compact and durable Surge Protection Device with 250 kVA rating, rated for 400 V networks.",23935.49,USD,400 V,250 kVA,60 Hz,N/A,260.1 kg,L:588 W:469 H:694,Silver Alloy Contacts,IP30,1 Year Standard,ABB,Germany,TechFlow Solutions,Supplier Price File 2024,https://docs.productiq-assets.com/specs/abb/abb-elc-8106.pdf,https://www.industrial-supply-direct.com/item/abb-elc-8106
PID-10417,SMA Solar Industrial Diesel Generator SMA-PWR-7532,SMA Solar,Power Equipment,Industrial Diesel Generator,SMA-PWR-7532,"*** SMA SOLAR SPECIAL PROMO *** Model SMA-PWR-7532. High reliability, certified quality. Suitable for power, water, oil&gas applications. Order now.",CONTACT SALES,$,230 V Single Phase,1500 kVA,50 Hz,1500 RPM,368.7 kg.,60.9x38.3x55.6 cm,Galvanized Steel Weatherproof,IP54 Outdoor,1 Year Standard,SMA Solar,Japan,Global Electro Corp,Field Engineering Audit,https://docs.productiq-assets.com/specs/sma_solar/sma-pwr-7532.pdf,https://www.industrial-supply-direct.com/item/sma-pwr-7532
PID-10418,Gardner Denver Oil-Free Scroll Compressor GAR-CMP-6710,Gardner Denver,Compressors,Oil-Free Scroll Compressor,GAR-CMP-6710,"*** GARDNER DENVER SPECIAL PROMO *** Model GAR-CMP-6710. High reliability, certified quality. Suitable for power, water, oil&gas applications. Order now.",20571.7,EUR,3.3 kV,75 kW,60 Hz,3000 rpm,184.2 LBS,"18.9"" x 19.3"" x 12.1""",Acoustic Enclosure,IP65,24 months,Gardner Denver,United Kingdom,TechFlow Solutions,ERP Master Data,https://docs.productiq-assets.com/specs/gardner_denver/gar-cmp-6710.pdf,https://www.industrial-supply-direct.com/item/gar-cmp-6710
PID-10419,KSB Multistage High-Pressure Pump KSB-PMP-6087,KSB,Pumps,Multistage High-Pressure Pump,KSB-PMP-6087,REDUNDANT RECORD: KSB KSB-PMP-6087 Pumps Multistage High-Pressure Pump. Contact supplier Continental Drive Systems for spec sheet.,15445.79,€,24 V DC,3.7 kW,60 Hz,3500 rpm,383.9 KG,"46.9"" x 18.2"" x 19.9""",Cast Iron GG25,IP 68,12 Months,KSB,Japan,Continental Drive Systems,Field Engineering Audit,https://docs.productiq-assets.com/specs/ksb/ksb-pmp-6087.pdf,https://www.industrial-supply-direct.com/item/ksb-pmp-6087
PID-10420,IFM Electronic Pressure Transmitter IFM-SNS-5028,IFM Electronic,Sensors,Pressure Transmitter,IFM-SNS-5028,REDUNDANT RECORD: IFM Electronic IFM-SNS-5028 Sensors Pressure Transmitter. Contact supplier Continental Drive Systems for spec sheet.,16048.77,USD,12-30 VDC,1.5 W,50/60 Hz,N/A,135.3 kg,L:1089 W:549 H:524,Hastelloy,ip67,2 Years,IFM Electronic,Sweden,Continental Drive Systems,Supplier Price File 2024,https://docs.productiq-assets.com/specs/ifm_electronic/ifm-sns-5028.pdf,https://www.industrial-supply-direct.com/item/ifm-sns-5028
PID-10421,Omron Variable Frequency Drive (VFD) OMR-CTL-6963,Omron,Control Systems,Variable Frequency Drive (VFD),OMR-CTL-6963,"Compact and durable Variable Frequency Drive (VFD) with 22 kW rating, rated for 400 V 3PH networks.",10399.89,USD,400 V 3PH,22 kW,0-400 Hz Output,N/A,261.6 kg,L:1139 W:587 H:648,Metal Alloy,IP20 / NEMA 1,2 Years,Omron,Italy,Precision Parts Direct,Field Engineering Audit,https://docs.productiq-assets.com/specs/omron/omr-ctl-6963.pdf,https://www.industrial-supply-direct.com/item/omr-ctl-6963
PID-10422,IFM Electronic Electromagnetic Flowmeter IFM-SNS-1871,IFM Electronic,Sensors,Electromagnetic Flowmeter,IFM-SNS-1871,"Compact and durable Electromagnetic Flowmeter with < 3W rating, rated for 4-20mA 24V networks.",10556.68,USD,4-20mA 24V,< 3W,N/A,N/A,307.7 kg,665 x 683 x 358 mm,Hastelloy,,5 Years,IFM Electronic,United Kingdom,Nordic Machinery Hub,Vendor Portal Upload,https://docs.productiq-assets.com/specs/ifm_electronic/ifm-sns-1871.pdf,https://www.industrial-supply-direct.com/item/ifm-sns-1871
PID-10423,Rockwell Allen-Bradley Human Machine Interface (HMI) ROC-CTL-6076,Rockwell Allen-Bradley,Control Systems,Human Machine Interface (HMI),ROC-CTL-6076,Heavy-duty industrial grade Human Machine Interface (HMI) engineered by Rockwell Allen-Bradley. Designed for continuous continuous operation in harsh industrial environments with high thermal efficiency and rugged construction.,7989.7,USD,400 V 3PH,30 W,50 Hz,N/A,56.1 kg,1184x523x847mm,Metal Alloy,IP65 Bezel,2 Years,Rockwell Allen-Bradley,Sweden,Global Electro Corp,Vendor Portal Upload,https://docs.productiq-assets.com/specs/rockwell_allen-bradley/roc-ctl-6076.pdf,https://www.industrial-supply-direct.com/item/roc-ctl-6076
PID-10424,Flowserve Centrifugal Pump FLO-PMP-2542,Flowserve,Pumps,Centrifugal Pump,FLO-PMP-2542,<div><p>Industrial Pumps - FLO-PMP-2542</p><span>Manufacturer: Flowserve</span><br>Standard spec with warranty: 24 months</div>,16847.71,$,380 V 3-Phase,15 kW,50/60 Hz,1450 RPM,226.1 KG,510 x 332 x 459 mm,Duplex Steel,ip68,24 months,Flowserve,United States,Continental Drive Systems,Supplier Price File 2024,,https://www.industrial-supply-direct.com/item/flo-pmp-2542
PID-10425,Pilz Explosion Proof Beacon PIL-SFT-2564,Pilz,Safety Equipment,Explosion Proof Beacon,PIL-SFT-2564,"Compact and durable Explosion Proof Beacon with 10 W rating, rated for 24 V DC networks.",23129.49,EUR,24 V DC,10 W,DC,N/A,280.3 KG,L:807 W:199 H:799,Reinforced Polymer,IP65,24 months,Pilz,Sweden,Nordic Machinery Hub,Vendor Portal Upload,https://docs.productiq-assets.com/specs/pilz/pil-sft-2564.pdf,https://www.industrial-supply-direct.com/item/pil-sft-2564
PID-10426,Sick Gas Detection Monitor SIC-SFT-1497,Sick,Safety Equipment,Gas Detection Monitor,SIC-SFT-1497,"*** SICK SPECIAL PROMO *** Model SIC-SFT-1497. High reliability, certified quality. Suitable for power, water, oil&gas applications. Order now.",19389.3,USD,24 V DC,5 W,50/60 Hz,N/A,414.2 lbs,896 x 558 x 219 mm,Reinforced Polymer,IP67,24 months,Sick,Italy,Global Electro Corp,OEM Technical Data Sheet,https://docs.productiq-assets.com/specs/sick/sic-sft-1497.pdf,https://www.industrial-supply-direct.com/item/sic-sft-1497
PID-10427,Siemens SIMATIC Variable Frequency Drive (VFD) SIE-CTL-1960,Siemens SIMATIC,Control Systems,Variable Frequency Drive (VFD),SIE-CTL-1960,REDUNDANT RECORD: Siemens SIMATIC SIE-CTL-1960 Control Systems Variable Frequency Drive (VFD). Contact supplier TechFlow Solutions for spec sheet.,2447.33,EUR,24vdc,15 kW,50 Hz,N/A,202.9 KG,"38.3"" x 20.2"" x 21.5""",Metal Alloy,IP20 / NEMA 1,12 Months,Siemens SIMATIC,United States,TechFlow Solutions,Supplier Price File 2024,https://docs.productiq-assets.com/specs/siemens_simatic/sie-ctl-1960.pdf,https://www.industrial-supply-direct.com/item/sie-ctl-1960
PID-10428,Eaton Air Circuit Breaker (ACB) EAT-ELC-9643,Eaton,Electrical Components,Air Circuit Breaker (ACB),EAT-ELC-9643,"*** EATON SPECIAL PROMO *** Model EAT-ELC-9643. High reliability, certified quality. Suitable for power, water, oil&gas applications. Order now.",22727.24,GBP,,N/A,50/60 Hz,N/A,371.9 kilograms,1141 x 636 x 282 mm,Silver Alloy Contacts,,2 Years,Eaton,United Kingdom,Global Electro Corp,Distributor Catalog EU,https://docs.productiq-assets.com/specs/eaton/eat-elc-9643.pdf,invalid-url-item
PID-10429,IFM Electronic Radar Level Sensor IFM-SNS-1255,IFM Electronic,Sensors,Radar Level Sensor,IFM-SNS-1255,"Compact and durable Radar Level Sensor with 2 W rating, rated for LOOP POWERED networks.",5012.2,EUR,LOOP POWERED,2 W,N/A,N/A,168.9 kilograms,41.9x24.5x71.3 cm,316L SS,IP69K,1 Year Standard,IFM Electronic,Finland,Precision Parts Direct,Field Engineering Audit,https://docs.productiq-assets.com/specs/ifm_electronic/ifm-sns-1255.pdf,https://www.industrial-supply-direct.com/item/ifm-sns-1255
PID-10430,Timken Deep Groove Ball Bearing TIM-BRG-7813,Timken,Bearings,Deep Groove Ball Bearing,TIM-BRG-7813,REDUNDANT RECORD: Timken TIM-BRG-7813 Bearings Deep Groove Ball Bearing. Contact supplier TechFlow Solutions for spec sheet.,6735.44,USD,,,N/A,8500 rpm,287.8 kg,1100x168x287mm,Ceramic Hybrid,,5 Years,Timken,France,TechFlow Solutions,ERP Master Data,https://docs.productiq-assets.com/specs/timken/tim-brg-7813.pdf,https://www.industrial-supply-direct.com/item/tim-brg-7813
PID-10431,SKF Deep Groove Ball Bearing SKF-BRG-7470,SKF,Bearings,Deep Groove Ball Bearing,SKF-BRG-7470,"*** SKF SPECIAL PROMO *** Model SKF-BRG-7470. High reliability, certified quality. Suitable for power, water, oil&gas applications. Order now.",13351.85,GBP,N/A,N/A,N/A,6000 RPM,312.9 kg,L:859 W:548 H:856,Ceramic Hybrid,2RS Sealed,,SKF,China,Global Electro Corp,Distributor Catalog EU,https://docs.productiq-assets.com/specs/skf/skf-brg-7470.pdf,invalid-url-item
PID-10432,Siemens Explosion-Proof Motor SIE-MTR-5109,Siemens,Industrial Motors,Explosion-Proof Motor,SIE-MTR-5109,Heavy-duty industrial grade Explosion-Proof Motor engineered by Siemens. Designed for continuous continuous operation in harsh industrial environments with high thermal efficiency and rugged construction.,11134.58,USD,690 V,15000 W,50 Hz,3000 RPM,392.4 kg,L:1182 W:394 H:670,Aluminum,IP 55,24 months,Siemens,United States,Precision Parts Direct,Distributor Catalog EU,https://docs.productiq-assets.com/specs/siemens/sie-mtr-5109.pdf,https://www.industrial-supply-direct.com/item/sie-mtr-5109
PID-10433,Huawei Digital Power Online Double-Conversion UPS HUA-PWR-6270,Huawei Digital Power,Power Equipment,Online Double-Conversion UPS,HUA-PWR-6270,"Huawei Digital Power Online Double-Conversion UPS HUA-PWR-6270 offers industry leading performance, low vibration levels, and optimized lifecycle costs. Complies with ISO 9001 and CE directives.",3516.48,EUR,400 V 3-Phase,1000 kVA,50 Hz,N/A,18.2 LBS,L:1075 W:685 H:760,Galvanized Steel Weatherproof,IP54 Outdoor,1 Year Standard,Huawei Digital Power,Switzerland,Precision Parts Direct,Supplier Price File 2024,https://docs.productiq-assets.com/specs/huawei_digital_power/hua-pwr-6270.pdf,https://www.industrial-supply-direct.com/item/hua-pwr-6270
PID-10434,Siemens Molded Case Circuit Breaker (MCCB) SIE-ELC-8441,Siemens,Electrical Components,Molded Case Circuit Breaker (MCCB),SIE-ELC-8441,"Siemens Molded Case Circuit Breaker (MCCB) SIE-ELC-8441 offers industry leading performance, low vibration levels, and optimized lifecycle costs. Complies with ISO 9001 and CE directives.",5438.13,EUR,1000 V,,50/60 Hz,N/A,396.2 kilograms,"36.3"" x 9.0"" x 29.2""",Thermoset Resin,IP30,1 Year Standard,Siemens,United Kingdom,Precision Parts Direct,Supplier Price File 2024,https://docs.productiq-assets.com/specs/siemens/sie-elc-8441.pdf,https://www.industrial-supply-direct.com/item/sie-elc-8441
PID-10435,Kaeser Centrifugal Turbo Compressor KAE-CMP-7535,Kaeser,Compressors,Centrifugal Turbo Compressor,KAE-CMP-7535,"Kaeser Centrifugal Turbo Compressor KAE-CMP-7535 offers industry leading performance, low vibration levels, and optimized lifecycle costs. Complies with ISO 9001 and CE directives.",5009.46,GBP,400 volts,75 kW,50 Hz,1480 RPM,357.0 kg.,L:537 W:502 H:244,Acoustic Enclosure,IP54,5 Years,Kaeser,Japan,Continental Drive Systems,Supplier Price File 2024,,https://www.industrial-supply-direct.com/item/kae-cmp-7535
PID-10436,Sick Gas Detection Monitor SIC-SFT-9478,Sick,Safety Equipment,Gas Detection Monitor,SIC-SFT-9478,"Compact and durable Gas Detection Monitor with 0.02 kW rating, rated for 24VDC networks.",22641.61,GBP,24VDC,0.02 kW,DC,N/A,360.9 KG,"41.7"" x 13.8"" x 33.7""",Flameproof Aluminum,IP66,24 months,Sick,Finland,Continental Drive Systems,Vendor Portal Upload,https://docs.productiq-assets.com/specs/sick/sic-sft-9478.pdf,invalid-url-item
PID-10437,Grundfos Centrifugal Pump GRU-PMP-1351,Grundfos,Pumps,Centrifugal Pump,GRU-PMP-1351,REDUNDANT RECORD: Grundfos GRU-PMP-1351 Pumps Centrifugal Pump. Contact supplier Apex Industrial Supplies for spec sheet.,8013.03,GBP,230 V,5.5 kW,50 Hz,1450 RPM,202.4 kg.,693x410x203mm,Cast Iron GG25,IP66,2 Years,Grundfos,France,Apex Industrial Supplies,OEM Technical Data Sheet,https://docs.productiq-assets.com/specs/grundfos/gru-pmp-1351.pdf,https://www.industrial-supply-direct.com/item/gru-pmp-1351
PID-10438,Honeywell Analytics Gas Detection Monitor HON-SFT-5607,Honeywell Analytics,Safety Equipment,Gas Detection Monitor,HON-SFT-5607,"*** HONEYWELL ANALYTICS SPECIAL PROMO *** Model HON-SFT-5607. High reliability, certified quality. Suitable for power, water, oil&gas applications. Order now.",,€,24 V DC,10 W,DC,N/A,264.2 KG,14.0x60.3x78.7 cm,Anodized Aluminum,IP67,12 Months,Honeywell Analytics,United States,Global Electro Corp,ERP Master Data,https://docs.productiq-assets.com/specs/honeywell_analytics/hon-sft-5607.pdf,https://www.industrial-supply-direct.com/item/hon-sft-5607
PID-10439,Emerson Fisher Globe Control Valve EME-VLV-6254,Emerson Fisher,Valves,Globe Control Valve,EME-VLV-6254,Heavy-duty industrial grade Globe Control Valve engineered by Emerson Fisher. Designed for continuous continuous operation in harsh industrial environments with high thermal efficiency and rugged construction.,19044.38,$,None,N/A,N/A,,442.0 kg,44.1x15.3x76.4 cm,Hastelloy C,,24 months,Emerson Fisher,France,TechFlow Solutions,Supplier Price File 2024,https://docs.productiq-assets.com/specs/emerson_fisher/eme-vlv-6254.pdf,https://www.industrial-supply-direct.com/item/eme-vlv-6254
PID-10440,Chint Air Circuit Breaker (ACB) CHI-ELC-6454,Chint,Electrical Components,,CHI-ELC-6454,"Chint Air Circuit Breaker (ACB) CHI-ELC-6454 offers industry leading performance, low vibration levels, and optimized lifecycle costs. Complies with ISO 9001 and CE directives.",3209.49,$,400 V,1600 A Rating,60 Hz,N/A,166.6 LBS,96.9x51.6x82.4 cm,Thermoset Resin,IP40,5 Years,Chint,China,Global Electro Corp,ERP Master Data,https://docs.productiq-assets.com/specs/chint/chi-elc-6454.pdf,https://www.industrial-supply-direct.com/item/chi-elc-6454
PID-10441,Chint Air Circuit Breaker (ACB) CHI-ELC-6220,Chint,Electrical Components,Air Circuit Breaker (ACB),CHI-ELC-6220,Heavy-duty industrial grade Air Circuit Breaker (ACB) engineered by Chint. Designed for continuous continuous operation in harsh industrial environments with high thermal efficiency and rugged construction.,635.22,EUR,400 V,1600 A Rating,50 Hz,N/A,8.5 kilograms,"9.6"" x 10.2"" x 27.4""",DMC Polyester Glass,IP54,5 Years,Chint,United States,Continental Drive Systems,ERP Master Data,,https://www.industrial-supply-direct.com/item/chi-elc-6220
PID-10442,KSB Centrifugal Pump KSB-PMP-2500,KSB,Pumps,Centrifugal Pump,KSB-PMP-2500,REDUNDANT RECORD: KSB KSB-PMP-2500 Pumps Centrifugal Pump. Contact supplier Global Electro Corp for spec sheet.,19015.94,EUR,400v,5.5 kW,50 Hz,2900 RPM,85.8 kg.,225 x 553 x 289 mm,Stainless Steel 316,IP68,2 Years,KSB,Japan,Global Electro Corp,OEM Technical Data Sheet,https://docs.productiq-assets.com/specs/ksb/ksb-pmp-2500.pdf,https://www.industrial-supply-direct.com/item/ksb-pmp-2500
PID-10443,Xylem Centrifugal Pump XYL-PMP-4083,Xylem,Pumps,Centrifugal Pump,XYL-PMP-4083,"Xylem Centrifugal Pump XYL-PMP-4083 offers industry leading performance, low vibration levels, and optimized lifecycle costs. Complies with ISO 9001 and CE directives.",18171.59,USD,415V,7.5 kW,50 Hz,2900 RPM,5.6 g,,Bronze,ip68,24 months,Xylem,Germany,Continental Drive Systems,Field Engineering Audit,,https://www.industrial-supply-direct.com/item/xyl-pmp-4083
PID-10444,Schneider Electric Air Circuit Breaker (ACB) SCH-ELC-6216,Schneider Electric,Electrical Components,Air Circuit Breaker (ACB),SCH-ELC-6216,"Schneider Electric Air Circuit Breaker (ACB) SCH-ELC-6216 offers industry leading performance, low vibration levels, and optimized lifecycle costs. Complies with ISO 9001 and CE directives.",16779.49,$,1000 V,1600 A Rating,60 Hz,N/A,246.8 g,"17.7"" x 5.6"" x 31.8""",Silver Alloy Contacts,IP20,1 Year Standard,Schneider Electric,France,Nordic Machinery Hub,ERP Master Data,https://docs.productiq-assets.com/specs/schneider_electric/sch-elc-6216.pdf,https://www.industrial-supply-direct.com/item/sch-elc-6216
PID-10445,Mitsubishi Electric Programmable Logic Controller (PLC) MIT-CTL-3284,Mitsubishi Electric,Control Systems,Programmable Logic Controller (PLC),MIT-CTL-3284,"*** MITSUBISHI ELECTRIC SPECIAL PROMO *** Model MIT-CTL-3284. High reliability, certified quality. Suitable for power, water, oil&gas applications. Order now.",9207.55,USD,400 V 3PH,22 kW,50 Hz,N/A,9.8 lbs,790x302x122mm,Industrial Thermoplastic,,24 months,Mitsubishi Electric,Japan,Global Electro Corp,Vendor Portal Upload,https://docs.productiq-assets.com/specs/mitsubishi_electric/mit-ctl-3284.pdf,https://www.industrial-supply-direct.com/item/mit-ctl-3284
PID-10446,Mitsubishi Electric Distributed Control System (DCS) Module MIT-CTL-8984,Mitsubishi Electric,Control Systems,Distributed Control System (DCS) Module,MIT-CTL-8984,<div><p>Industrial Control Systems - MIT-CTL-8984</p><span>Manufacturer: Mitsubishi Electric</span><br>Standard spec with warranty: 36 Months Extended</div>,8535.83,USD,24 V DC,150 W,50/60 Hz,N/A,430.7 g,736 x 800 x 733 mm,Metal Alloy,IP20 / NEMA 1,36 Months Extended,Mitsubishi Electric,China,TechFlow Solutions,OEM Technical Data Sheet,https://docs.productiq-assets.com/specs/mitsubishi_electric/mit-ctl-8984.pdf,https://www.industrial-supply-direct.com/item/mit-ctl-8984
PID-10447,Bray Check Valve BRA-VLV-8758,Bray,Valves,Check Valve,BRA-VLV-8758,"*** BRAY SPECIAL PROMO *** Model BRA-VLV-8758. High reliability, certified quality. Suitable for power, water, oil&gas applications. Order now.",10776.88,$,24 V DC,0.05 kW,,N/A,250.9 LBS,L:498 W:230 H:429,Forged Steel A105,IP65,2 Years,Bray,Finland,Continental Drive Systems,Field Engineering Audit,https://docs.productiq-assets.com/specs/bray/bra-vlv-8758.pdf,https://www.industrial-supply-direct.com/item/bra-vlv-8758
PID-10448,Vertiv Liebert Industrial Diesel Generator VER-PWR-6135,Vertiv Liebert,Power Equipment,Industrial Diesel Generator,VER-PWR-6135,<div><p>Industrial Power Equipment - VER-PWR-6135</p><span>Manufacturer: Vertiv Liebert</span><br>Standard spec with warranty: 2 Years</div>,9271.79,€,400 V 3-Phase,50 kVA,50 Hz,N/A,350.4 kilograms,,Galvanized Steel Weatherproof,IP65 Enclosure,2 Years,Vertiv Liebert,Germany,TechFlow Solutions,OEM Technical Data Sheet,https://docs.productiq-assets.com/specs/vertiv_liebert/ver-pwr-6135.pdf,https://www.industrial-supply-direct.com/item/ver-pwr-6135
PID-10449,Bray Butterfly Valve BRA-VLV-8941,Bray,Valves,Butterfly Valve,BRA-VLV-8941,<div><p>Industrial Valves - BRA-VLV-8941</p><span>Manufacturer: Bray</span><br>Standard spec with warranty: 12 Months</div>,21207.05,€,N/A,N/A,50 Hz,N/A,191.8 kilograms,710 x 367 x 309 mm,CF8M Stainless,,12 Months,Bray,France,Apex Industrial Supplies,Field Engineering Audit,https://docs.productiq-assets.com/specs/bray/bra-vlv-8941.pdf,https://www.industrial-supply-direct.com/item/bra-vlv-8941
PID-10450,Velan High-Pressure Gate Valve VEL-VLV-3571,Velan,Valves,High-Pressure Gate Valve,VEL-VLV-3571,<div><p>Industrial Valves - VEL-VLV-3571</p><span>Manufacturer: Velan</span><br>Standard spec with warranty: 36 Months Extended</div>,18223.61,,110 VAC,15 W,N/A,,26.0 kg.,"33.7"" x 9.6"" x 16.6""",Forged Steel A105,IP66,36 Months Extended,Velan,France,Precision Parts Direct,Distributor Catalog EU,https://docs.productiq-assets.com/specs/velan/vel-vlv-3571.pdf,https://www.industrial-supply-direct.com/item/vel-vlv-3571
PID-10451,SEW-Eurodrive Explosion-Proof Motor SEW-MTR-6308,SEW-Eurodrive,Industrial Motors,Explosion-Proof Motor,SEW-MTR-6308,"SEW-Eurodrive Explosion-Proof Motor SEW-MTR-6308 offers industry leading performance, low vibration levels, and optimized lifecycle costs. Complies with ISO 9001 and CE directives.",21208.15,GBP,400 V,45 kW,50 Hz,1750 RPM,163.7 kg.,,Ductile Iron,,1 Year Standard,SEW-Eurodrive,Germany,Continental Drive Systems,Vendor Portal Upload,https://docs.productiq-assets.com/specs/sew-eurodrive/sew-mtr-6308.pdf,https://www.industrial-supply-direct.com/item/sew-mtr-6308
PID-10452,Flowserve Pneumatic Ball Valve FLO-VLV-4395,Flowserve,Valves,Pneumatic Ball Valve,FLO-VLV-4395,Heavy-duty industrial grade Pneumatic Ball Valve engineered by Flowserve. Designed for continuous continuous operation in harsh industrial environments with high thermal efficiency and rugged construction.,2841.18,,24VDC,,60 Hz,N/A,100.5 KG,"15.0"" x 24.1"" x 16.8""",CF8M Stainless,IP65,12 Months,Flowserve,Japan,Nordic Machinery Hub,Vendor Portal Upload,https://docs.productiq-assets.com/specs/flowserve/flo-vlv-4395.pdf,https://www.industrial-supply-direct.com/item/flo-vlv-4395
PID-10453,Pilz Safety Light Curtain PIL-SFT-4278,Pilz,Safety Equipment,Safety Light Curtain,PIL-SFT-4278,<div><p>Industrial Safety Equipment - PIL-SFT-4278</p><span>Manufacturer: Pilz</span><br>Standard spec with warranty: </div>,5573.64,USD,24VDC,5 W,50/60 Hz,N/A,412.1 g,644x669x483mm,Flameproof Aluminum,IP65,,Pilz,Finland,TechFlow Solutions,OEM Technical Data Sheet,https://docs.productiq-assets.com/specs/pilz/pil-sft-4278.pdf,https://www.industrial-supply-direct.com/item/pil-sft-4278
PID-10454,Siemens SIMATIC Variable Frequency Drive (VFD) SIE-CTL-8399,Siemens SIMATIC,Control Systems,Variable Frequency Drive (VFD),SIE-CTL-8399,<div><p>Industrial Control Systems - SIE-CTL-8399</p><span>Manufacturer: Siemens SIMATIC</span><br>Standard spec with warranty: 5 Years</div>,14514.54,EUR,24VDC / 120VAC,0.75 kW,50 Hz,N/A,336.9 kilograms,538 x 707 x 410 mm,Polycarbonate / Aluminum,IP65 Bezel,5 Years,Siemens SIMATIC,Switzerland,Continental Drive Systems,Field Engineering Audit,https://docs.productiq-assets.com/specs/siemens_simatic/sie-ctl-8399.pdf,invalid-url-item
PID-10455,Siemens Synchronous Motor SIE-MTR-6471,Siemens,Industrial Motors,Synchronous Motor,SIE-MTR-6471,"Siemens Synchronous Motor SIE-MTR-6471 offers industry leading performance, low vibration levels, and optimized lifecycle costs. Complies with ISO 9001 and CE directives.",22727.6,EUR,460 V AC,15kw,50/60 Hz,1750 RPM,386.2 KG,319 x 100 x 131 mm,Ductile Iron,ip55,24 months,Siemens,Japan,Nordic Machinery Hub,Distributor Catalog EU,https://docs.productiq-assets.com/specs/siemens/sie-mtr-6471.pdf,https://www.industrial-supply-direct.com/item/sie-mtr-6471
PID-10456,Grundfos Positive Displacement Pump GRU-PMP-4527,Grundfos,Pumps,Positive Displacement Pump,GRU-PMP-4527,REDUNDANT RECORD: Grundfos GRU-PMP-4527 Pumps Positive Displacement Pump. Contact supplier Nordic Machinery Hub for spec sheet.,23305.03,GBP,,5 HP,50/60 Hz,1450 RPM,411.8 kg,,Bronze,IP68,12 Months,Grundfos,Switzerland,Nordic Machinery Hub,Field Engineering Audit,https://docs.productiq-assets.com/specs/grundfos/gru-pmp-4527.pdf,https://www.industrial-supply-direct.com/item/gru-pmp-4527
PID-10457,SEW-Eurodrive DC Traction Motor SEW-MTR-8859,SEW-Eurodrive,Industrial Motors,DC Traction Motor,SEW-MTR-8859,"SEW-Eurodrive DC Traction Motor SEW-MTR-8859 offers industry leading performance, low vibration levels, and optimized lifecycle costs. Complies with ISO 9001 and CE directives.",,GBP,400 volts,15 KW,50/60 Hz,1750 RPM,394.7 g,,Cast Iron,,24 months,SEW-Eurodrive,Switzerland,Precision Parts Direct,OEM Technical Data Sheet,https://docs.productiq-assets.com/specs/sew-eurodrive/sew-mtr-8859.pdf,https://www.industrial-supply-direct.com/item/sew-mtr-8859
PID-10458,Nidec Servo Motor NID-MTR-9004,Nidec,Industrial Motors,Servo Motor,NID-MTR-9004,REDUNDANT RECORD: Nidec NID-MTR-9004 Industrial Motors Servo Motor. Contact supplier Precision Parts Direct for spec sheet.,6937.06,$,400 V,15kw,50 Hz,980 rpm,331.5 kg.,92.2x48.1x57.8 cm,Ductile Iron,ip55,2 Years,Nidec,United Kingdom,Precision Parts Direct,Field Engineering Audit,https://docs.productiq-assets.com/specs/nidec/nid-mtr-9004.pdf,https://www.industrial-supply-direct.com/item/nid-mtr-9004
PID-10459,Wilo Positive Displacement Pump WIL-PMP-3255,Wilo,Pumps,Positive Displacement Pump,WIL-PMP-3255,Heavy-duty industrial grade Positive Displacement Pump engineered by Wilo. Designed for continuous continuous operation in harsh industrial environments with high thermal efficiency and rugged construction.,15521.27,EUR,415V,11 kW,60 Hz,3500 rpm,73.8 kilograms,521 x 505 x 183 mm,Stainless Steel 316,IP55,36 Months Extended,Wilo,Germany,Continental Drive Systems,Vendor Portal Upload,https://docs.productiq-assets.com/specs/wilo/wil-pmp-3255.pdf,https://www.industrial-supply-direct.com/item/wil-pmp-3255
PID-10460,Pepperl+Fuchs Emergency Stop Rope Pull PEP-SFT-4715,Pepperl+Fuchs,Safety Equipment,Emergency Stop Rope Pull,PEP-SFT-4715,"Pepperl+Fuchs Emergency Stop Rope Pull PEP-SFT-4715 offers industry leading performance, low vibration levels, and optimized lifecycle costs. Complies with ISO 9001 and CE directives.",2881.17,EUR,Battery / 3.6V,15 W,50/60 Hz,N/A,290.6 KG,"19.1"" x 3.9"" x 24.3""",Flameproof Aluminum,Ex d IIC T6,2 Years,Pepperl+Fuchs,Japan,Global Electro Corp,Distributor Catalog EU,https://docs.productiq-assets.com/specs/pepperl+fuchs/pep-sft-4715.pdf,https://www.industrial-supply-direct.com/item/pep-sft-4715
PID-10461,KSB Centrifugal Pump KSB-PMP-1265,KSB,Pumps,Centrifugal Pump,KSB-PMP-1265,"KSB Centrifugal Pump KSB-PMP-1265 offers industry leading performance, low vibration levels, and optimized lifecycle costs. Complies with ISO 9001 and CE directives.",2980.52,$,415V,5.5 kW,50 Hz,3500 rpm,156.1 kg.,L:977 W:734 H:703,Stainless Steel 316,IP68,36 Months Extended,KSB,United Kingdom,Apex Industrial Supplies,Distributor Catalog EU,https://docs.productiq-assets.com/specs/ksb/ksb-pmp-1265.pdf,invalid-url-item
PID-10462,Siemens Surge Protection Device SIE-ELC-2605,Siemens,Electrical Components,Surge Protection Device,SIE-ELC-2605,REDUNDANT RECORD: Siemens SIE-ELC-2605 Electrical Components Surge Protection Device. Contact supplier TechFlow Solutions for spec sheet.,14126.09,EUR,415 VAC,630 A Rating,50/60 Hz,N/A,374.2 g,L:1031 W:488 H:867,Thermoset Resin,,1 Year Standard,Siemens,Italy,TechFlow Solutions,Distributor Catalog EU,https://docs.productiq-assets.com/specs/siemens/sie-elc-2605.pdf,https://www.industrial-supply-direct.com/item/sie-elc-2605
PID-10463,Sick Vibration Sensor SIC-SNS-2555,Sick,Sensors,Vibration Sensor,SIC-SNS-2555,REDUNDANT RECORD: Sick SIC-SNS-2555 Sensors Vibration Sensor. Contact supplier TechFlow Solutions for spec sheet.,14276.86,EUR,12-30 VDC,2 W,N/A,N/A,24.3 LBS,115.8x60.2x27.8 cm,Titanium,,,Sick,Germany,TechFlow Solutions,OEM Technical Data Sheet,https://docs.productiq-assets.com/specs/sick/sic-sns-2555.pdf,https://www.industrial-supply-direct.com/item/sic-sns-2555
PID-10464,Emerson Fisher Globe Control Valve EME-VLV-8899,Emerson Fisher,Valves,Globe Control Valve,EME-VLV-8899,<div><p>Industrial Valves - EME-VLV-8899</p><span>Manufacturer: Emerson Fisher</span><br>Standard spec with warranty: 36 Months Extended</div>,221.14,EUR,24VDC,,50 Hz,,426.7 kg,L:385 W:235 H:858,Forged Steel A105,IP67,36 Months Extended,Emerson Fisher,United Kingdom,Nordic Machinery Hub,Distributor Catalog EU,https://docs.productiq-assets.com/specs/emerson_fisher/eme-vlv-8899.pdf,https://www.industrial-supply-direct.com/item/eme-vlv-8899
PID-10465,Pepperl+Fuchs Explosion Proof Beacon PEP-SFT-9904,Pepperl+Fuchs,Safety Equipment,Explosion Proof Beacon,PEP-SFT-9904,REDUNDANT RECORD: Pepperl+Fuchs PEP-SFT-9904 Safety Equipment Explosion Proof Beacon. Contact supplier TechFlow Solutions for spec sheet.,11412.53,EUR,Battery / 3.6V,5 W,50/60 Hz,N/A,408.2 KG,431x188x684mm,Flameproof Aluminum,Ex d IIC T6,1 Year Standard,Pepperl+Fuchs,China,TechFlow Solutions,Field Engineering Audit,https://docs.productiq-assets.com/specs/pepperl+fuchs/pep-sft-9904.pdf,invalid-url-item
PID-10466,Flowserve High-Pressure Gate Valve FLO-VLV-2898,Flowserve,Valves,High-Pressure Gate Valve,FLO-VLV-2898,"*** FLOWSERVE SPECIAL PROMO *** Model FLO-VLV-2898. High reliability, certified quality. Suitable for power, water, oil&gas applications. Order now.",5639.22,USD,,15 W,50 Hz,,138.2 kilograms,"23.6"" x 23.3"" x 12.5""",Hastelloy C,,1 Year Standard,Flowserve,Switzerland,Apex Industrial Supplies,Supplier Price File 2024,https://docs.productiq-assets.com/specs/flowserve/flo-vlv-2898.pdf,https://www.industrial-supply-direct.com/item/flo-vlv-2898
PID-10467,Pilz Emergency Stop Rope Pull PIL-SFT-3080,Pilz,Safety Equipment,Emergency Stop Rope Pull,PIL-SFT-3080,"Compact and durable Emergency Stop Rope Pull with 10 W rating, rated for 24 V DC networks.",11508.92,€,24 V DC,10 W,DC,N/A,21.7 kg.,15.6x29.7x78.7 cm,Flameproof Aluminum,IP69K,1 Year Standard,Pilz,Finland,Global Electro Corp,Supplier Price File 2024,https://docs.productiq-assets.com/specs/pilz/pil-sft-3080.pdf,https://www.industrial-supply-direct.com/item/pil-sft-3080
PID-10468,Banner Engineering Emergency Stop Rope Pull BAN-SFT-4954,Banner Engineering,Safety Equipment,Emergency Stop Rope Pull,BAN-SFT-4954,"Banner Engineering Emergency Stop Rope Pull BAN-SFT-4954 offers industry leading performance, low vibration levels, and optimized lifecycle costs. Complies with ISO 9001 and CE directives.",18573.67,$,Battery / 3.6V,15 W,50/60 Hz,N/A,210.4 kilograms,79.9x41.0x64.8 cm,Anodized Aluminum,IP66,,Banner Engineering,China,Nordic Machinery Hub,Supplier Price File 2024,https://docs.productiq-assets.com/specs/banner_engineering/ban-sft-4954.pdf,https://www.industrial-supply-direct.com/item/ban-sft-4954
PID-10469,Huawei Digital Power Automatic Transfer Switch HUA-PWR-3248,Huawei Digital Power,Power Equipment,Automatic Transfer Switch,HUA-PWR-3248,"Compact and durable Automatic Transfer Switch with 100 kW rating, rated for 11 kV networks.",2260.97,$,11 kV,100 kW,60 Hz,1800 rpm,408.5 LBS,"28.6"" x 11.7"" x 17.4""",Acoustic Heavy Steel,IP23,24 months,Huawei Digital Power,Finland,Nordic Machinery Hub,ERP Master Data,https://docs.productiq-assets.com/specs/huawei_digital_power/hua-pwr-3248.pdf,https://www.industrial-supply-direct.com/item/hua-pwr-3248
PID-10470,Kitz Butterfly Valve KIT-VLV-4112,Kitz,Valves,Butterfly Valve,KIT-VLV-4112,"*** KITZ SPECIAL PROMO *** Model KIT-VLV-4112. High reliability, certified quality. Suitable for power, water, oil&gas applications. Order now.",13065.49,$,None,N/A,60 Hz,N/A,84.4 g,86.7x35.1x50.1 cm,WCB Carbon Steel,IP66,36 Months Extended,Kitz,China,TechFlow Solutions,Supplier Price File 2024,https://docs.productiq-assets.com/specs/kitz/kit-vlv-4112.pdf,invalid-url-item
PID-10471,Sulzer Multistage High-Pressure Pump SUL-PMP-7440,Sulzer,Pumps,Multistage High-Pressure Pump,SUL-PMP-7440,REDUNDANT RECORD: Sulzer SUL-PMP-7440 Pumps Multistage High-Pressure Pump. Contact supplier Apex Industrial Supplies for spec sheet.,4603.22,USD,230 V,5.5 kW,60 Hz,1450 RPM,215.7 lbs,386 x 285 x 225 mm,Bronze,ip68,12 Months,Sulzer,Japan,Apex Industrial Supplies,Distributor Catalog EU,https://docs.productiq-assets.com/specs/sulzer/sul-pmp-7440.pdf,https://www.industrial-supply-direct.com/item/sul-pmp-7440
PID-10472,Xylem Diaphragm Pump XYL-PMP-4356,Xylem,Pumps,Diaphragm Pump,XYL-PMP-4356,"*** XYLEM SPECIAL PROMO *** Model XYL-PMP-4356. High reliability, certified quality. Suitable for power, water, oil&gas applications. Order now.",13634.46,$,24 V DC,5.5 kW,50 Hz,2900 RPM,,"29.4"" x 12.8"" x 10.8""",Bronze,IP66,2 Years,Xylem,Finland,Apex Industrial Supplies,Vendor Portal Upload,,https://www.industrial-supply-direct.com/item/xyl-pmp-4356
PID-10473,Timken Deep Groove Ball Bearing TIM-BRG-2567,Timken,Bearings,Deep Groove Ball Bearing,TIM-BRG-2567,REDUNDANT RECORD: Timken TIM-BRG-2567 Bearings Deep Groove Ball Bearing. Contact supplier Apex Industrial Supplies for spec sheet.,5369.58,€,,N/A,N/A,6000 RPM,98.0 kg,"36.9"" x 21.8"" x 21.8""",High Carbon Chrome Steel 100Cr6,2RS Sealed,,Timken,France,Apex Industrial Supplies,Vendor Portal Upload,https://docs.productiq-assets.com/specs/timken/tim-brg-2567.pdf,https://www.industrial-supply-direct.com/item/tim-brg-2567
PID-10474,Siemens Surge Protection Device SIE-ELC-6608,Siemens,Electrical Components,Surge Protection Device,SIE-ELC-6608,"Compact and durable Surge Protection Device with 250 kVA rating, rated for 400 V networks.",12019.35,€,400 V,250 kVA,60 Hz,N/A,95.2 kg.,661x354x832mm,Silver Alloy Contacts,IP30,1 Year Standard,Siemens,United Kingdom,Apex Industrial Supplies,Vendor Portal Upload,https://docs.productiq-assets.com/specs/siemens/sie-elc-6608.pdf,https://www.industrial-supply-direct.com/item/sie-elc-6608
PID-10475,Sulzer Centrifugal Pump SUL-PMP-7371,Sulzer,Pumps,Centrifugal Pump,SUL-PMP-7371,Heavy-duty industrial grade Centrifugal Pump engineered by Sulzer. Designed for continuous continuous operation in harsh industrial environments with high thermal efficiency and rugged construction.,8682.93,€,415V,3.7 kW,50 Hz,1450 RPM,73.2 KG,1159 x 713 x 643 mm,Duplex Steel,ip68,1 Year Standard,Sulzer,Germany,Global Electro Corp,ERP Master Data,https://docs.productiq-assets.com/specs/sulzer/sul-pmp-7371.pdf,https://www.industrial-supply-direct.com/item/sul-pmp-7371
PID-10476,Huawei Digital Power Automatic Transfer Switch HUA-PWR-1820,Huawei Digital Power,Power Equipment,Automatic Transfer Switch,HUA-PWR-1820,REDUNDANT RECORD: Huawei Digital Power HUA-PWR-1820 Power Equipment Automatic Transfer Switch. Contact supplier Global Electro Corp for spec sheet.,12646.45,USD,400 V 3-Phase,1000 kVA,60 Hz,1800 rpm,106.2 kg,"18.1"" x 15.6"" x 26.0""",Acoustic Heavy Steel,IP54 Outdoor,2 Years,Huawei Digital Power,Germany,Global Electro Corp,OEM Technical Data Sheet,https://docs.productiq-assets.com/specs/huawei_digital_power/hua-pwr-1820.pdf,invalid-url-item
PID-10477,Flowserve Submersible Slurry Pump FLO-PMP-9748,Flowserve,Pumps,Submersible Slurry Pump,FLO-PMP-9748,<div><p>Industrial Pumps - FLO-PMP-9748</p><span>Manufacturer: Flowserve</span><br>Standard spec with warranty: 2 Years</div>,13320.49,GBP,400v,5.5 kW,60 Hz,3500 rpm,11.8 LBS,,Cast Iron GG25,IP55,2 Years,Flowserve,Switzerland,Continental Drive Systems,OEM Technical Data Sheet,https://docs.productiq-assets.com/specs/flowserve/flo-pmp-9748.pdf,https://www.industrial-supply-direct.com/item/flo-pmp-9748
PID-10478,IFM Electronic Radar Level Sensor IFM-SNS-2800,IFM Electronic,Sensors,Radar Level Sensor,IFM-SNS-2800,"*** IFM ELECTRONIC SPECIAL PROMO *** Model IFM-SNS-2800. High reliability, certified quality. Suitable for power, water, oil&gas applications. Order now.",15393.86,€,12-30 VDC,5 W,DC,N/A,400.2 lbs,"45.8"" x 18.2"" x 28.3""",Hastelloy,,,IFM Electronic,China,Nordic Machinery Hub,ERP Master Data,https://docs.productiq-assets.com/specs/ifm_electronic/ifm-sns-2800.pdf,https://www.industrial-supply-direct.com/item/ifm-sns-2800
PID-10479,Siemens Three-Phase Induction Motor SIE-MTR-7021,Siemens,Industrial Motors,,SIE-MTR-7021,"Siemens Three-Phase Induction Motor SIE-MTR-7021 offers industry leading performance, low vibration levels, and optimized lifecycle costs. Complies with ISO 9001 and CE directives.",14539.12,EUR,400V,20 HP,50/60 Hz,3000 RPM,203.8 LBS,386x764x409mm,Stainless Steel,IP 55,12 Months,Siemens,United Kingdom,TechFlow Solutions,OEM Technical Data Sheet,https://docs.productiq-assets.com/specs/siemens/sie-mtr-7021.pdf,https://www.industrial-supply-direct.com/item/sie-mtr-7021
PID-10480,Ingersoll Rand Oil-Free Scroll Compressor ING-CMP-3136,Ingersoll Rand,Compressors,Oil-Free Scroll Compressor,ING-CMP-3136,Heavy-duty industrial grade Oil-Free Scroll Compressor engineered by Ingersoll Rand. Designed for continuous continuous operation in harsh industrial environments with high thermal efficiency and rugged construction.,5952.93,$,400 V,100 HP,50 Hz,1480 RPM,161.3 LBS,182x590x169mm,Cast Iron Block,IP54,24 months,Ingersoll Rand,Sweden,Apex Industrial Supplies,Vendor Portal Upload,https://docs.productiq-assets.com/specs/ingersoll_rand/ing-cmp-3136.pdf,https://www.industrial-supply-direct.com/item/ing-cmp-3136
PID-10481,SKF Deep Groove Ball Bearing SKF-BRG-9347,SKF,Bearings,Deep Groove Ball Bearing,SKF-BRG-9347,"Compact and durable Deep Groove Ball Bearing with standard power rating, rated for multi-voltage networks.",662.3,€,,,N/A,3200 RPM,,"44.7"" x 6.6"" x 10.1""",Stainless Steel 440C,Open,24 months,SKF,United Kingdom,Precision Parts Direct,Field Engineering Audit,https://docs.productiq-assets.com/specs/skf/skf-brg-9347.pdf,https://www.industrial-supply-direct.com/item/skf-brg-9347
PID-10482,Endress+Hauser RTD Temp Sensor END-SNS-7289,Endress+Hauser,Sensors,RTD Temp Sensor,END-SNS-7289,"*** ENDRESS+HAUSER SPECIAL PROMO *** Model END-SNS-7289. High reliability, certified quality. Suitable for power, water, oil&gas applications. Order now.",5351.98,$,LOOP POWERED,0.01 kW,DC,N/A,,"9.3"" x 10.5"" x 5.4""",Hastelloy,IP67,,Endress+Hauser,Switzerland,Nordic Machinery Hub,Distributor Catalog EU,https://docs.productiq-assets.com/specs/endress+hauser/end-sns-7289.pdf,https://www.industrial-supply-direct.com/item/end-sns-7289
PID-10483,Xylem Diaphragm Pump XYL-PMP-6615,Xylem,Pumps,Diaphragm Pump,XYL-PMP-6615,"Xylem Diaphragm Pump XYL-PMP-6615 offers industry leading performance, low vibration levels, and optimized lifecycle costs. Complies with ISO 9001 and CE directives.",23508.74,$,24 V DC,3.7 kW,60 Hz,1450 RPM,363.3 kilograms,56.3x12.2x54.4 cm,Bronze,IP 68,36 Months Extended,Xylem,United Kingdom,Precision Parts Direct,ERP Master Data,,https://www.industrial-supply-direct.com/item/xyl-pmp-6615
PID-10484,SKF Spherical Roller Bearing SKF-BRG-4663,SKF,Bearings,Spherical Roller Bearing,SKF-BRG-4663,<div><p>Industrial Bearings - SKF-BRG-4663</p><span>Manufacturer: SKF</span><br>Standard spec with warranty: 1 Year Standard</div>,11189.87,EUR,N/A,N/A,N/A,4500 max RPM,32.2 kg.,216x546x515mm,Stainless Steel 440C,ZZ Shielded,1 Year Standard,SKF,Germany,TechFlow Solutions,Supplier Price File 2024,https://docs.productiq-assets.com/specs/skf/skf-brg-4663.pdf,https://www.industrial-supply-direct.com/item/skf-brg-4663
PID-10485,Siemens Surge Protection Device SIE-ELC-4506,Siemens,Electrical Components,Surge Protection Device,SIE-ELC-4506,<div><p>Industrial Electrical Components - SIE-ELC-4506</p><span>Manufacturer: Siemens</span><br>Standard spec with warranty: 1 Year Standard</div>,20399.6,USD,11 kV,630 A Rating,50/60 Hz,N/A,69.6 lbs,289 x 763 x 255 mm,Thermoset Resin,IP54,1 Year Standard,Siemens,Germany,Global Electro Corp,OEM Technical Data Sheet,https://docs.productiq-assets.com/specs/siemens/sie-elc-4506.pdf,https://www.industrial-supply-direct.com/item/sie-elc-4506
PID-10486,Gardner Denver Vane Compressor GAR-CMP-2433,Gardner Denver,Compressors,Vane Compressor,GAR-CMP-2433,"Gardner Denver Vane Compressor GAR-CMP-2433 offers industry leading performance, low vibration levels, and optimized lifecycle costs. Complies with ISO 9001 and CE directives.",21438.22,GBP,,,60 Hz,2950 RPM,447.1 kg,,Acoustic Enclosure,IP54,36 Months Extended,Gardner Denver,Sweden,Apex Industrial Supplies,ERP Master Data,https://docs.productiq-assets.com/specs/gardner_denver/gar-cmp-2433.pdf,https://www.industrial-supply-direct.com/item/gar-cmp-2433
PID-10487,Pilz Gas Detection Monitor PIL-SFT-4666,Pilz,Safety Equipment,Gas Detection Monitor,PIL-SFT-4666,Heavy-duty industrial grade Gas Detection Monitor engineered by Pilz. Designed for continuous continuous operation in harsh industrial environments with high thermal efficiency and rugged construction.,9493.01,EUR,24 V DC,15 W,50/60 Hz,N/A,357.9 kilograms,768x315x346mm,Reinforced Polymer,IP66,12 Months,Pilz,Germany,Continental Drive Systems,Distributor Catalog EU,https://docs.productiq-assets.com/specs/pilz/pil-sft-4666.pdf,https://www.industrial-supply-direct.com/item/pil-sft-4666
PID-10488,Samson Pneumatic Ball Valve SAM-VLV-5628,Samson,Valves,Pneumatic Ball Valve,SAM-VLV-5628,"Samson Pneumatic Ball Valve SAM-VLV-5628 offers industry leading performance, low vibration levels, and optimized lifecycle costs. Complies with ISO 9001 and CE directives.",7736.61,EUR,None,N/A,50 Hz,,,420 x 500 x 296 mm,Hastelloy C,IP66,12 Months,Samson,France,Global Electro Corp,ERP Master Data,https://docs.productiq-assets.com/specs/samson/sam-vlv-5628.pdf,https://www.industrial-supply-direct.com/item/sam-vlv-5628
PID-10489,Sullair Reciprocating Air Compressor SUL-CMP-6356,Sullair,Compressors,Reciprocating Air Compressor,SUL-CMP-6356,<div><p>Industrial Compressors - SUL-CMP-6356</p><span>Manufacturer: Sullair</span><br>Standard spec with warranty: 5 Years</div>,22997.13,USD,460 V 60Hz,100 HP,50 Hz,2950 RPM,224.2 kg.,46.9x52.7x13.9 cm,Cast Iron Block,IP54,5 Years,Sullair,Finland,TechFlow Solutions,ERP Master Data,,https://www.industrial-supply-direct.com/item/sul-cmp-6356
PID-10490,Sick Emergency Stop Rope Pull SIC-SFT-3421,Sick,Safety Equipment,Emergency Stop Rope Pull,SIC-SFT-3421,"*** SICK SPECIAL PROMO *** Model SIC-SFT-3421. High reliability, certified quality. Suitable for power, water, oil&gas applications. Order now.",12780.73,USD,110-230 VAC,15 W,DC,N/A,184.8 g,L:228 W:585 H:527,Reinforced Polymer,IP67,36 Months Extended,Sick,Italy,Continental Drive Systems,OEM Technical Data Sheet,https://docs.productiq-assets.com/specs/sick/sic-sft-3421.pdf,https://www.industrial-supply-direct.com/item/sic-sft-3421
PID-10491,Siemens DC Traction Motor SIE-MTR-5163,Siemens,Industrial Motors,DC Traction Motor,SIE-MTR-5163,REDUNDANT RECORD: Siemens SIE-MTR-5163 Industrial Motors DC Traction Motor. Contact supplier Precision Parts Direct for spec sheet.,187.48,USD,,,50Hz,1450 RPM,423.1 kg,,Ductile Iron,IP66,36 Months Extended,Siemens,China,Precision Parts Direct,OEM Technical Data Sheet,https://docs.productiq-assets.com/specs/siemens/sie-mtr-5163.pdf,https://www.industrial-supply-direct.com/item/sie-mtr-5163
PID-10492,IFM Electronic RTD Temp Sensor IFM-SNS-6383,IFM Electronic,Sensors,RTD Temp Sensor,IFM-SNS-6383,"Compact and durable RTD Temp Sensor with standard power rating, rated for 4-20mA 24V networks.",15775.69,EUR,4-20mA 24V,,DC,N/A,133.3 kg.,973 x 308 x 846 mm,PVDF,IP67,,IFM Electronic,Japan,Continental Drive Systems,ERP Master Data,https://docs.productiq-assets.com/specs/ifm_electronic/ifm-sns-6383.pdf,invalid-url-item
PID-10493,Emerson Fisher Pneumatic Ball Valve EME-VLV-4924,Emerson Fisher,Valves,Pneumatic Ball Valve,EME-VLV-4924,Heavy-duty industrial grade Pneumatic Ball Valve engineered by Emerson Fisher. Designed for continuous continuous operation in harsh industrial environments with high thermal efficiency and rugged construction.,18507.67,USD,,0.05 kW,60 Hz,N/A,127.0 kg,288x461x280mm,Hastelloy C,IP67,36 Months Extended,Emerson Fisher,Germany,Continental Drive Systems,ERP Master Data,https://docs.productiq-assets.com/specs/emerson_fisher/eme-vlv-4924.pdf,https://www.industrial-supply-direct.com/item/eme-vlv-4924
PID-10494,Ingersoll Rand Vane Compressor ING-CMP-9762,Ingersoll Rand,Compressors,Vane Compressor,ING-CMP-9762,"Compact and durable Vane Compressor with 110 kW rating, rated for 3.3 kV networks.",23787.48,USD,3.3 kV,110 kW,60 Hz,2950 RPM,287.8 kilograms,"9.3"" x 13.1"" x 30.4""",Cast Iron Block,IP55,36 Months Extended,Ingersoll Rand,France,TechFlow Solutions,Supplier Price File 2024,https://docs.productiq-assets.com/specs/ingersoll_rand/ing-cmp-9762.pdf,https://www.industrial-supply-direct.com/item/ing-cmp-9762
PID-10495,Baldor-Reliance Synchronous Motor BAL-MTR-1060,Baldor-Reliance,Industrial Motors,Synchronous Motor,BAL-MTR-1060,<div><p>Industrial Industrial Motors - BAL-MTR-1060</p><span>Manufacturer: Baldor-Reliance</span><br>Standard spec with warranty: 12 Months</div>,494.46,USD,,45 kW,60 Hz,1750 RPM,253.7 kg,106.9x60.6x66.6 cm,Ductile Iron,ip55,12 Months,Baldor-Reliance,Germany,Precision Parts Direct,Vendor Portal Upload,https://docs.productiq-assets.com/specs/baldor-reliance/bal-mtr-1060.pdf,https://www.industrial-supply-direct.com/item/bal-mtr-1060
PID-10496,Schneider Electric Programmable Logic Controller (PLC) SCH-CTL-2746,Schneider Electric,Control Systems,Programmable Logic Controller (PLC),SCH-CTL-2746,<div><p>Industrial Control Systems - SCH-CTL-2746</p><span>Manufacturer: Schneider Electric</span><br>Standard spec with warranty: 36 Months Extended</div>,15984.26,EUR,400 V 3PH,0.75 kW,50/60 Hz,N/A,,683x435x289mm,Polycarbonate / Aluminum,ip20,36 Months Extended,Schneider Electric,Finland,Apex Industrial Supplies,Vendor Portal Upload,https://docs.productiq-assets.com/specs/schneider_electric/sch-ctl-2746.pdf,https://www.industrial-supply-direct.com/item/sch-ctl-2746
PID-10497,Kaeser Rotary Screw Compressor KAE-CMP-3992,Kaeser,Compressors,Rotary Screw Compressor,KAE-CMP-3992,<div><p>Industrial Compressors - KAE-CMP-3992</p><span>Manufacturer: Kaeser</span><br>Standard spec with warranty: 24 months</div>,19225.89,USD,400 volts,110 kW,50 Hz,2950 RPM,392.0 LBS,709 x 202 x 513 mm,Cast Iron Block,IP55,24 months,Kaeser,United States,Precision Parts Direct,Supplier Price File 2024,https://docs.productiq-assets.com/specs/kaeser/kae-cmp-3992.pdf,invalid-url-item
PID-10498,Grundfos Multistage High-Pressure Pump GRU-PMP-1065,Grundfos,Pumps,Multistage High-Pressure Pump,GRU-PMP-1065,"Grundfos Multistage High-Pressure Pump GRU-PMP-1065 offers industry leading performance, low vibration levels, and optimized lifecycle costs. Complies with ISO 9001 and CE directives.",1101.98,EUR,400v,5.5 kW,60 Hz,1450 RPM,413.4 g,134x581x323mm,Stainless Steel 316,IP 68,2 Years,Grundfos,China,Global Electro Corp,Field Engineering Audit,,https://www.industrial-supply-direct.com/item/gru-pmp-1065
PID-10499,NTN Spherical Roller Bearing NTN-BRG-9071,NTN,Bearings,Spherical Roller Bearing,NTN-BRG-9071,"*** NTN SPECIAL PROMO *** Model NTN-BRG-9071. High reliability, certified quality. Suitable for power, water, oil&gas applications. Order now.",10361.83,USD,N/A,N/A,N/A,6000 RPM,318.8 kg.,1119x101x217mm,Stainless Steel 440C,ZZ Shielded,5 Years,NTN,Sweden,Continental Drive Systems,ERP Master Data,https://docs.productiq-assets.com/specs/ntn/ntn-brg-9071.pdf,https://www.industrial-supply-direct.com/item/ntn-brg-9071
PID-10500,Yokogawa Pressure Transmitter YOK-SNS-4782,Yokogawa,Sensors,Pressure Transmitter,YOK-SNS-4782,<div><p>Industrial Sensors - YOK-SNS-4782</p><span>Manufacturer: Yokogawa</span><br>Standard spec with warranty: 1 Year Standard</div>,17572.9,€,24 V DC,,N/A,N/A,50.4 KG,40.1x76.3x22.6 cm,Hastelloy,IP68,1 Year Standard,Yokogawa,China,Precision Parts Direct,Supplier Price File 2024,https://docs.productiq-assets.com/specs/yokogawa/yok-sns-4782.pdf,https://www.industrial-supply-direct.com/item/yok-sns-4782
PID-10501,Samson High-Pressure Gate Valve SAM-VLV-6786,Samson,Valves,High-Pressure Gate Valve,SAM-VLV-6786,Heavy-duty industrial grade High-Pressure Gate Valve engineered by Samson. Designed for continuous continuous operation in harsh industrial environments with high thermal efficiency and rugged construction.,16008.97,EUR,,50 W,50 Hz,,207.8 kg.,326x394x244mm,Forged Steel A105,IP66,1 Year Standard,Samson,United Kingdom,Continental Drive Systems,Distributor Catalog EU,https://docs.productiq-assets.com/specs/samson/sam-vlv-6786.pdf,https://www.industrial-supply-direct.com/item/sam-vlv-6786
PID-10502,IFM Electronic Radar Level Sensor IFM-SNS-5515,IFM Electronic,Sensors,Radar Level Sensor,IFM-SNS-5515,Heavy-duty industrial grade Radar Level Sensor engineered by IFM Electronic. Designed for continuous continuous operation in harsh industrial environments with high thermal efficiency and rugged construction.,6533.43,EUR,LOOP POWERED,< 3W,50/60 Hz,N/A,51.6 g,L:621 W:201 H:378,Hastelloy,,,IFM Electronic,France,Apex Industrial Supplies,ERP Master Data,https://docs.productiq-assets.com/specs/ifm_electronic/ifm-sns-5515.pdf,https://www.industrial-supply-direct.com/item/ifm-sns-5515
PID-10503,Emerson Rosemount Electromagnetic Flowmeter EME-SNS-5002,Emerson Rosemount,Sensors,Electromagnetic Flowmeter,EME-SNS-5002,REDUNDANT RECORD: Emerson Rosemount EME-SNS-5002 Sensors Electromagnetic Flowmeter. Contact supplier Precision Parts Direct for spec sheet.,13822.1,€,,1.5 W,N/A,N/A,89.1 kg,L:970 W:357 H:812,316L SS,ip67,2 Years,Emerson Rosemount,France,Precision Parts Direct,Field Engineering Audit,https://docs.productiq-assets.com/specs/emerson_rosemount/eme-sns-5002.pdf,https://www.industrial-supply-direct.com/item/eme-sns-5002
PID-10504,Mitsubishi Electric Safety Relay MIT-CTL-4215,Mitsubishi Electric,Control Systems,Safety Relay,MIT-CTL-4215,"Compact and durable Safety Relay with 1.5 kW rating, rated for 400 V 3PH networks.",1180.39,EUR,400 V 3PH,1.5 kW,0-400 Hz Output,N/A,,1056 x 522 x 647 mm,Polycarbonate / Aluminum,ip20,12 Months,Mitsubishi Electric,China,Nordic Machinery Hub,Field Engineering Audit,https://docs.productiq-assets.com/specs/mitsubishi_electric/mit-ctl-4215.pdf,https://www.industrial-supply-direct.com/item/mit-ctl-4215
PID-10505,Emerson Rosemount Pressure Transmitter EME-SNS-1599,Emerson Rosemount,Sensors,Pressure Transmitter,EME-SNS-1599,"*** EMERSON ROSEMOUNT SPECIAL PROMO *** Model EME-SNS-1599. High reliability, certified quality. Suitable for power, water, oil&gas applications. Order now.",22043.84,USD,24 V DC,0.01 kW,50/60 Hz,N/A,242.8 g,L:593 W:145 H:587,Titanium,IP69K,2 Years,Emerson Rosemount,Germany,Nordic Machinery Hub,Field Engineering Audit,https://docs.productiq-assets.com/specs/emerson_rosemount/eme-sns-1599.pdf,https://www.industrial-supply-direct.com/item/eme-sns-1599
PID-10506,Grundfos Multistage High-Pressure Pump GRU-PMP-4757,Grundfos,Pumps,Multistage High-Pressure Pump,GRU-PMP-4757,"Compact and durable Multistage High-Pressure Pump with 3.7 kW rating, rated for 415V networks.",87.22,EUR,415V,3.7 kW,50/60 Hz,1450 RPM,79.5 KG,192x283x300mm,Duplex Steel,IP66,2 Years,Grundfos,United Kingdom,Apex Industrial Supplies,ERP Master Data,https://docs.productiq-assets.com/specs/grundfos/gru-pmp-4757.pdf,https://www.industrial-supply-direct.com/item/gru-pmp-4757
PID-10507,ABB Synchronous Motor ABB-MTR-7007,ABB,Industrial Motors,Synchronous Motor,ABB-MTR-7007,REDUNDANT RECORD: ABB ABB-MTR-7007 Industrial Motors Synchronous Motor. Contact supplier Precision Parts Direct for spec sheet.,20047.96,USD,,110 kW,50/60 Hz,1500 rpm,40.5 KG,414x525x211mm,Aluminum,IP56,24 months,ABB,China,Precision Parts Direct,Field Engineering Audit,https://docs.productiq-assets.com/specs/abb/abb-mtr-7007.pdf,https://www.industrial-supply-direct.com/item/abb-mtr-7007
PID-10508,SMA Solar Solar Inverter Grid-Tied SMA-PWR-8422,SMA Solar,Power Equipment,Solar Inverter Grid-Tied,SMA-PWR-8422,"*** SMA SOLAR SPECIAL PROMO *** Model SMA-PWR-8422. High reliability, certified quality. Suitable for power, water, oil&gas applications. Order now.",12828.05,GBP,400/230V 50Hz,500 kW,50/60 Hz,1500 RPM,347.9 kg,705 x 484 x 891 mm,Acoustic Heavy Steel,IP20,,SMA Solar,United States,Precision Parts Direct,Vendor Portal Upload,https://docs.productiq-assets.com/specs/sma_solar/sma-pwr-8422.pdf,https://www.industrial-supply-direct.com/item/sma-pwr-8422
PID-10509,Pilz Interlock Switch PIL-SFT-8853,Pilz,Safety Equipment,Interlock Switch,PIL-SFT-8853,"*** PILZ SPECIAL PROMO *** Model PIL-SFT-8853. High reliability, certified quality. Suitable for power, water, oil&gas applications. Order now.",1348.47,$,24VDC,0.02 kW,DC,N/A,237.5 kg,780 x 662 x 239 mm,Anodized Aluminum,IP69K,1 Year Standard,Pilz,Switzerland,Global Electro Corp,Supplier Price File 2024,https://docs.productiq-assets.com/specs/pilz/pil-sft-8853.pdf,https://www.industrial-supply-direct.com/item/pil-sft-8853
PID-10510,Flowserve High-Pressure Gate Valve FLO-VLV-2170,Flowserve,Valves,,FLO-VLV-2170,Heavy-duty industrial grade Valves engineered by Flowserve. Designed for continuous continuous operation in harsh industrial environments with high thermal efficiency and rugged construction.,CONTACT SALES,USD,None,,N/A,,,L:760 W:268 H:875,WCB Carbon Steel,IP66,12 Months,Flowserve,Switzerland,Nordic Machinery Hub,Distributor Catalog EU,https://docs.productiq-assets.com/specs/flowserve/flo-vlv-2170.pdf,https://www.industrial-supply-direct.com/item/flo-vlv-2170
PID-10511,Atlas Copco Vane Compressor ATL-CMP-1423,Atlas Copco,Compressors,Vane Compressor,ATL-CMP-1423,"Atlas Copco Vane Compressor ATL-CMP-1423 offers industry leading performance, low vibration levels, and optimized lifecycle costs. Complies with ISO 9001 and CE directives.",7566.66,€,460 V 60Hz,75 kW,50 Hz,1480 RPM,131.0 LBS,25.6x25.4x27.9 cm,Cast Iron Block,IP65,36 Months Extended,Atlas Copco,Germany,TechFlow Solutions,Vendor Portal Upload,https://docs.productiq-assets.com/specs/atlas_copco/atl-cmp-1423.pdf,https://www.industrial-supply-direct.com/item/atl-cmp-1423
PID-10512,Schneider Electric Air Circuit Breaker (ACB) SCH-ELC-1800,Schneider Electric,Electrical Components,Air Circuit Breaker (ACB),SCH-ELC-1800,"Compact and durable Air Circuit Breaker (ACB) with N/A rating, rated for 415 VAC networks.",6333.64,EUR,415 VAC,N/A,50 Hz,N/A,187.3 kilograms,56.6x42.9x47.8 cm,Silver Alloy Contacts,IP20,24 months,Schneider Electric,Finland,Nordic Machinery Hub,OEM Technical Data Sheet,,https://www.industrial-supply-direct.com/item/sch-elc-1800
PID-10513,Schneider Electric Industrial Transformer SCH-ELC-4406,Schneider Electric,Electrical Components,Industrial Transformer,SCH-ELC-4406,"Compact and durable Industrial Transformer with 100 kVA rating, rated for 11 kV networks.",14484.28,USD,11 kV,100 kVA,60 Hz,N/A,122.3 kg,L:902 W:358 H:641,DMC Polyester Glass,IP20,36 Months Extended,Schneider Electric,Germany,TechFlow Solutions,Field Engineering Audit,https://docs.productiq-assets.com/specs/schneider_electric/sch-elc-4406.pdf,https://www.industrial-supply-direct.com/item/sch-elc-4406
PID-10514,Flowserve High-Pressure Gate Valve FLO-VLV-9166,Flowserve,Valves,High-Pressure Gate Valve,FLO-VLV-9166,"Compact and durable High-Pressure Gate Valve with 50 W rating, rated for N/A networks.",4721.07,USD,N/A,50 W,50 Hz,N/A,258.2 g,729x517x404mm,Forged Steel A105,IP66,1 Year Standard,Flowserve,Sweden,TechFlow Solutions,Field Engineering Audit,https://docs.productiq-assets.com/specs/flowserve/flo-vlv-9166.pdf,https://www.industrial-supply-direct.com/item/flo-vlv-9166
PID-10515,Endress+Hauser Electromagnetic Flowmeter END-SNS-5126,Endress+Hauser,Sensors,Electromagnetic Flowmeter,END-SNS-5126,<div><p>Industrial Sensors - END-SNS-5126</p><span>Manufacturer: Endress+Hauser</span><br>Standard spec with warranty: 5 Years</div>,20973.42,EUR,LOOP POWERED,2 W,50/60 Hz,N/A,325.2 kg.,482 x 400 x 296 mm,Hastelloy,ip67,5 Years,Endress+Hauser,United Kingdom,Nordic Machinery Hub,Distributor Catalog EU,https://docs.productiq-assets.com/specs/endress+hauser/end-sns-5126.pdf,https://www.industrial-supply-direct.com/item/end-sns-5126
PID-10516,NTN Pillow Block Bearing NTN-BRG-9689,NTN,Bearings,Pillow Block Bearing,NTN-BRG-9689,<div><p>Industrial Bearings - NTN-BRG-9689</p><span>Manufacturer: NTN</span><br>Standard spec with warranty: </div>,17561.61,USD,N/A,N/A,N/A,6000 RPM,132.1 g,696x344x309mm,Stainless Steel 440C,2RS Sealed,,NTN,Switzerland,Continental Drive Systems,ERP Master Data,https://docs.productiq-assets.com/specs/ntn/ntn-brg-9689.pdf,https://www.industrial-supply-direct.com/item/ntn-brg-9689
PID-10517,Sulzer Submersible Slurry Pump SUL-PMP-3316,Sulzer,Pumps,Submersible Slurry Pump,SUL-PMP-3316,REDUNDANT RECORD: Sulzer SUL-PMP-3316 Pumps Submersible Slurry Pump. Contact supplier Apex Industrial Supplies for spec sheet.,2238.73,EUR,230 V,15 HP,50/60 Hz,3500 rpm,306.3 lbs,929 x 759 x 430 mm,Duplex Steel,ip68,1 Year Standard,Sulzer,United States,Apex Industrial Supplies,Distributor Catalog EU,https://docs.productiq-assets.com/specs/sulzer/sul-pmp-3316.pdf,https://www.industrial-supply-direct.com/item/sul-pmp-3316
PID-10518,Sullair Rotary Screw Compressor SUL-CMP-8564,Sullair,Compressors,Rotary Screw Compressor,SUL-CMP-8564,Heavy-duty industrial grade Rotary Screw Compressor engineered by Sullair. Designed for continuous continuous operation in harsh industrial environments with high thermal efficiency and rugged construction.,17310.64,EUR,400 volts,,50 Hz,2950 RPM,377.3 LBS,"23.6"" x 19.1"" x 17.4""",Heavy Gauge Steel Housing,IP54,24 months,Sullair,Japan,Continental Drive Systems,Field Engineering Audit,https://docs.productiq-assets.com/specs/sullair/sul-cmp-8564.pdf,https://www.industrial-supply-direct.com/item/sul-cmp-8564
PID-10519,Nidec Synchronous Motor NID-MTR-7418,Nidec,Industrial Motors,Synchronous Motor,NID-MTR-7418,REDUNDANT RECORD: Nidec NID-MTR-7418 Industrial Motors Synchronous Motor. Contact supplier Global Electro Corp for spec sheet.,3287.85,EUR,690 V,22 kW,50 Hz,1450 RPM,180.2 lbs,"6.1"" x 27.6"" x 9.5""",Cast Iron,IP23,2 Years,Nidec,Sweden,Global Electro Corp,OEM Technical Data Sheet,https://docs.productiq-assets.com/specs/nidec/nid-mtr-7418.pdf,https://www.industrial-supply-direct.com/item/nid-mtr-7418
PID-10520,IFM Electronic Electromagnetic Flowmeter IFM-SNS-6491,IFM Electronic,Sensors,Electromagnetic Flowmeter,IFM-SNS-6491,Heavy-duty industrial grade Electromagnetic Flowmeter engineered by IFM Electronic. Designed for continuous continuous operation in harsh industrial environments with high thermal efficiency and rugged construction.,1920.35,$,LOOP POWERED,0.01 kW,50/60 Hz,N/A,108.8 lbs,194x631x810mm,Hastelloy,IP69K,1 Year Standard,IFM Electronic,Germany,Global Electro Corp,Distributor Catalog EU,https://docs.productiq-assets.com/specs/ifm_electronic/ifm-sns-6491.pdf,https://www.industrial-supply-direct.com/item/ifm-sns-6491
PID-10521,Mitsubishi Electric Safety Relay MIT-CTL-2448,Mitsubishi Electric,Control Systems,Safety Relay,MIT-CTL-2448,"*** MITSUBISHI ELECTRIC SPECIAL PROMO *** Model MIT-CTL-2448. High reliability, certified quality. Suitable for power, water, oil&gas applications. Order now.",9322.98,USD,24 V DC,22 kW,50 Hz,N/A,368.3 LBS,"39.1"" x 27.0"" x 8.3""",Industrial Thermoplastic,IP20,1 Year Standard,Mitsubishi Electric,Sweden,Continental Drive Systems,Vendor Portal Upload,https://docs.productiq-assets.com/specs/mitsubishi_electric/mit-ctl-2448.pdf,https://www.industrial-supply-direct.com/item/mit-ctl-2448
PID-10522,Koyo Deep Groove Ball Bearing KOY-BRG-2897,Koyo,Bearings,Deep Groove Ball Bearing,KOY-BRG-2897,Heavy-duty industrial grade Deep Groove Ball Bearing engineered by Koyo. Designed for continuous continuous operation in harsh industrial environments with high thermal efficiency and rugged construction.,21521.46,USD,,N/A,N/A,8500 rpm,97.4 g,"13.9"" x 6.1"" x 8.0""",Stainless Steel 440C,2RS Sealed,5 Years,Koyo,Germany,Continental Drive Systems,Field Engineering Audit,https://docs.productiq-assets.com/specs/koyo/koy-brg-2897.pdf,https://www.industrial-supply-direct.com/item/koy-brg-2897
PID-10523,Huawei Digital Power Industrial Diesel Generator HUA-PWR-5740,Huawei Digital Power,Power Equipment,Industrial Diesel Generator,HUA-PWR-5740,REDUNDANT RECORD: Huawei Digital Power HUA-PWR-5740 Power Equipment Industrial Diesel Generator. Contact supplier Apex Industrial Supplies for spec sheet.,4432.22,GBP,400/230V 50Hz,1000 kVA,50 Hz,N/A,282.0 kilograms,L:707 W:665 H:757,Acoustic Heavy Steel,IP20,5 Years,Huawei Digital Power,United Kingdom,Apex Industrial Supplies,Field Engineering Audit,https://docs.productiq-assets.com/specs/huawei_digital_power/hua-pwr-5740.pdf,https://www.industrial-supply-direct.com/item/hua-pwr-5740
PID-10524,Boge Oil-Free Scroll Compressor BOG-CMP-5066,Boge,Compressors,Oil-Free Scroll Compressor,BOG-CMP-5066,"Boge Oil-Free Scroll Compressor BOG-CMP-5066 offers industry leading performance, low vibration levels, and optimized lifecycle costs. Complies with ISO 9001 and CE directives.",13605.1,GBP,460 V 60Hz,75 kW,60 Hz,2950 RPM,351.7 kilograms,389 x 540 x 513 mm,Cast Iron Block,IP65,1 Year Standard,Boge,Germany,Continental Drive Systems,Vendor Portal Upload,https://docs.productiq-assets.com/specs/boge/bog-cmp-5066.pdf,https://www.industrial-supply-direct.com/item/bog-cmp-5066
PID-10525,Siemens Air Circuit Breaker (ACB) SIE-ELC-8241,Siemens,Electrical Components,Air Circuit Breaker (ACB),SIE-ELC-8241,"Siemens Air Circuit Breaker (ACB) SIE-ELC-8241 offers industry leading performance, low vibration levels, and optimized lifecycle costs. Complies with ISO 9001 and CE directives.",5248.41,USD,415 VAC,100 kVA,60 Hz,N/A,341.3 kilograms,683 x 103 x 452 mm,Thermoset Resin,IP54,2 Years,Siemens,Finland,Continental Drive Systems,Field Engineering Audit,https://docs.productiq-assets.com/specs/siemens/sie-elc-8241.pdf,https://www.industrial-supply-direct.com/item/sie-elc-8241
PID-10526,Velan Check Valve VEL-VLV-6877,Velan,Valves,Check Valve,VEL-VLV-6877,<div><p>Industrial Valves - VEL-VLV-6877</p><span>Manufacturer: Velan</span><br>Standard spec with warranty: </div>,3591.23,GBP,None,15 W,60 Hz,N/A,193.1 g,39.8x29.4x64.1 cm,Hastelloy C,,,Velan,Japan,Global Electro Corp,Distributor Catalog EU,https://docs.productiq-assets.com/specs/velan/vel-vlv-6877.pdf,https://www.industrial-supply-direct.com/item/vel-vlv-6877
PID-10527,Schneider Galaxy Automatic Transfer Switch SCH-PWR-5454,Schneider Galaxy,Power Equipment,Automatic Transfer Switch,SCH-PWR-5454,"Schneider Galaxy Automatic Transfer Switch SCH-PWR-5454 offers industry leading performance, low vibration levels, and optimized lifecycle costs. Complies with ISO 9001 and CE directives.",20523.64,USD,400 V 3-Phase,1200 kW,50 Hz,1800 rpm,54.8 kilograms,L:513 W:176 H:183,Galvanized Steel Weatherproof,,24 months,Schneider Galaxy,Germany,Apex Industrial Supplies,Distributor Catalog EU,https://docs.productiq-assets.com/specs/schneider_galaxy/sch-pwr-5454.pdf,https://www.industrial-supply-direct.com/item/sch-pwr-5454
PID-10528,SKF Tapered Roller Bearing SKF-BRG-2198,SKF,Bearings,Tapered Roller Bearing,SKF-BRG-2198,"Compact and durable Tapered Roller Bearing with standard power rating, rated for N/A networks.",10921.77,,N/A,,N/A,6000 RPM,224.1 lbs,"35.4"" x 10.5"" x 6.3""",Ceramic Hybrid,Open,2 Years,SKF,France,Nordic Machinery Hub,Field Engineering Audit,https://docs.productiq-assets.com/specs/skf/skf-brg-2198.pdf,https://www.industrial-supply-direct.com/item/skf-brg-2198
PID-10529,Nidec Three-Phase Induction Motor NID-MTR-9062,Nidec,Industrial Motors,Three-Phase Induction Motor,NID-MTR-9062,REDUNDANT RECORD: Nidec NID-MTR-9062 Industrial Motors Three-Phase Induction Motor. Contact supplier Nordic Machinery Hub for spec sheet.,22154.45,€,460 V AC,110 kW,50 Hz,1500 rpm,106.4 KG,743x466x832mm,Stainless Steel,,24 months,Nidec,United States,Nordic Machinery Hub,Supplier Price File 2024,https://docs.productiq-assets.com/specs/nidec/nid-mtr-9062.pdf,https://www.industrial-supply-direct.com/item/nid-mtr-9062
PID-10530,Yokogawa Pressure Transmitter YOK-SNS-2287,Yokogawa,Sensors,Pressure Transmitter,YOK-SNS-2287,"*** YOKOGAWA SPECIAL PROMO *** Model YOK-SNS-2287. High reliability, certified quality. Suitable for power, water, oil&gas applications. Order now.",96.11,€,12-30 VDC,1.5 W,DC,N/A,56.8 KG,707x414x370mm,Hastelloy,ip67,,Yokogawa,Italy,Apex Industrial Supplies,Vendor Portal Upload,https://docs.productiq-assets.com/specs/yokogawa/yok-sns-2287.pdf,https://www.industrial-supply-direct.com/item/yok-sns-2287
PID-10531,ABB Servo Motor ABB-MTR-5512,ABB,Industrial Motors,Servo Motor,ABB-MTR-5512,"*** ABB SPECIAL PROMO *** Model ABB-MTR-5512. High reliability, certified quality. Suitable for power, water, oil&gas applications. Order now.",5741.08,USD,400 V,20 HP,50Hz,1750 RPM,78.7 KG,L:430 W:754 H:194,Cast Iron,IP23,36 Months Extended,ABB,United States,Precision Parts Direct,OEM Technical Data Sheet,https://docs.productiq-assets.com/specs/abb/abb-mtr-5512.pdf,https://www.industrial-supply-direct.com/item/abb-mtr-5512
PID-10532,Rockwell Allen-Bradley Safety Relay ROC-CTL-9947,Rockwell Allen-Bradley,Control Systems,Safety Relay,ROC-CTL-9947,"Compact and durable Safety Relay with 7.5 kW rating, rated for 24VDC / 120VAC networks.",18843.8,USD,24VDC / 120VAC,7.5 kW,50 Hz,N/A,307.5 kg.,793 x 334 x 686 mm,Industrial Thermoplastic,IP65 Bezel,1 Year Standard,Rockwell Allen-Bradley,Finland,Continental Drive Systems,Field Engineering Audit,https://docs.productiq-assets.com/specs/rockwell_allen-bradley/roc-ctl-9947.pdf,https://www.industrial-supply-direct.com/item/roc-ctl-9947
PID-10533,Sulzer Diaphragm Pump SUL-PMP-2000,Sulzer,Pumps,Diaphragm Pump,SUL-PMP-2000,<div><p>Industrial Pumps - SUL-PMP-2000</p><span>Manufacturer: Sulzer</span><br>Standard spec with warranty: 36 Months Extended</div>,5727.74,EUR,,15 kW,60 Hz,3500 rpm,158.8 g,90.5x79.5x77.5 cm,Stainless Steel 316,IP55,36 Months Extended,Sulzer,United States,Precision Parts Direct,Supplier Price File 2024,https://docs.productiq-assets.com/specs/sulzer/sul-pmp-2000.pdf,https://www.industrial-supply-direct.com/item/sul-pmp-2000
PID-10534,Wilo Submersible Slurry Pump WIL-PMP-2191,Wilo,Pumps,Submersible Slurry Pump,WIL-PMP-2191,REDUNDANT RECORD: Wilo WIL-PMP-2191 Pumps Submersible Slurry Pump. Contact supplier Precision Parts Direct for spec sheet.,7914.59,GBP,400 V,3.7 kW,60 Hz,1450 RPM,247.2 kg,L:359 W:138 H:438,Stainless Steel 316,IP 68,5 Years,Wilo,Switzerland,Precision Parts Direct,Field Engineering Audit,https://docs.productiq-assets.com/specs/wilo/wil-pmp-2191.pdf,https://www.industrial-supply-direct.com/item/wil-pmp-2191
PID-10535,NTN Tapered Roller Bearing NTN-BRG-3129,NTN,Bearings,Tapered Roller Bearing,NTN-BRG-3129,REDUNDANT RECORD: NTN NTN-BRG-3129 Bearings Tapered Roller Bearing. Contact supplier Apex Industrial Supplies for spec sheet.,20320.33,€,,,N/A,4500 max RPM,43.5 KG,L:922 W:558 H:499,Stainless Steel 440C,ZZ Shielded,,NTN,Sweden,Apex Industrial Supplies,Field Engineering Audit,https://docs.productiq-assets.com/specs/ntn/ntn-brg-3129.pdf,https://www.industrial-supply-direct.com/item/ntn-brg-3129
PID-10536,Wilo Centrifugal Pump WIL-PMP-8559,Wilo,Pumps,Centrifugal Pump,WIL-PMP-8559,Heavy-duty industrial grade Centrifugal Pump engineered by Wilo. Designed for continuous continuous operation in harsh industrial environments with high thermal efficiency and rugged construction.,12812.5,€,380 V 3-Phase,15 kW,60 Hz,3500 rpm,447.4 kg,"46.8"" x 16.7"" x 31.4""",Duplex Steel,IP55,5 Years,Wilo,Switzerland,TechFlow Solutions,OEM Technical Data Sheet,https://docs.productiq-assets.com/specs/wilo/wil-pmp-8559.pdf,https://www.industrial-supply-direct.com/item/wil-pmp-8559
PID-10537,Sullair Oil-Free Scroll Compressor SUL-CMP-6437,Sullair,Compressors,Oil-Free Scroll Compressor,SUL-CMP-6437,"Sullair Oil-Free Scroll Compressor SUL-CMP-6437 offers industry leading performance, low vibration levels, and optimized lifecycle costs. Complies with ISO 9001 and CE directives.",1001.32,€,400 volts,75KW,50 Hz,2950 RPM,268.1 KG,702x290x753mm,Acoustic Enclosure,IP55,5 Years,Sullair,Finland,TechFlow Solutions,Vendor Portal Upload,https://docs.productiq-assets.com/specs/sullair/sul-cmp-6437.pdf,https://www.industrial-supply-direct.com/item/sul-cmp-6437
PID-10538,Sick RTD Temp Sensor SIC-SNS-2689,Sick,Sensors,RTD Temp Sensor,SIC-SNS-2689,REDUNDANT RECORD: Sick SIC-SNS-2689 Sensors RTD Temp Sensor. Contact supplier Apex Industrial Supplies for spec sheet.,4017.14,EUR,LOOP POWERED,0.01 kW,DC,N/A,183.1 LBS,55.5x45.1x64.2 cm,PVDF,IP68,12 Months,Sick,China,Apex Industrial Supplies,OEM Technical Data Sheet,https://docs.productiq-assets.com/specs/sick/sic-sns-2689.pdf,https://www.industrial-supply-direct.com/item/sic-sns-2689
PID-10539,SEW-Eurodrive Servo Motor SEW-MTR-9502,SEW-Eurodrive,Industrial Motors,Servo Motor,SEW-MTR-9502,"*** SEW-EURODRIVE SPECIAL PROMO *** Model SEW-MTR-9502. High reliability, certified quality. Suitable for power, water, oil&gas applications. Order now.",CONTACT SALES,EUR,230/400V,20 HP,50hz,2950 RPM,402.5 kilograms,331 x 592 x 713 mm,Stainless Steel,IP55,2 Years,SEW-Eurodrive,Italy,Continental Drive Systems,Vendor Portal Upload,https://docs.productiq-assets.com/specs/sew-eurodrive/sew-mtr-9502.pdf,invalid-url-item
PID-10540,Ingersoll Rand Oil-Free Scroll Compressor ING-CMP-6039,Ingersoll Rand,Compressors,Oil-Free Scroll Compressor,ING-CMP-6039,"Compact and durable Oil-Free Scroll Compressor with 55 kW rating, rated for 460 V 60Hz networks.",7107.64,GBP,460 V 60Hz,55 kW,50 Hz,3000 rpm,427.9 kg,,Heavy Gauge Steel Housing,IP55,36 Months Extended,Ingersoll Rand,Sweden,Precision Parts Direct,ERP Master Data,https://docs.productiq-assets.com/specs/ingersoll_rand/ing-cmp-6039.pdf,https://www.industrial-supply-direct.com/item/ing-cmp-6039
PID-10541,Grundfos Positive Displacement Pump GRU-PMP-3905,Grundfos,Pumps,Positive Displacement Pump,GRU-PMP-3905,<div><p>Industrial Pumps - GRU-PMP-3905</p><span>Manufacturer: Grundfos</span><br>Standard spec with warranty: </div>,CONTACT SALES,USD,400v,15 kW,50 Hz,3500 rpm,238.2 kilograms,L:923 W:266 H:240,Duplex Steel,IP 68,,Grundfos,France,Apex Industrial Supplies,Supplier Price File 2024,https://docs.productiq-assets.com/specs/grundfos/gru-pmp-3905.pdf,https://www.industrial-supply-direct.com/item/gru-pmp-3905
PID-10542,Mitsubishi Electric Safety Relay MIT-CTL-8245,Mitsubishi Electric,Control Systems,Safety Relay,MIT-CTL-8245,Heavy-duty industrial grade Safety Relay engineered by Mitsubishi Electric. Designed for continuous continuous operation in harsh industrial environments with high thermal efficiency and rugged construction.,20713.9,$,400 V 3PH,7.5 kW,50/60 Hz,N/A,359.0 kg.,L:689 W:282 H:614,Metal Alloy,IP20 / NEMA 1,12 Months,Mitsubishi Electric,France,TechFlow Solutions,Distributor Catalog EU,https://docs.productiq-assets.com/specs/mitsubishi_electric/mit-ctl-8245.pdf,https://www.industrial-supply-direct.com/item/mit-ctl-8245
PID-10543,ABB Synchronous Motor ABB-MTR-6027,ABB,Industrial Motors,Synchronous Motor,ABB-MTR-6027,<div><p>Industrial Industrial Motors - ABB-MTR-6027</p><span>Manufacturer: ABB</span><br>Standard spec with warranty: 5 Years</div>,14107.11,EUR,380-415 V,22 kW,50Hz,1450 RPM,5.0 kg.,L:1168 W:308 H:748,Aluminum,IP66,5 Years,ABB,United States,TechFlow Solutions,OEM Technical Data Sheet,https://docs.productiq-assets.com/specs/abb/abb-mtr-6027.pdf,https://www.industrial-supply-direct.com/item/abb-mtr-6027
PID-10544,Vertiv Liebert Battery Energy Storage Unit VER-PWR-9038,Vertiv Liebert,Power Equipment,Battery Energy Storage Unit,VER-PWR-9038,REDUNDANT RECORD: Vertiv Liebert VER-PWR-9038 Power Equipment Battery Energy Storage Unit. Contact supplier Precision Parts Direct for spec sheet.,23117.42,EUR,230 V Single Phase,500 kW,50/60 Hz,1500 RPM,166.4 LBS,443 x 477 x 394 mm,Acoustic Heavy Steel,IP20,36 Months Extended,Vertiv Liebert,Sweden,Precision Parts Direct,OEM Technical Data Sheet,https://docs.productiq-assets.com/specs/vertiv_liebert/ver-pwr-9038.pdf,https://www.industrial-supply-direct.com/item/ver-pwr-9038
PID-10545,Samson Pneumatic Ball Valve SAM-VLV-3069,Samson,Valves,Pneumatic Ball Valve,SAM-VLV-3069,"*** SAMSON SPECIAL PROMO *** Model SAM-VLV-3069. High reliability, certified quality. Suitable for power, water, oil&gas applications. Order now.",3509.93,EUR,N/A,50 W,N/A,,323.6 lbs,L:1190 W:269 H:885,CF8M Stainless,,5 Years,Samson,United Kingdom,Global Electro Corp,Distributor Catalog EU,https://docs.productiq-assets.com/specs/samson/sam-vlv-3069.pdf,https://www.industrial-supply-direct.com/item/sam-vlv-3069
PID-10546,Kaeser Centrifugal Turbo Compressor KAE-CMP-5352,Kaeser,Compressors,Centrifugal Turbo Compressor,KAE-CMP-5352,"Kaeser Centrifugal Turbo Compressor KAE-CMP-5352 offers industry leading performance, low vibration levels, and optimized lifecycle costs. Complies with ISO 9001 and CE directives.",9146.62,EUR,400V 50Hz,75KW,50 Hz,3000 rpm,329.0 lbs,472x550x223mm,Acoustic Enclosure,IP54,12 Months,Kaeser,Switzerland,Global Electro Corp,Supplier Price File 2024,https://docs.productiq-assets.com/specs/kaeser/kae-cmp-5352.pdf,https://www.industrial-supply-direct.com/item/kae-cmp-5352
PID-10547,Huawei Digital Power Automatic Transfer Switch HUA-PWR-4049,Huawei Digital Power,Power Equipment,Automatic Transfer Switch,HUA-PWR-4049,"*** HUAWEI DIGITAL POWER SPECIAL PROMO *** Model HUA-PWR-4049. High reliability, certified quality. Suitable for power, water, oil&gas applications. Order now.",7877.05,USD,400 V 3-Phase,1500 kVA,50 Hz,1500 RPM,289.1 KG,39.4x34.2x27.0 cm,Marine Grade Aluminum,IP54 Outdoor,5 Years,Huawei Digital Power,Finland,Continental Drive Systems,OEM Technical Data Sheet,https://docs.productiq-assets.com/specs/huawei_digital_power/hua-pwr-4049.pdf,https://www.industrial-supply-direct.com/item/hua-pwr-4049
PID-10548,Timken Deep Groove Ball Bearing TIM-BRG-9013,Timken,Bearings,Deep Groove Ball Bearing,TIM-BRG-9013,"*** TIMKEN SPECIAL PROMO *** Model TIM-BRG-9013. High reliability, certified quality. Suitable for power, water, oil&gas applications. Order now.",5319.18,EUR,,,N/A,3200 RPM,54.6 lbs,"39.3"" x 4.0"" x 11.5""",High Carbon Chrome Steel 100Cr6,2RS Sealed,12 Months,Timken,Germany,TechFlow Solutions,OEM Technical Data Sheet,https://docs.productiq-assets.com/specs/timken/tim-brg-9013.pdf,https://www.industrial-supply-direct.com/item/tim-brg-9013
PID-10549,Banner Engineering Safety Light Curtain BAN-SFT-4510,Banner Engineering,Safety Equipment,Safety Light Curtain,BAN-SFT-4510,REDUNDANT RECORD: Banner Engineering BAN-SFT-4510 Safety Equipment Safety Light Curtain. Contact supplier Continental Drive Systems for spec sheet.,3391.86,GBP,110-230 VAC,0.02 kW,DC,N/A,26.8 KG,L:191 W:371 H:879,Anodized Aluminum,IP69K,,Banner Engineering,United Kingdom,Continental Drive Systems,Field Engineering Audit,https://docs.productiq-assets.com/specs/banner_engineering/ban-sft-4510.pdf,https://www.industrial-supply-direct.com/item/ban-sft-4510
PID-10550,Gardner Denver Reciprocating Air Compressor GAR-CMP-7098,Gardner Denver,Compressors,Reciprocating Air Compressor,GAR-CMP-7098,"Compact and durable Reciprocating Air Compressor with 50 HP rating, rated for 400V 50Hz networks.",5747.97,GBP,400V 50Hz,50 HP,60 Hz,2950 RPM,259.3 kg,L:810 W:266 H:315,Heavy Gauge Steel Housing,,,Gardner Denver,Germany,Global Electro Corp,Distributor Catalog EU,https://docs.productiq-assets.com/specs/gardner_denver/gar-cmp-7098.pdf,https://www.industrial-supply-direct.com/item/gar-cmp-7098
PID-10551,Huawei Digital Power Solar Inverter Grid-Tied HUA-PWR-1393,Huawei Digital Power,Power Equipment,Solar Inverter Grid-Tied,HUA-PWR-1393,"Compact and durable Solar Inverter Grid-Tied with standard power rating, rated for 11 kV networks.",4840.25,USD,11 kV,,60 Hz,N/A,226.2 LBS,397x507x149mm,Galvanized Steel Weatherproof,IP54 Outdoor,12 Months,Huawei Digital Power,Sweden,Apex Industrial Supplies,OEM Technical Data Sheet,https://docs.productiq-assets.com/specs/huawei_digital_power/hua-pwr-1393.pdf,https://www.industrial-supply-direct.com/item/hua-pwr-1393
PID-10552,Mitsubishi Electric Distributed Control System (DCS) Module MIT-CTL-1876,Mitsubishi Electric,Control Systems,Distributed Control System (DCS) Module,MIT-CTL-1876,<div><p>Industrial Control Systems - MIT-CTL-1876</p><span>Manufacturer: Mitsubishi Electric</span><br>Standard spec with warranty: 5 Years</div>,18532.48,,24vdc,0.75 kW,50 Hz,N/A,63.4 kg.,L:1183 W:548 H:354,Polycarbonate / Aluminum,IP20,5 Years,Mitsubishi Electric,Switzerland,Apex Industrial Supplies,Field Engineering Audit,https://docs.productiq-assets.com/specs/mitsubishi_electric/mit-ctl-1876.pdf,https://www.industrial-supply-direct.com/item/mit-ctl-1876
PID-10553,Ingersoll Rand Vane Compressor ING-CMP-1219,Ingersoll Rand,Compressors,Vane Compressor,ING-CMP-1219,"Compact and durable Vane Compressor with 75 kW rating, rated for 3.3 kV networks.",15644.73,EUR,3.3 kV,75 kW,60 Hz,1480 RPM,237.4 kg.,"30.2"" x 9.3"" x 10.0""",Heavy Gauge Steel Housing,IP54,2 Years,Ingersoll Rand,Finland,Global Electro Corp,Distributor Catalog EU,https://docs.productiq-assets.com/specs/ingersoll_rand/ing-cmp-1219.pdf,https://www.industrial-supply-direct.com/item/ing-cmp-1219
PID-10554,Gardner Denver Oil-Free Scroll Compressor GAR-CMP-2081,Gardner Denver,Compressors,Oil-Free Scroll Compressor,GAR-CMP-2081,"Compact and durable Oil-Free Scroll Compressor with 37 kW rating, rated for multi-voltage networks.",17200.33,€,,37 kW,60 Hz,2950 RPM,421.0 LBS,850x496x414mm,Acoustic Enclosure,IP65,2 Years,Gardner Denver,Japan,Apex Industrial Supplies,Distributor Catalog EU,https://docs.productiq-assets.com/specs/gardner_denver/gar-cmp-2081.pdf,invalid-url-item
PID-10555,Schneider Electric Industrial Transformer SCH-ELC-3017,Schneider Electric,Electrical Components,Industrial Transformer,SCH-ELC-3017,"Compact and durable Industrial Transformer with 250 kVA rating, rated for 230/400V networks.",3958.13,USD,230/400V,250 kVA,50 Hz,N/A,12.5 KG,676 x 643 x 765 mm,DMC Polyester Glass,IP20,24 months,Schneider Electric,Japan,Global Electro Corp,ERP Master Data,https://docs.productiq-assets.com/specs/schneider_electric/sch-elc-3017.pdf,invalid-url-item
PID-10556,SKF Spherical Roller Bearing SKF-BRG-1960,SKF,Bearings,Spherical Roller Bearing,SKF-BRG-1960,Heavy-duty industrial grade Spherical Roller Bearing engineered by SKF. Designed for continuous continuous operation in harsh industrial environments with high thermal efficiency and rugged construction.,14819.92,$,N/A,N/A,N/A,8500 rpm,169.0 lbs,604x357x591mm,Stainless Steel 440C,Open,,SKF,United Kingdom,Nordic Machinery Hub,ERP Master Data,https://docs.productiq-assets.com/specs/skf/skf-brg-1960.pdf,https://www.industrial-supply-direct.com/item/skf-brg-1960
PID-10557,Wilo Centrifugal Pump WIL-PMP-1634,Wilo,Pumps,Centrifugal Pump,WIL-PMP-1634,"Compact and durable Centrifugal Pump with 7.5 kW rating, rated for 230 V networks.",19362.8,USD,230 V,7.5 kW,50/60 Hz,1450 RPM,8.4 kg,850 x 558 x 209 mm,Cast Iron GG25,IP 68,,Wilo,United States,TechFlow Solutions,Field Engineering Audit,,https://www.industrial-supply-direct.com/item/wil-pmp-1634
PID-10558,Pilz Gas Detection Monitor PIL-SFT-8421,Pilz,Safety Equipment,Gas Detection Monitor,PIL-SFT-8421,"Pilz Gas Detection Monitor PIL-SFT-8421 offers industry leading performance, low vibration levels, and optimized lifecycle costs. Complies with ISO 9001 and CE directives.",1373.61,€,24VDC,5 W,DC,N/A,80.8 g,L:135 W:678 H:545,Anodized Aluminum,IP67,,Pilz,Italy,Nordic Machinery Hub,Vendor Portal Upload,https://docs.productiq-assets.com/specs/pilz/pil-sft-8421.pdf,https://www.industrial-supply-direct.com/item/pil-sft-8421
PID-10559,Schneider Electric Molded Case Circuit Breaker (MCCB) SCH-ELC-2974,Schneider Electric,Electrical Components,Molded Case Circuit Breaker (MCCB),SCH-ELC-2974,"Schneider Electric Molded Case Circuit Breaker (MCCB) SCH-ELC-2974 offers industry leading performance, low vibration levels, and optimized lifecycle costs. Complies with ISO 9001 and CE directives.",8066.94,GBP,400 V,1600 A Rating,60 Hz,N/A,69.1 kg.,"46.2"" x 13.6"" x 9.5""",DMC Polyester Glass,IP30,12 Months,Schneider Electric,Germany,TechFlow Solutions,Distributor Catalog EU,https://docs.productiq-assets.com/specs/schneider_electric/sch-elc-2974.pdf,https://www.industrial-supply-direct.com/item/sch-elc-2974
PID-10560,Gardner Denver Vane Compressor GAR-CMP-1408,Gardner Denver,Compressors,Vane Compressor,GAR-CMP-1408,REDUNDANT RECORD: Gardner Denver GAR-CMP-1408 Compressors Vane Compressor. Contact supplier TechFlow Solutions for spec sheet.,1294.56,USD,,55 kW,60 Hz,1480 RPM,32.9 g,652 x 687 x 103 mm,Heavy Gauge Steel Housing,IP55,24 months,Gardner Denver,Germany,TechFlow Solutions,OEM Technical Data Sheet,https://docs.productiq-assets.com/specs/gardner_denver/gar-cmp-1408.pdf,invalid-url-item
PID-10561,Schneider Galaxy Automatic Transfer Switch SCH-PWR-9141,Schneider Galaxy,Power Equipment,Automatic Transfer Switch,SCH-PWR-9141,"*** SCHNEIDER GALAXY SPECIAL PROMO *** Model SCH-PWR-9141. High reliability, certified quality. Suitable for power, water, oil&gas applications. Order now.",12740.53,EUR,400/230V 50Hz,100 kW,60 Hz,N/A,133.4 lbs,303 x 252 x 321 mm,Marine Grade Aluminum,,1 Year Standard,Schneider Galaxy,Finland,TechFlow Solutions,Supplier Price File 2024,https://docs.productiq-assets.com/specs/schneider_galaxy/sch-pwr-9141.pdf,https://www.industrial-supply-direct.com/item/sch-pwr-9141
PID-10562,Sullair Reciprocating Air Compressor SUL-CMP-4455,Sullair,Compressors,Reciprocating Air Compressor,SUL-CMP-4455,"Compact and durable Reciprocating Air Compressor with 22 kW rating, rated for 400 volts networks.",13679.78,EUR,400 volts,22 kW,50 Hz,1480 RPM,14.3 lbs,"41.1"" x 25.7"" x 10.8""",Heavy Gauge Steel Housing,,12 Months,Sullair,Germany,Precision Parts Direct,OEM Technical Data Sheet,https://docs.productiq-assets.com/specs/sullair/sul-cmp-4455.pdf,https://www.industrial-supply-direct.com/item/sul-cmp-4455
PID-10563,Pilz Emergency Stop Rope Pull PIL-SFT-7051,Pilz,Safety Equipment,Emergency Stop Rope Pull,PIL-SFT-7051,REDUNDANT RECORD: Pilz PIL-SFT-7051 Safety Equipment Emergency Stop Rope Pull. Contact supplier TechFlow Solutions for spec sheet.,21547.44,,24VDC,0.02 kW,DC,N/A,369.6 kg,917x366x411mm,Flameproof Aluminum,IP67,,Pilz,United Kingdom,TechFlow Solutions,Distributor Catalog EU,https://docs.productiq-assets.com/specs/pilz/pil-sft-7051.pdf,https://www.industrial-supply-direct.com/item/pil-sft-7051
PID-10564,Vertiv Liebert Automatic Transfer Switch VER-PWR-7124,Vertiv Liebert,Power Equipment,Automatic Transfer Switch,VER-PWR-7124,"*** VERTIV LIEBERT SPECIAL PROMO *** Model VER-PWR-7124. High reliability, certified quality. Suitable for power, water, oil&gas applications. Order now.",12977.57,€,400 V 3-Phase,100 kW,50 Hz,1500 RPM,254.6 kg.,287x763x784mm,Marine Grade Aluminum,,36 Months Extended,Vertiv Liebert,Finland,TechFlow Solutions,Supplier Price File 2024,https://docs.productiq-assets.com/specs/vertiv_liebert/ver-pwr-7124.pdf,https://www.industrial-supply-direct.com/item/ver-pwr-7124
PID-10565,Sick Gas Detection Monitor SIC-SFT-7424,Sick,Safety Equipment,Gas Detection Monitor,SIC-SFT-7424,"Compact and durable Gas Detection Monitor with 0.02 kW rating, rated for 24 V DC networks.",6473.52,USD,24 V DC,0.02 kW,50/60 Hz,N/A,289.9 KG,559 x 441 x 840 mm,Reinforced Polymer,IP67,,Sick,Finland,Precision Parts Direct,Supplier Price File 2024,https://docs.productiq-assets.com/specs/sick/sic-sft-7424.pdf,https://www.industrial-supply-direct.com/item/sic-sft-7424
PID-10566,Nidec Servo Motor NID-MTR-5637,Nidec,Industrial Motors,Servo Motor,NID-MTR-5637,"*** NIDEC SPECIAL PROMO *** Model NID-MTR-5637. High reliability, certified quality. Suitable for power, water, oil&gas applications. Order now.",,EUR,230/400V,45 kW,50Hz,1750 RPM,74.0 kg.,L:597 W:745 H:516,Ductile Iron,,2 Years,Nidec,China,Continental Drive Systems,Distributor Catalog EU,https://docs.productiq-assets.com/specs/nidec/nid-mtr-5637.pdf,https://www.industrial-supply-direct.com/item/nid-mtr-5637
PID-10567,Sick Interlock Switch SIC-SFT-1673,Sick,Safety Equipment,Interlock Switch,SIC-SFT-1673,"Sick Interlock Switch SIC-SFT-1673 offers industry leading performance, low vibration levels, and optimized lifecycle costs. Complies with ISO 9001 and CE directives.",23641.57,EUR,24VDC,0.02 kW,50/60 Hz,N/A,449.4 kg,L:608 W:466 H:777,Flameproof Aluminum,IP69K,5 Years,Sick,Switzerland,Precision Parts Direct,OEM Technical Data Sheet,https://docs.productiq-assets.com/specs/sick/sic-sft-1673.pdf,https://www.industrial-supply-direct.com/item/sic-sft-1673
PID-10568,Siemens SIMATIC Variable Frequency Drive (VFD) SIE-CTL-4056,Siemens SIMATIC,Control Systems,Variable Frequency Drive (VFD),SIE-CTL-4056,Heavy-duty industrial grade Variable Frequency Drive (VFD) engineered by Siemens SIMATIC. Designed for continuous continuous operation in harsh industrial environments with high thermal efficiency and rugged construction.,22047.36,€,24 V DC,1.5 kW,0-400 Hz Output,N/A,67.2 kg,,Industrial Thermoplastic,ip20,2 Years,Siemens SIMATIC,Japan,TechFlow Solutions,Field Engineering Audit,https://docs.productiq-assets.com/specs/siemens_simatic/sie-ctl-4056.pdf,https://www.industrial-supply-direct.com/item/sie-ctl-4056
PID-10569,Sulzer Diaphragm Pump SUL-PMP-2070,Sulzer,Pumps,Diaphragm Pump,SUL-PMP-2070,REDUNDANT RECORD: Sulzer SUL-PMP-2070 Pumps Diaphragm Pump. Contact supplier TechFlow Solutions for spec sheet.,3116.88,USD,380 V 3-Phase,15 HP,60 Hz,3500 rpm,124.0 lbs,L:1158 W:207 H:331,Stainless Steel 316,IP 68,2 Years,Sulzer,France,TechFlow Solutions,Supplier Price File 2024,https://docs.productiq-assets.com/specs/sulzer/sul-pmp-2070.pdf,https://www.industrial-supply-direct.com/item/sul-pmp-2070
PID-10570,Cummins Automatic Transfer Switch CUM-PWR-7485,Cummins,Power Equipment,Automatic Transfer Switch,CUM-PWR-7485,Heavy-duty industrial grade Automatic Transfer Switch engineered by Cummins. Designed for continuous continuous operation in harsh industrial environments with high thermal efficiency and rugged construction.,13227.54,EUR,400/230V 50Hz,1200 kW,60 Hz,N/A,24.6 kg,46.9x15.9x80.3 cm,Marine Grade Aluminum,IP20,2 Years,Cummins,France,Precision Parts Direct,Field Engineering Audit,https://docs.productiq-assets.com/specs/cummins/cum-pwr-7485.pdf,invalid-url-item
PID-10571,Sulzer Centrifugal Pump SUL-PMP-4720,Sulzer,Pumps,Centrifugal Pump,SUL-PMP-4720,REDUNDANT RECORD: Sulzer SUL-PMP-4720 Pumps Centrifugal Pump. Contact supplier Continental Drive Systems for spec sheet.,12946.9,$,380 V 3-Phase,15 HP,50/60 Hz,1450 RPM,270.8 lbs,L:200 W:125 H:708,Duplex Steel,IP55,24 months,Sulzer,Japan,Continental Drive Systems,OEM Technical Data Sheet,https://docs.productiq-assets.com/specs/sulzer/sul-pmp-4720.pdf,invalid-url-item
PID-10572,Mitsubishi Electric Variable Frequency Drive (VFD) MIT-CTL-8125,Mitsubishi Electric,Control Systems,Variable Frequency Drive (VFD),MIT-CTL-8125,"*** MITSUBISHI ELECTRIC SPECIAL PROMO *** Model MIT-CTL-8125. High reliability, certified quality. Suitable for power, water, oil&gas applications. Order now.",9901.16,$,24VDC / 120VAC,15 kW,0-400 Hz Output,N/A,243.0 kg,L:731 W:426 H:326,Polycarbonate / Aluminum,,,Mitsubishi Electric,Germany,Nordic Machinery Hub,Vendor Portal Upload,https://docs.productiq-assets.com/specs/mitsubishi_electric/mit-ctl-8125.pdf,https://www.industrial-supply-direct.com/item/mit-ctl-8125
PID-10573,Timken Cylindrical Roller Bearing TIM-BRG-3143,Timken,Bearings,Cylindrical Roller Bearing,TIM-BRG-3143,"Timken Cylindrical Roller Bearing TIM-BRG-3143 offers industry leading performance, low vibration levels, and optimized lifecycle costs. Complies with ISO 9001 and CE directives.",,GBP,,N/A,N/A,4500 max RPM,86.1 KG,"18.5"" x 22.1"" x 21.2""",Stainless Steel 440C,N/A,5 Years,Timken,United Kingdom,TechFlow Solutions,Field Engineering Audit,https://docs.productiq-assets.com/specs/timken/tim-brg-3143.pdf,https://www.industrial-supply-direct.com/item/tim-brg-3143
PID-10574,Sulzer Centrifugal Pump SUL-PMP-2698,Sulzer,Pumps,Centrifugal Pump,SUL-PMP-2698,REDUNDANT RECORD: Sulzer SUL-PMP-2698 Pumps Centrifugal Pump. Contact supplier Global Electro Corp for spec sheet.,6803.46,USD,400 V,5.5 kW,50 Hz,2900 RPM,51.0 LBS,L:911 W:592 H:828,Bronze,IP66,2 Years,Sulzer,United States,Global Electro Corp,OEM Technical Data Sheet,https://docs.productiq-assets.com/specs/sulzer/sul-pmp-2698.pdf,https://www.industrial-supply-direct.com/item/sul-pmp-2698
PID-10575,Schneider Electric Vacuum Contactor SCH-ELC-8309,Schneider Electric,Electrical Components,Vacuum Contactor,SCH-ELC-8309,<div><p>Industrial Electrical Components - SCH-ELC-8309</p><span>Manufacturer: Schneider Electric</span><br>Standard spec with warranty: </div>,9855.44,€,415 VAC,100 kVA,50/60 Hz,N/A,155.6 lbs,89.0x64.5x14.9 cm,DMC Polyester Glass,IP30,,Schneider Electric,Sweden,TechFlow Solutions,Field Engineering Audit,https://docs.productiq-assets.com/specs/schneider_electric/sch-elc-8309.pdf,https://www.industrial-supply-direct.com/item/sch-elc-8309
PID-10576,Emerson Fisher Check Valve EME-VLV-4810,Emerson Fisher,Valves,Check Valve,EME-VLV-4810,"Compact and durable Check Valve with 15 W rating, rated for 230 V AC networks.",21097.91,EUR,230 V AC,15 W,60 Hz,,391.8 kilograms,"12.9"" x 9.6"" x 11.7""",CF8M Stainless,IP67,24 months,Emerson Fisher,Finland,Precision Parts Direct,Vendor Portal Upload,https://docs.productiq-assets.com/specs/emerson_fisher/eme-vlv-4810.pdf,https://www.industrial-supply-direct.com/item/eme-vlv-4810
PID-10577,Huawei Digital Power Industrial Diesel Generator HUA-PWR-8385,Huawei Digital Power,Power Equipment,,HUA-PWR-8385,"Huawei Digital Power Industrial Diesel Generator HUA-PWR-8385 offers industry leading performance, low vibration levels, and optimized lifecycle costs. Complies with ISO 9001 and CE directives.",18359.82,€,230 V Single Phase,100 kW,50 Hz,N/A,309.1 kilograms,,Marine Grade Aluminum,IP65 Enclosure,36 Months Extended,Huawei Digital Power,United States,Continental Drive Systems,Distributor Catalog EU,https://docs.productiq-assets.com/specs/huawei_digital_power/hua-pwr-8385.pdf,https://www.industrial-supply-direct.com/item/hua-pwr-8385
PID-10578,FAG Schaeffler Spherical Roller Bearing FAG-BRG-1543,FAG Schaeffler,Bearings,Spherical Roller Bearing,FAG-BRG-1543,<div><p>Industrial Bearings - FAG-BRG-1543</p><span>Manufacturer: FAG Schaeffler</span><br>Standard spec with warranty: 12 Months</div>,7857.37,EUR,N/A,,N/A,3200 RPM,49.0 kg,L:911 W:551 H:585,Stainless Steel 440C,2RS Sealed,12 Months,FAG Schaeffler,Italy,Global Electro Corp,Supplier Price File 2024,https://docs.productiq-assets.com/specs/fag_schaeffler/fag-brg-1543.pdf,https://www.industrial-supply-direct.com/item/fag-brg-1543
PID-10579,Kaeser Centrifugal Turbo Compressor KAE-CMP-8004,Kaeser,Compressors,Centrifugal Turbo Compressor,KAE-CMP-8004,"Compact and durable Centrifugal Turbo Compressor with 37 kW rating, rated for 400 volts networks.",,GBP,400 volts,37 kW,60 Hz,1480 RPM,327.4 kg.,L:352 W:250 H:649,Cast Iron Block,IP54,36 Months Extended,Kaeser,Japan,Continental Drive Systems,Field Engineering Audit,https://docs.productiq-assets.com/specs/kaeser/kae-cmp-8004.pdf,https://www.industrial-supply-direct.com/item/kae-cmp-8004
PID-10580,Vertiv Liebert Automatic Transfer Switch VER-PWR-9645,Vertiv Liebert,Power Equipment,Automatic Transfer Switch,VER-PWR-9645,<div><p>Industrial Power Equipment - VER-PWR-9645</p><span>Manufacturer: Vertiv Liebert</span><br>Standard spec with warranty: 5 Years</div>,21244.97,€,480 V,50 kVA,50/60 Hz,N/A,307.3 kg.,L:174 W:191 H:846,Acoustic Heavy Steel,IP23,5 Years,Vertiv Liebert,Japan,Global Electro Corp,Supplier Price File 2024,https://docs.productiq-assets.com/specs/vertiv_liebert/ver-pwr-9645.pdf,https://www.industrial-supply-direct.com/item/ver-pwr-9645
PID-10581,Pepperl+Fuchs Emergency Stop Rope Pull PEP-SFT-8365,Pepperl+Fuchs,Safety Equipment,Emergency Stop Rope Pull,PEP-SFT-8365,Heavy-duty industrial grade Emergency Stop Rope Pull engineered by Pepperl+Fuchs. Designed for continuous continuous operation in harsh industrial environments with high thermal efficiency and rugged construction.,5783.16,EUR,24VDC,10 W,DC,N/A,233.9 LBS,534 x 271 x 249 mm,Flameproof Aluminum,IP67,12 Months,Pepperl+Fuchs,Switzerland,Global Electro Corp,OEM Technical Data Sheet,,https://www.industrial-supply-direct.com/item/pep-sft-8365
PID-10582,Mitsubishi Electric Human Machine Interface (HMI) MIT-CTL-7216,Mitsubishi Electric,Control Systems,Human Machine Interface (HMI),MIT-CTL-7216,<div><p>Industrial Control Systems - MIT-CTL-7216</p><span>Manufacturer: Mitsubishi Electric</span><br>Standard spec with warranty: 36 Months Extended</div>,21848.62,EUR,24 V DC,0.75 kW,50 Hz,N/A,107.8 LBS,753 x 765 x 349 mm,Polycarbonate / Aluminum,,36 Months Extended,Mitsubishi Electric,Germany,Nordic Machinery Hub,Vendor Portal Upload,https://docs.productiq-assets.com/specs/mitsubishi_electric/mit-ctl-7216.pdf,https://www.industrial-supply-direct.com/item/mit-ctl-7216
PID-10583,Pepperl+Fuchs Emergency Stop Rope Pull PEP-SFT-4194,Pepperl+Fuchs,Safety Equipment,Emergency Stop Rope Pull,PEP-SFT-4194,<div><p>Industrial Safety Equipment - PEP-SFT-4194</p><span>Manufacturer: Pepperl+Fuchs</span><br>Standard spec with warranty: 1 Year Standard</div>,9858.3,$,110-230 VAC,,50/60 Hz,N/A,368.3 kg.,876 x 548 x 176 mm,Anodized Aluminum,IP67,1 Year Standard,Pepperl+Fuchs,France,Nordic Machinery Hub,Supplier Price File 2024,,invalid-url-item
PID-10584,Schneider Electric Variable Frequency Drive (VFD) SCH-CTL-2417,Schneider Electric,Control Systems,Variable Frequency Drive (VFD),SCH-CTL-2417,"Compact and durable Variable Frequency Drive (VFD) with 150 W rating, rated for 24 V DC networks.",16923.06,€,24 V DC,150 W,50/60 Hz,N/A,,49.8x54.0x52.9 cm,Industrial Thermoplastic,IP20,36 Months Extended,Schneider Electric,France,Continental Drive Systems,OEM Technical Data Sheet,https://docs.productiq-assets.com/specs/schneider_electric/sch-ctl-2417.pdf,https://www.industrial-supply-direct.com/item/sch-ctl-2417
PID-10585,Velan Check Valve VEL-VLV-8522,Velan,Valves,Check Valve,VEL-VLV-8522,"Compact and durable Check Valve with standard power rating, rated for N/A networks.",5683.02,GBP,N/A,,,N/A,37.2 lbs,147 x 708 x 342 mm,Hastelloy C,IP66,2 Years,Velan,Italy,Nordic Machinery Hub,Supplier Price File 2024,https://docs.productiq-assets.com/specs/velan/vel-vlv-8522.pdf,https://www.industrial-supply-direct.com/item/vel-vlv-8522
PID-10586,Velan Pneumatic Ball Valve VEL-VLV-5959,Velan,Valves,Pneumatic Ball Valve,VEL-VLV-5959,<div><p>Industrial Valves - VEL-VLV-5959</p><span>Manufacturer: Velan</span><br>Standard spec with warranty: 36 Months Extended</div>,20527.08,USD,N/A,0.05 kW,60 Hz,N/A,302.8 KG,888 x 716 x 289 mm,Hastelloy C,IP67,36 Months Extended,Velan,China,Global Electro Corp,Field Engineering Audit,,https://www.industrial-supply-direct.com/item/vel-vlv-5959
PID-10587,Rockwell Allen-Bradley Human Machine Interface (HMI) ROC-CTL-5362,Rockwell Allen-Bradley,Control Systems,Human Machine Interface (HMI),ROC-CTL-5362,Heavy-duty industrial grade Human Machine Interface (HMI) engineered by Rockwell Allen-Bradley. Designed for continuous continuous operation in harsh industrial environments with high thermal efficiency and rugged construction.,3454.94,EUR,230 V AC,1.5 kW,0-400 Hz Output,N/A,49.6 LBS,701 x 481 x 597 mm,Industrial Thermoplastic,,24 months,Rockwell Allen-Bradley,China,Global Electro Corp,Supplier Price File 2024,https://docs.productiq-assets.com/specs/rockwell_allen-bradley/roc-ctl-5362.pdf,https://www.industrial-supply-direct.com/item/roc-ctl-5362
PID-10588,Sullair Rotary Screw Compressor SUL-CMP-1295,Sullair,Compressors,Rotary Screw Compressor,SUL-CMP-1295,"Compact and durable Rotary Screw Compressor with 37 kW rating, rated for multi-voltage networks.",15202.11,EUR,,37 kW,50 Hz,1480 RPM,227.6 LBS,L:673 W:105 H:159,Cast Iron Block,IP55,5 Years,Sullair,Sweden,Global Electro Corp,Vendor Portal Upload,https://docs.productiq-assets.com/specs/sullair/sul-cmp-1295.pdf,https://www.industrial-supply-direct.com/item/sul-cmp-1295
PID-10589,KSB Diaphragm Pump KSB-PMP-2187,KSB,Pumps,Diaphragm Pump,KSB-PMP-2187,<div><p>Industrial Pumps - KSB-PMP-2187</p><span>Manufacturer: KSB</span><br>Standard spec with warranty: 1 Year Standard</div>,22187.15,USD,380 V 3-Phase,15 kW,60 Hz,2900 RPM,168.9 kg,1049x211x772mm,Stainless Steel 316,,1 Year Standard,KSB,Germany,Precision Parts Direct,Distributor Catalog EU,https://docs.productiq-assets.com/specs/ksb/ksb-pmp-2187.pdf,https://www.industrial-supply-direct.com/item/ksb-pmp-2187
PID-10590,Schneider Electric Surge Protection Device SCH-ELC-3230,Schneider Electric,Electrical Components,Surge Protection Device,SCH-ELC-3230,"Schneider Electric Surge Protection Device SCH-ELC-3230 offers industry leading performance, low vibration levels, and optimized lifecycle costs. Complies with ISO 9001 and CE directives.",870.08,USD,400 V,100 kVA,50 Hz,N/A,259.4 kg.,770x400x332mm,Silver Alloy Contacts,,,Schneider Electric,China,Nordic Machinery Hub,Vendor Portal Upload,https://docs.productiq-assets.com/specs/schneider_electric/sch-elc-3230.pdf,https://www.industrial-supply-direct.com/item/sch-elc-3230
PID-10591,Schneider Electric Distributed Control System (DCS) Module SCH-CTL-5212,Schneider Electric,Control Systems,Distributed Control System (DCS) Module,SCH-CTL-5212,<div><p>Industrial Control Systems - SCH-CTL-5212</p><span>Manufacturer: Schneider Electric</span><br>Standard spec with warranty: 24 months</div>,18403.68,USD,24VDC / 120VAC,7.5 kW,0-400 Hz Output,N/A,117.9 kg,"36.4"" x 12.9"" x 31.5""",Industrial Thermoplastic,IP65 Bezel,24 months,Schneider Electric,Italy,Nordic Machinery Hub,OEM Technical Data Sheet,https://docs.productiq-assets.com/specs/schneider_electric/sch-ctl-5212.pdf,https://www.industrial-supply-direct.com/item/sch-ctl-5212
PID-10592,Emerson Rosemount Radar Level Sensor EME-SNS-7892,Emerson Rosemount,Sensors,Radar Level Sensor,EME-SNS-7892,<div><p>Industrial Sensors - EME-SNS-7892</p><span>Manufacturer: Emerson Rosemount</span><br>Standard spec with warranty: 1 Year Standard</div>,9785.68,USD,24 V DC,1.5 W,50/60 Hz,N/A,227.8 LBS,46.2x42.5x33.3 cm,Titanium,IP67,1 Year Standard,Emerson Rosemount,China,Apex Industrial Supplies,OEM Technical Data Sheet,https://docs.productiq-assets.com/specs/emerson_rosemount/eme-sns-7892.pdf,https://www.industrial-supply-direct.com/item/eme-sns-7892
PID-10593,Eaton Air Circuit Breaker (ACB) EAT-ELC-7446,Eaton,Electrical Components,,EAT-ELC-7446,"Eaton Air Circuit Breaker (ACB) EAT-ELC-7446 offers industry leading performance, low vibration levels, and optimized lifecycle costs. Complies with ISO 9001 and CE directives.",14909.3,GBP,11 kV,250 kVA,50/60 Hz,N/A,147.7 kg,733 x 128 x 782 mm,Thermoset Resin,IP20,2 Years,Eaton,United States,Apex Industrial Supplies,Distributor Catalog EU,https://docs.productiq-assets.com/specs/eaton/eat-elc-7446.pdf,https://www.industrial-supply-direct.com/item/eat-elc-7446
PID-10594,Wilo Centrifugal Pump WIL-PMP-3331,Wilo,Pumps,Centrifugal Pump,WIL-PMP-3331,<div><p>Industrial Pumps - WIL-PMP-3331</p><span>Manufacturer: Wilo</span><br>Standard spec with warranty: 5 Years</div>,16924.98,$,415V,11 kW,60 Hz,3500 rpm,368.4 kg.,270 x 798 x 281 mm,Stainless Steel 316,ip68,5 Years,Wilo,Sweden,Nordic Machinery Hub,OEM Technical Data Sheet,https://docs.productiq-assets.com/specs/wilo/wil-pmp-3331.pdf,https://www.industrial-supply-direct.com/item/wil-pmp-3331
PID-10595,Atlas Copco Rotary Screw Compressor ATL-CMP-3587,Atlas Copco,Compressors,Rotary Screw Compressor,ATL-CMP-3587,"Atlas Copco Rotary Screw Compressor ATL-CMP-3587 offers industry leading performance, low vibration levels, and optimized lifecycle costs. Complies with ISO 9001 and CE directives.",1972.85,€,400 V,100 HP,50 Hz,3000 rpm,286.1 LBS,"39.3"" x 15.3"" x 5.7""",Acoustic Enclosure,IP54,12 Months,Atlas Copco,Switzerland,Global Electro Corp,Supplier Price File 2024,https://docs.productiq-assets.com/specs/atlas_copco/atl-cmp-3587.pdf,invalid-url-item
PID-10596,Gardner Denver Vane Compressor GAR-CMP-6999,Gardner Denver,Compressors,Vane Compressor,GAR-CMP-6999,Heavy-duty industrial grade Vane Compressor engineered by Gardner Denver. Designed for continuous continuous operation in harsh industrial environments with high thermal efficiency and rugged construction.,16022.6,USD,400V 50Hz,37 kW,50 Hz,2950 RPM,55.5 kg.,,Cast Iron Block,IP54,36 Months Extended,Gardner Denver,Japan,Apex Industrial Supplies,Field Engineering Audit,https://docs.productiq-assets.com/specs/gardner_denver/gar-cmp-6999.pdf,https://www.industrial-supply-direct.com/item/gar-cmp-6999
PID-10597,KSB Positive Displacement Pump KSB-PMP-3855,KSB,Pumps,Positive Displacement Pump,KSB-PMP-3855,<div><p>Industrial Pumps - KSB-PMP-3855</p><span>Manufacturer: KSB</span><br>Standard spec with warranty: 1 Year Standard</div>,8362.18,USD,415V,3.7 kW,50 Hz,1450 RPM,8.3 kg,,Bronze,IP 68,1 Year Standard,KSB,United Kingdom,Nordic Machinery Hub,Field Engineering Audit,,https://www.industrial-supply-direct.com/item/ksb-pmp-3855
PID-10598,IFM Electronic RTD Temp Sensor IFM-SNS-5375,IFM Electronic,Sensors,RTD Temp Sensor,IFM-SNS-5375,"*** IFM ELECTRONIC SPECIAL PROMO *** Model IFM-SNS-5375. High reliability, certified quality. Suitable for power, water, oil&gas applications. Order now.",15921.81,$,,5 W,N/A,N/A,149.3 KG,"32.0"" x 4.4"" x 6.9""",PVDF,IP69K,24 months,IFM Electronic,Sweden,Nordic Machinery Hub,ERP Master Data,https://docs.productiq-assets.com/specs/ifm_electronic/ifm-sns-5375.pdf,https://www.industrial-supply-direct.com/item/ifm-sns-5375
PID-10599,NSK Pillow Block Bearing NSK-BRG-2001,NSK,Bearings,,NSK-BRG-2001,"NSK Pillow Block Bearing NSK-BRG-2001 offers industry leading performance, low vibration levels, and optimized lifecycle costs. Complies with ISO 9001 and CE directives.",5318.44,EUR,N/A,,N/A,3200 RPM,,947x622x359mm,High Carbon Chrome Steel 100Cr6,,12 Months,NSK,France,Nordic Machinery Hub,Distributor Catalog EU,https://docs.productiq-assets.com/specs/nsk/nsk-brg-2001.pdf,https://www.industrial-supply-direct.com/item/nsk-brg-2001
PID-10600,WEG Explosion-Proof Motor WEG-MTR-8479,WEG,Industrial Motors,Explosion-Proof Motor,WEG-MTR-8479,"WEG Explosion-Proof Motor WEG-MTR-8479 offers industry leading performance, low vibration levels, and optimized lifecycle costs. Complies with ISO 9001 and CE directives.",7816.18,EUR,460 V AC,22 kW,50hz,1500 rpm,190.0 kilograms,L:117 W:244 H:568,Aluminum,IP56,2 Years,WEG,Japan,Nordic Machinery Hub,Distributor Catalog EU,https://docs.productiq-assets.com/specs/weg/weg-mtr-8479.pdf,https://www.industrial-supply-direct.com/item/weg-mtr-8479
PID-10601,Emerson Fisher High-Pressure Gate Valve EME-VLV-2876,Emerson Fisher,Valves,High-Pressure Gate Valve,EME-VLV-2876,Heavy-duty industrial grade High-Pressure Gate Valve engineered by Emerson Fisher. Designed for continuous continuous operation in harsh industrial environments with high thermal efficiency and rugged construction.,8317.79,EUR,,0.05 kW,50 Hz,N/A,32.7 LBS,116.9x68.6x60.0 cm,CF8M Stainless,,36 Months Extended,Emerson Fisher,France,Apex Industrial Supplies,Distributor Catalog EU,https://docs.productiq-assets.com/specs/emerson_fisher/eme-vlv-2876.pdf,https://www.industrial-supply-direct.com/item/eme-vlv-2876
PID-10602,Kaeser Vane Compressor KAE-CMP-2336,Kaeser,Compressors,Vane Compressor,KAE-CMP-2336,"*** KAESER SPECIAL PROMO *** Model KAE-CMP-2336. High reliability, certified quality. Suitable for power, water, oil&gas applications. Order now.",18012.27,EUR,400 volts,,60 Hz,2950 RPM,216.7 kilograms,L:542 W:168 H:660,Acoustic Enclosure,IP65,2 Years,Kaeser,Finland,Nordic Machinery Hub,Vendor Portal Upload,https://docs.productiq-assets.com/specs/kaeser/kae-cmp-2336.pdf,https://www.industrial-supply-direct.com/item/kae-cmp-2336
PID-10603,SKF Deep Groove Ball Bearing SKF-BRG-9419,SKF,Bearings,Deep Groove Ball Bearing,SKF-BRG-9419,REDUNDANT RECORD: SKF SKF-BRG-9419 Bearings Deep Groove Ball Bearing. Contact supplier Precision Parts Direct for spec sheet.,17360.78,EUR,N/A,N/A,N/A,6000 RPM,299.0 KG,28.1x38.4x38.5 cm,High Carbon Chrome Steel 100Cr6,N/A,5 Years,SKF,Sweden,Precision Parts Direct,OEM Technical Data Sheet,https://docs.productiq-assets.com/specs/skf/skf-brg-9419.pdf,invalid-url-item
PID-10604,Boge Vane Compressor BOG-CMP-4215,Boge,Compressors,Vane Compressor,BOG-CMP-4215,"Boge Vane Compressor BOG-CMP-4215 offers industry leading performance, low vibration levels, and optimized lifecycle costs. Complies with ISO 9001 and CE directives.",17679.73,EUR,,37 kW,50 Hz,2950 RPM,198.9 kg.,360x205x349mm,Acoustic Enclosure,IP54,12 Months,Boge,China,Apex Industrial Supplies,OEM Technical Data Sheet,https://docs.productiq-assets.com/specs/boge/bog-cmp-4215.pdf,invalid-url-item
PID-10605,Timken Spherical Roller Bearing TIM-BRG-1047,Timken,Bearings,Spherical Roller Bearing,TIM-BRG-1047,REDUNDANT RECORD: Timken TIM-BRG-1047 Bearings Spherical Roller Bearing. Contact supplier Precision Parts Direct for spec sheet.,17190.14,USD,,N/A,N/A,8500 rpm,294.2 LBS,L:251 W:580 H:405,Stainless Steel 440C,Open,12 Months,Timken,Finland,Precision Parts Direct,OEM Technical Data Sheet,https://docs.productiq-assets.com/specs/timken/tim-brg-1047.pdf,https://www.industrial-supply-direct.com/item/tim-brg-1047
PID-10606,WEG Synchronous Motor WEG-MTR-9867,WEG,Industrial Motors,Synchronous Motor,WEG-MTR-9867,Heavy-duty industrial grade Synchronous Motor engineered by WEG. Designed for continuous continuous operation in harsh industrial environments with high thermal efficiency and rugged construction.,14914.42,USD,400V,20 HP,50/60 Hz,1500 rpm,398.4 kilograms,905 x 571 x 871 mm,Cast Iron,IP65,1 Year Standard,WEG,France,Global Electro Corp,OEM Technical Data Sheet,https://docs.productiq-assets.com/specs/weg/weg-mtr-9867.pdf,https://www.industrial-supply-direct.com/item/weg-mtr-9867
PID-10607,Kaeser Rotary Screw Compressor KAE-CMP-5967,Kaeser,Compressors,Rotary Screw Compressor,KAE-CMP-5967,<div><p>Industrial Compressors - KAE-CMP-5967</p><span>Manufacturer: Kaeser</span><br>Standard spec with warranty: 2 Years</div>,7271.53,USD,460 V 60Hz,22 kW,50 Hz,3000 rpm,137.8 LBS,"40.5"" x 11.6"" x 9.1""",Cast Iron Block,IP55,2 Years,Kaeser,United States,Apex Industrial Supplies,Supplier Price File 2024,https://docs.productiq-assets.com/specs/kaeser/kae-cmp-5967.pdf,https://www.industrial-supply-direct.com/item/kae-cmp-5967
PID-10608,Omron Distributed Control System (DCS) Module OMR-CTL-6628,Omron,Control Systems,,OMR-CTL-6628,REDUNDANT RECORD: Omron OMR-CTL-6628 Control Systems . Contact supplier Precision Parts Direct for spec sheet.,16716.12,USD,24vdc,150 W,0-400 Hz Output,N/A,427.8 LBS,93.4x25.1x75.4 cm,Metal Alloy,IP20,,Omron,United States,Precision Parts Direct,Field Engineering Audit,https://docs.productiq-assets.com/specs/omron/omr-ctl-6628.pdf,https://www.industrial-supply-direct.com/item/omr-ctl-6628
PID-10609,Yokogawa RTD Temp Sensor YOK-SNS-6551,Yokogawa,Sensors,RTD Temp Sensor,YOK-SNS-6551,"Yokogawa RTD Temp Sensor YOK-SNS-6551 offers industry leading performance, low vibration levels, and optimized lifecycle costs. Complies with ISO 9001 and CE directives.",17307.76,USD,12-30 VDC,5 W,50/60 Hz,N/A,364.5 KG,849 x 784 x 641 mm,PVDF,IP68,24 months,Yokogawa,Japan,TechFlow Solutions,Field Engineering Audit,https://docs.productiq-assets.com/specs/yokogawa/yok-sns-6551.pdf,https://www.industrial-supply-direct.com/item/yok-sns-6551
PID-10610,Huawei Digital Power Solar Inverter Grid-Tied HUA-PWR-9181,Huawei Digital Power,Power Equipment,Solar Inverter Grid-Tied,HUA-PWR-9181,Heavy-duty industrial grade Solar Inverter Grid-Tied engineered by Huawei Digital Power. Designed for continuous continuous operation in harsh industrial environments with high thermal efficiency and rugged construction.,9683.92,$,230 V Single Phase,1000 kVA,50/60 Hz,N/A,255.0 kilograms,891 x 708 x 895 mm,Marine Grade Aluminum,IP65 Enclosure,1 Year Standard,Huawei Digital Power,Japan,Global Electro Corp,OEM Technical Data Sheet,https://docs.productiq-assets.com/specs/huawei_digital_power/hua-pwr-9181.pdf,https://www.industrial-supply-direct.com/item/hua-pwr-9181
PID-10611,Nidec Three-Phase Induction Motor NID-MTR-6440,Nidec,Industrial Motors,Three-Phase Induction Motor,NID-MTR-6440,Heavy-duty industrial grade Three-Phase Induction Motor engineered by Nidec. Designed for continuous continuous operation in harsh industrial environments with high thermal efficiency and rugged construction.,12234.91,GBP,0.4 kV,45 kW,60 Hz,1500 rpm,415.4 kg,L:665 W:239 H:345,Aluminum,IP 55,12 Months,Nidec,Sweden,Nordic Machinery Hub,ERP Master Data,https://docs.productiq-assets.com/specs/nidec/nid-mtr-6440.pdf,https://www.industrial-supply-direct.com/item/nid-mtr-6440
PID-10612,Koyo Pillow Block Bearing KOY-BRG-4201,Koyo,Bearings,Pillow Block Bearing,KOY-BRG-4201,"*** KOYO SPECIAL PROMO *** Model KOY-BRG-4201. High reliability, certified quality. Suitable for power, water, oil&gas applications. Order now.",22588.03,USD,N/A,N/A,N/A,3200 RPM,432.6 g,161 x 646 x 761 mm,Stainless Steel 440C,ZZ Shielded,1 Year Standard,Koyo,Italy,Global Electro Corp,Vendor Portal Upload,https://docs.productiq-assets.com/specs/koyo/koy-brg-4201.pdf,invalid-url-item
PID-10613,Banner Engineering Safety Light Curtain BAN-SFT-5601,Banner Engineering,Safety Equipment,Safety Light Curtain,BAN-SFT-5601,"*** BANNER ENGINEERING SPECIAL PROMO *** Model BAN-SFT-5601. High reliability, certified quality. Suitable for power, water, oil&gas applications. Order now.",5085.99,,24VDC,15 W,50/60 Hz,N/A,225.0 g,151x641x520mm,Flameproof Aluminum,IP66,2 Years,Banner Engineering,United Kingdom,Nordic Machinery Hub,Supplier Price File 2024,https://docs.productiq-assets.com/specs/banner_engineering/ban-sft-5601.pdf,https://www.industrial-supply-direct.com/item/ban-sft-5601
PID-10614,Sullair Reciprocating Air Compressor SUL-CMP-4194,Sullair,Compressors,Reciprocating Air Compressor,SUL-CMP-4194,"*** SULLAIR SPECIAL PROMO *** Model SUL-CMP-4194. High reliability, certified quality. Suitable for power, water, oil&gas applications. Order now.",2750.93,$,400 V,75KW,50 Hz,1480 RPM,148.2 LBS,"7.6"" x 5.4"" x 4.9""",Acoustic Enclosure,IP54,,Sullair,Sweden,Precision Parts Direct,Field Engineering Audit,,https://www.industrial-supply-direct.com/item/sul-cmp-4194
PID-10615,Chint Molded Case Circuit Breaker (MCCB) CHI-ELC-2964,Chint,Electrical Components,Molded Case Circuit Breaker (MCCB),CHI-ELC-2964,"Compact and durable Molded Case Circuit Breaker (MCCB) with 630 A Rating rating, rated for 400 V networks.",14534.81,EUR,400 V,630 A Rating,50 Hz,N/A,171.7 kg.,415 x 630 x 894 mm,Thermoset Resin,IP54,36 Months Extended,Chint,Sweden,Continental Drive Systems,Field Engineering Audit,https://docs.productiq-assets.com/specs/chint/chi-elc-2964.pdf,https://www.industrial-supply-direct.com/item/chi-elc-2964
PID-10616,Emerson Rosemount Radar Level Sensor EME-SNS-7119,Emerson Rosemount,Sensors,Radar Level Sensor,EME-SNS-7119,"*** EMERSON ROSEMOUNT SPECIAL PROMO *** Model EME-SNS-7119. High reliability, certified quality. Suitable for power, water, oil&gas applications. Order now.",19868.61,USD,24V DC,1.5 W,N/A,N/A,,844x585x807mm,Hastelloy,IP68,,Emerson Rosemount,Switzerland,Global Electro Corp,ERP Master Data,https://docs.productiq-assets.com/specs/emerson_rosemount/eme-sns-7119.pdf,https://www.industrial-supply-direct.com/item/eme-sns-7119
PID-10617,Atlas Copco Oil-Free Scroll Compressor ATL-CMP-7506,Atlas Copco,Compressors,Oil-Free Scroll Compressor,ATL-CMP-7506,"*** ATLAS COPCO SPECIAL PROMO *** Model ATL-CMP-7506. High reliability, certified quality. Suitable for power, water, oil&gas applications. Order now.",13267.6,EUR,400 V,55 kW,60 Hz,2950 RPM,,L:355 W:259 H:505,Heavy Gauge Steel Housing,IP65,2 Years,Atlas Copco,China,Precision Parts Direct,Vendor Portal Upload,https://docs.productiq-assets.com/specs/atlas_copco/atl-cmp-7506.pdf,https://www.industrial-supply-direct.com/item/atl-cmp-7506
PID-10618,Chint Industrial Transformer CHI-ELC-5294,Chint,Electrical Components,Industrial Transformer,CHI-ELC-5294,REDUNDANT RECORD: Chint CHI-ELC-5294 Electrical Components Industrial Transformer. Contact supplier TechFlow Solutions for spec sheet.,18723.17,EUR,1000 V,1600 A Rating,50/60 Hz,N/A,65.9 KG,L:1141 W:117 H:749,Thermoset Resin,IP20,24 months,Chint,Sweden,TechFlow Solutions,ERP Master Data,https://docs.productiq-assets.com/specs/chint/chi-elc-5294.pdf,https://www.industrial-supply-direct.com/item/chi-elc-5294
PID-10619,Cummins Online Double-Conversion UPS CUM-PWR-3926,Cummins,Power Equipment,Online Double-Conversion UPS,CUM-PWR-3926,"Cummins Online Double-Conversion UPS CUM-PWR-3926 offers industry leading performance, low vibration levels, and optimized lifecycle costs. Complies with ISO 9001 and CE directives.",9771.23,GBP,,1200 kW,60 Hz,1500 RPM,359.9 kg,"13.1"" x 25.4"" x 6.1""",Galvanized Steel Weatherproof,IP65 Enclosure,24 months,Cummins,Switzerland,Apex Industrial Supplies,Distributor Catalog EU,https://docs.productiq-assets.com/specs/cummins/cum-pwr-3926.pdf,https://www.industrial-supply-direct.com/item/cum-pwr-3926
PID-10620,Euchner Safety Light Curtain EUC-SFT-6307,Euchner,Safety Equipment,Safety Light Curtain,EUC-SFT-6307,"Compact and durable Safety Light Curtain with 10 W rating, rated for multi-voltage networks.",21332.97,€,,10 W,DC,N/A,296.4 lbs,66.6x58.7x14.6 cm,Anodized Aluminum,IP66,36 Months Extended,Euchner,Sweden,Precision Parts Direct,Distributor Catalog EU,,https://www.industrial-supply-direct.com/item/euc-sft-6307
PID-10621,SKF Deep Groove Ball Bearing SKF-BRG-6606,SKF,Bearings,Deep Groove Ball Bearing,SKF-BRG-6606,"*** SKF SPECIAL PROMO *** Model SKF-BRG-6606. High reliability, certified quality. Suitable for power, water, oil&gas applications. Order now.",6580.77,,,,N/A,8500 rpm,63.8 kg.,,Ceramic Hybrid,2RS Sealed,,SKF,United Kingdom,Apex Industrial Supplies,Field Engineering Audit,https://docs.productiq-assets.com/specs/skf/skf-brg-6606.pdf,https://www.industrial-supply-direct.com/item/skf-brg-6606
PID-10622,SKF Spherical Roller Bearing SKF-BRG-4991,SKF,Bearings,Spherical Roller Bearing,SKF-BRG-4991,REDUNDANT RECORD: SKF SKF-BRG-4991 Bearings Spherical Roller Bearing. Contact supplier Continental Drive Systems for spec sheet.,11151.84,GBP,,,N/A,8500 rpm,271.9 kilograms,996 x 767 x 498 mm,Ceramic Hybrid,N/A,1 Year Standard,SKF,Finland,Continental Drive Systems,ERP Master Data,https://docs.productiq-assets.com/specs/skf/skf-brg-4991.pdf,https://www.industrial-supply-direct.com/item/skf-brg-4991
PID-10623,Schneider Electric Distributed Control System (DCS) Module SCH-CTL-4407,Schneider Electric,Control Systems,Distributed Control System (DCS) Module,SCH-CTL-4407,Heavy-duty industrial grade Distributed Control System (DCS) Module engineered by Schneider Electric. Designed for continuous continuous operation in harsh industrial environments with high thermal efficiency and rugged construction.,21611.11,EUR,24vdc,150 W,50 Hz,N/A,354.1 g,,Polycarbonate / Aluminum,IP65 Bezel,12 Months,Schneider Electric,United States,TechFlow Solutions,Vendor Portal Upload,https://docs.productiq-assets.com/specs/schneider_electric/sch-ctl-4407.pdf,https://www.industrial-supply-direct.com/item/sch-ctl-4407
PID-10624,Schneider Electric Variable Frequency Drive (VFD) SCH-CTL-8472,Schneider Electric,Control Systems,Variable Frequency Drive (VFD),SCH-CTL-8472,<div><p>Industrial Control Systems - SCH-CTL-8472</p><span>Manufacturer: Schneider Electric</span><br>Standard spec with warranty: 24 months</div>,11562.72,€,400 V 3PH,22 kW,50 Hz,N/A,135.7 lbs,"28.9"" x 7.5"" x 20.8""",Polycarbonate / Aluminum,IP20,24 months,Schneider Electric,Germany,TechFlow Solutions,Supplier Price File 2024,,https://www.industrial-supply-direct.com/item/sch-ctl-8472
PID-10625,Kaeser Reciprocating Air Compressor KAE-CMP-8704,Kaeser,Compressors,Reciprocating Air Compressor,KAE-CMP-8704,<div><p>Industrial Compressors - KAE-CMP-8704</p><span>Manufacturer: Kaeser</span><br>Standard spec with warranty: 5 Years</div>,14167.67,EUR,400 V,110 kW,60 Hz,3000 rpm,257.3 lbs,"20.5"" x 5.9"" x 31.9""",Cast Iron Block,IP65,5 Years,Kaeser,Sweden,TechFlow Solutions,Distributor Catalog EU,https://docs.productiq-assets.com/specs/kaeser/kae-cmp-8704.pdf,https://www.industrial-supply-direct.com/item/kae-cmp-8704
PID-10626,Siemens Molded Case Circuit Breaker (MCCB) SIE-ELC-7988,Siemens,Electrical Components,Molded Case Circuit Breaker (MCCB),SIE-ELC-7988,REDUNDANT RECORD: Siemens SIE-ELC-7988 Electrical Components Molded Case Circuit Breaker (MCCB). Contact supplier Continental Drive Systems for spec sheet.,23699.82,$,690 V,250 kVA,50/60 Hz,N/A,393.9 kg.,72.9x36.3x17.4 cm,Silver Alloy Contacts,IP20,36 Months Extended,Siemens,France,Continental Drive Systems,Distributor Catalog EU,https://docs.productiq-assets.com/specs/siemens/sie-elc-7988.pdf,https://www.industrial-supply-direct.com/item/sie-elc-7988
PID-10627,Honeywell Electromagnetic Flowmeter HON-SNS-5518,Honeywell,Sensors,Electromagnetic Flowmeter,HON-SNS-5518,Heavy-duty industrial grade Electromagnetic Flowmeter engineered by Honeywell. Designed for continuous continuous operation in harsh industrial environments with high thermal efficiency and rugged construction.,6902.9,USD,LOOP POWERED,1.5 W,N/A,N/A,149.4 lbs,L:1076 W:323 H:689,PVDF,,5 Years,Honeywell,Finland,TechFlow Solutions,Vendor Portal Upload,https://docs.productiq-assets.com/specs/honeywell/hon-sns-5518.pdf,https://www.industrial-supply-direct.com/item/hon-sns-5518
PID-10628,Nidec Servo Motor NID-MTR-3114,Nidec,Industrial Motors,Servo Motor,NID-MTR-3114,<div><p>Industrial Industrial Motors - NID-MTR-3114</p><span>Manufacturer: Nidec</span><br>Standard spec with warranty: 24 months</div>,2838.66,$,400 volts,15 kW,50/60 Hz,1450 RPM,214.0 LBS,,Stainless Steel,,24 months,Nidec,Finland,Nordic Machinery Hub,ERP Master Data,https://docs.productiq-assets.com/specs/nidec/nid-mtr-3114.pdf,invalid-url-item
PID-10629,Cummins Automatic Transfer Switch CUM-PWR-1894,Cummins,Power Equipment,Automatic Transfer Switch,CUM-PWR-1894,REDUNDANT RECORD: Cummins CUM-PWR-1894 Power Equipment Automatic Transfer Switch. Contact supplier Continental Drive Systems for spec sheet.,3467.42,EUR,400 V 3-Phase,1500 kVA,50/60 Hz,1800 rpm,268.7 KG,790 x 743 x 793 mm,Galvanized Steel Weatherproof,IP23,36 Months Extended,Cummins,United States,Continental Drive Systems,Supplier Price File 2024,https://docs.productiq-assets.com/specs/cummins/cum-pwr-1894.pdf,invalid-url-item
PID-10630,Boge Centrifugal Turbo Compressor BOG-CMP-4099,Boge,Compressors,Centrifugal Turbo Compressor,BOG-CMP-4099,"Compact and durable Centrifugal Turbo Compressor with standard power rating, rated for 460 V 60Hz networks.",9568.46,€,460 V 60Hz,,50 Hz,2950 RPM,73.0 g,16.8x35.4x29.9 cm,Heavy Gauge Steel Housing,IP54,2 Years,Boge,France,Global Electro Corp,ERP Master Data,https://docs.productiq-assets.com/specs/boge/bog-cmp-4099.pdf,https://www.industrial-supply-direct.com/item/bog-cmp-4099
PID-10631,Chint Surge Protection Device CHI-ELC-7810,Chint,Electrical Components,Surge Protection Device,CHI-ELC-7810,<div><p>Industrial Electrical Components - CHI-ELC-7810</p><span>Manufacturer: Chint</span><br>Standard spec with warranty: 1 Year Standard</div>,16661.6,GBP,415 VAC,1600 A Rating,60 Hz,N/A,128.1 kilograms,"8.0"" x 10.1"" x 30.3""",DMC Polyester Glass,IP40,1 Year Standard,Chint,United States,Nordic Machinery Hub,ERP Master Data,https://docs.productiq-assets.com/specs/chint/chi-elc-7810.pdf,invalid-url-item
PID-10632,Emerson Rosemount Pressure Transmitter EME-SNS-3542,Emerson Rosemount,Sensors,Pressure Transmitter,EME-SNS-3542,Heavy-duty industrial grade Pressure Transmitter engineered by Emerson Rosemount. Designed for continuous continuous operation in harsh industrial environments with high thermal efficiency and rugged construction.,19072.06,EUR,4-20mA 24V,5 W,50/60 Hz,N/A,392.8 kilograms,L:511 W:236 H:632,Hastelloy,IP68,,Emerson Rosemount,Germany,Global Electro Corp,OEM Technical Data Sheet,https://docs.productiq-assets.com/specs/emerson_rosemount/eme-sns-3542.pdf,https://www.industrial-supply-direct.com/item/eme-sns-3542
PID-10633,KSB Submersible Slurry Pump KSB-PMP-1163,KSB,Pumps,Submersible Slurry Pump,KSB-PMP-1163,<div><p>Industrial Pumps - KSB-PMP-1163</p><span>Manufacturer: KSB</span><br>Standard spec with warranty: 2 Years</div>,5333.38,USD,230 V,7.5 kW,60 Hz,1450 RPM,198.3 lbs,107.9x72.4x72.4 cm,Duplex Steel,,2 Years,KSB,Germany,Global Electro Corp,Field Engineering Audit,https://docs.productiq-assets.com/specs/ksb/ksb-pmp-1163.pdf,https://www.industrial-supply-direct.com/item/ksb-pmp-1163
PID-10634,KSB Submersible Slurry Pump KSB-PMP-5232,KSB,Pumps,Submersible Slurry Pump,KSB-PMP-5232,"KSB Submersible Slurry Pump KSB-PMP-5232 offers industry leading performance, low vibration levels, and optimized lifecycle costs. Complies with ISO 9001 and CE directives.",4165.55,GBP,400v,15 HP,50 Hz,2900 RPM,,1030x266x267mm,Cast Iron GG25,,24 months,KSB,Italy,Apex Industrial Supplies,Distributor Catalog EU,https://docs.productiq-assets.com/specs/ksb/ksb-pmp-5232.pdf,https://www.industrial-supply-direct.com/item/ksb-pmp-5232
PID-10635,Koyo Pillow Block Bearing KOY-BRG-8578,Koyo,Bearings,Pillow Block Bearing,KOY-BRG-8578,"*** KOYO SPECIAL PROMO *** Model KOY-BRG-8578. High reliability, certified quality. Suitable for power, water, oil&gas applications. Order now.",15443.05,$,,N/A,N/A,3200 RPM,288.8 KG,1002x257x793mm,Stainless Steel 440C,ZZ Shielded,24 months,Koyo,United States,Global Electro Corp,Vendor Portal Upload,https://docs.productiq-assets.com/specs/koyo/koy-brg-8578.pdf,invalid-url-item
PID-10636,Huawei Digital Power Solar Inverter Grid-Tied HUA-PWR-7312,Huawei Digital Power,Power Equipment,Solar Inverter Grid-Tied,HUA-PWR-7312,REDUNDANT RECORD: Huawei Digital Power HUA-PWR-7312 Power Equipment Solar Inverter Grid-Tied. Contact supplier Precision Parts Direct for spec sheet.,6822.99,EUR,400/230V 50Hz,100 kW,60 Hz,N/A,40.3 kg,103.7x62.5x14.2 cm,Galvanized Steel Weatherproof,IP54 Outdoor,5 Years,Huawei Digital Power,France,Precision Parts Direct,Vendor Portal Upload,,https://www.industrial-supply-direct.com/item/hua-pwr-7312
PID-10637,Sulzer Centrifugal Pump SUL-PMP-8941,Sulzer,Pumps,Centrifugal Pump,SUL-PMP-8941,"*** SULZER SPECIAL PROMO *** Model SUL-PMP-8941. High reliability, certified quality. Suitable for power, water, oil&gas applications. Order now.",947.22,EUR,24 V DC,11 kW,50/60 Hz,2900 RPM,398.9 kilograms,"12.1"" x 10.9"" x 11.0""",Cast Iron GG25,IP 68,1 Year Standard,Sulzer,Japan,Global Electro Corp,Field Engineering Audit,https://docs.productiq-assets.com/specs/sulzer/sul-pmp-8941.pdf,https://www.industrial-supply-direct.com/item/sul-pmp-8941
PID-10638,WEG Explosion-Proof Motor WEG-MTR-3451,WEG,Industrial Motors,Explosion-Proof Motor,WEG-MTR-3451,REDUNDANT RECORD: WEG WEG-MTR-3451 Industrial Motors Explosion-Proof Motor. Contact supplier Nordic Machinery Hub for spec sheet.,9069.4,EUR,400V,15000 W,50/60 Hz,1750 RPM,244.0 KG,693 x 401 x 409 mm,Stainless Steel,ip55,24 months,WEG,China,Nordic Machinery Hub,Vendor Portal Upload,https://docs.productiq-assets.com/specs/weg/weg-mtr-3451.pdf,https://www.industrial-supply-direct.com/item/weg-mtr-3451
PID-10639,WEG Servo Motor WEG-MTR-1340,WEG,Industrial Motors,Servo Motor,WEG-MTR-1340,"WEG Servo Motor WEG-MTR-1340 offers industry leading performance, low vibration levels, and optimized lifecycle costs. Complies with ISO 9001 and CE directives.",20656.24,EUR,400 V,15000 W,50hz,1750 RPM,406.9 lbs,"20.8"" x 10.4"" x 28.0""",Stainless Steel,,2 Years,WEG,Sweden,Nordic Machinery Hub,ERP Master Data,https://docs.productiq-assets.com/specs/weg/weg-mtr-1340.pdf,https://www.industrial-supply-direct.com/item/weg-mtr-1340
PID-10640,Bray Check Valve BRA-VLV-3516,Bray,Valves,Check Valve,BRA-VLV-3516,"*** BRAY SPECIAL PROMO *** Model BRA-VLV-3516. High reliability, certified quality. Suitable for power, water, oil&gas applications. Order now.",2011.43,USD,110 VAC,,,,130.4 kg,94.0x32.3x14.3 cm,CF8M Stainless,,24 months,Bray,Finland,Nordic Machinery Hub,Field Engineering Audit,https://docs.productiq-assets.com/specs/bray/bra-vlv-3516.pdf,https://www.industrial-supply-direct.com/item/bra-vlv-3516
PID-10641,Kitz High-Pressure Gate Valve KIT-VLV-3823,Kitz,Valves,,KIT-VLV-3823,Heavy-duty industrial grade Valves engineered by Kitz. Designed for continuous continuous operation in harsh industrial environments with high thermal efficiency and rugged construction.,7179.6,EUR,None,15 W,50 Hz,N/A,94.1 kg,182x144x379mm,Hastelloy C,,5 Years,Kitz,United States,Precision Parts Direct,OEM Technical Data Sheet,https://docs.productiq-assets.com/specs/kitz/kit-vlv-3823.pdf,https://www.industrial-supply-direct.com/item/kit-vlv-3823
PID-10642,Emerson Fisher Butterfly Valve EME-VLV-5850,Emerson Fisher,Valves,Butterfly Valve,EME-VLV-5850,Heavy-duty industrial grade Butterfly Valve engineered by Emerson Fisher. Designed for continuous continuous operation in harsh industrial environments with high thermal efficiency and rugged construction.,21888.22,,None,15 W,N/A,,344.2 kg,,WCB Carbon Steel,,24 months,Emerson Fisher,Sweden,Precision Parts Direct,ERP Master Data,,https://www.industrial-supply-direct.com/item/eme-vlv-5850
PID-10643,SMA Solar Battery Energy Storage Unit SMA-PWR-8245,SMA Solar,Power Equipment,Battery Energy Storage Unit,SMA-PWR-8245,Heavy-duty industrial grade Battery Energy Storage Unit engineered by SMA Solar. Designed for continuous continuous operation in harsh industrial environments with high thermal efficiency and rugged construction.,11574.76,USD,400/230V 50Hz,1200 kW,60 Hz,N/A,269.1 g,706x774x284mm,Marine Grade Aluminum,IP65 Enclosure,5 Years,SMA Solar,Sweden,Global Electro Corp,Supplier Price File 2024,https://docs.productiq-assets.com/specs/sma_solar/sma-pwr-8245.pdf,invalid-url-item
PID-10644,Grundfos Positive Displacement Pump GRU-PMP-3672,Grundfos,Pumps,Positive Displacement Pump,GRU-PMP-3672,"Grundfos Positive Displacement Pump GRU-PMP-3672 offers industry leading performance, low vibration levels, and optimized lifecycle costs. Complies with ISO 9001 and CE directives.",12805.33,USD,415V,3.7 kW,50 Hz,1450 RPM,126.8 g,L:429 W:626 H:815,Stainless Steel 316,ip68,12 Months,Grundfos,Switzerland,Nordic Machinery Hub,Distributor Catalog EU,https://docs.productiq-assets.com/specs/grundfos/gru-pmp-3672.pdf,https://www.industrial-supply-direct.com/item/gru-pmp-3672
PID-10645,Kitz Pneumatic Ball Valve KIT-VLV-2022,Kitz,Valves,Pneumatic Ball Valve,KIT-VLV-2022,REDUNDANT RECORD: Kitz KIT-VLV-2022 Valves Pneumatic Ball Valve. Contact supplier Precision Parts Direct for spec sheet.,22475.33,USD,230 V AC,0.05 kW,50 Hz,,404.9 LBS,"32.6"" x 26.2"" x 31.7""",Hastelloy C,IP65,,Kitz,Sweden,Precision Parts Direct,Vendor Portal Upload,https://docs.productiq-assets.com/specs/kitz/kit-vlv-2022.pdf,invalid-url-item
PID-10646,Siemens Surge Protection Device SIE-ELC-8081,Siemens,Electrical Components,Surge Protection Device,SIE-ELC-8081,"Siemens Surge Protection Device SIE-ELC-8081 offers industry leading performance, low vibration levels, and optimized lifecycle costs. Complies with ISO 9001 and CE directives.",18171.59,EUR,11 kV,100 kVA,50 Hz,N/A,98.5 lbs,L:270 W:617 H:444,Silver Alloy Contacts,IP54,,Siemens,Sweden,Nordic Machinery Hub,Supplier Price File 2024,https://docs.productiq-assets.com/specs/siemens/sie-elc-8081.pdf,https://www.industrial-supply-direct.com/item/sie-elc-8081
PID-10647,SKF Deep Groove Ball Bearing SKF-BRG-2218,SKF,Bearings,Deep Groove Ball Bearing,SKF-BRG-2218,Heavy-duty industrial grade Deep Groove Ball Bearing engineered by SKF. Designed for continuous continuous operation in harsh industrial environments with high thermal efficiency and rugged construction.,15960.35,EUR,N/A,N/A,N/A,6000 RPM,208.8 LBS,229 x 641 x 588 mm,Ceramic Hybrid,2RS Sealed,1 Year Standard,SKF,United Kingdom,Nordic Machinery Hub,Supplier Price File 2024,https://docs.productiq-assets.com/specs/skf/skf-brg-2218.pdf,https://www.industrial-supply-direct.com/item/skf-brg-2218
PID-10648,Boge Reciprocating Air Compressor BOG-CMP-1102,Boge,Compressors,Reciprocating Air Compressor,BOG-CMP-1102,"Compact and durable Reciprocating Air Compressor with 55 kW rating, rated for 460 V 60Hz networks.",6000.67,USD,460 V 60Hz,55 kW,50 Hz,1480 RPM,190.0 kilograms,"23.8"" x 25.7"" x 31.9""",Cast Iron Block,IP54,2 Years,Boge,Germany,Precision Parts Direct,Field Engineering Audit,https://docs.productiq-assets.com/specs/boge/bog-cmp-1102.pdf,https://www.industrial-supply-direct.com/item/bog-cmp-1102
PID-10649,Gardner Denver Oil-Free Scroll Compressor GAR-CMP-9746,Gardner Denver,Compressors,Oil-Free Scroll Compressor,GAR-CMP-9746,<div><p>Industrial Compressors - GAR-CMP-9746</p><span>Manufacturer: Gardner Denver</span><br>Standard spec with warranty: 36 Months Extended</div>,14712.26,$,400V 50Hz,100 HP,60 Hz,1480 RPM,102.5 kg.,118x555x855mm,Heavy Gauge Steel Housing,IP54,36 Months Extended,Gardner Denver,Germany,Nordic Machinery Hub,Vendor Portal Upload,https://docs.productiq-assets.com/specs/gardner_denver/gar-cmp-9746.pdf,https://www.industrial-supply-direct.com/item/gar-cmp-9746
PID-10650,Vertiv Liebert Battery Energy Storage Unit VER-PWR-5989,Vertiv Liebert,Power Equipment,Battery Energy Storage Unit,VER-PWR-5989,"Vertiv Liebert Battery Energy Storage Unit VER-PWR-5989 offers industry leading performance, low vibration levels, and optimized lifecycle costs. Complies with ISO 9001 and CE directives.",13814.47,EUR,230 V Single Phase,250 kVA,60 Hz,1800 rpm,279.0 LBS,L:664 W:177 H:621,Marine Grade Aluminum,,,Vertiv Liebert,Japan,Apex Industrial Supplies,Vendor Portal Upload,https://docs.productiq-assets.com/specs/vertiv_liebert/ver-pwr-5989.pdf,https://www.industrial-supply-direct.com/item/ver-pwr-5989
PID-10651,Legrand Vacuum Contactor LEG-ELC-4379,Legrand,Electrical Components,Vacuum Contactor,LEG-ELC-4379,Heavy-duty industrial grade Vacuum Contactor engineered by Legrand. Designed for continuous continuous operation in harsh industrial environments with high thermal efficiency and rugged construction.,13992.17,EUR,415 VAC,630 A Rating,60 Hz,N/A,232.9 lbs,769 x 275 x 221 mm,Thermoset Resin,IP30,2 Years,Legrand,Sweden,Nordic Machinery Hub,Supplier Price File 2024,https://docs.productiq-assets.com/specs/legrand/leg-elc-4379.pdf,https://www.industrial-supply-direct.com/item/leg-elc-4379
PID-10652,Caterpillar Industrial Diesel Generator CAT-PWR-9918,Caterpillar,Power Equipment,Industrial Diesel Generator,CAT-PWR-9918,<div><p>Industrial Power Equipment - CAT-PWR-9918</p><span>Manufacturer: Caterpillar</span><br>Standard spec with warranty: </div>,12870.95,,11 kV,500 kW,60 Hz,1800 rpm,218.4 g,58.5x73.3x70.9 cm,Galvanized Steel Weatherproof,,,Caterpillar,United States,Continental Drive Systems,Field Engineering Audit,https://docs.productiq-assets.com/specs/caterpillar/cat-pwr-9918.pdf,https://www.industrial-supply-direct.com/item/cat-pwr-9918
PID-10653,Siemens Servo Motor SIE-MTR-7071,Siemens,Industrial Motors,Servo Motor,SIE-MTR-7071,<div><p>Industrial Industrial Motors - SIE-MTR-7071</p><span>Manufacturer: Siemens</span><br>Standard spec with warranty: </div>,100.11,USD,400 V,15 kW,50 Hz,1750 RPM,410.2 kg.,298x671x367mm,Ductile Iron,ip55,,Siemens,China,Precision Parts Direct,Supplier Price File 2024,https://docs.productiq-assets.com/specs/siemens/sie-mtr-7071.pdf,https://www.industrial-supply-direct.com/item/sie-mtr-7071
PID-10654,Banner Engineering Safety Light Curtain BAN-SFT-2938,Banner Engineering,Safety Equipment,Safety Light Curtain,BAN-SFT-2938,"*** BANNER ENGINEERING SPECIAL PROMO *** Model BAN-SFT-2938. High reliability, certified quality. Suitable for power, water, oil&gas applications. Order now.",9996.46,$,24VDC,0.02 kW,DC,N/A,427.5 kg.,18.8x50.2x59.5 cm,Flameproof Aluminum,IP67,1 Year Standard,Banner Engineering,France,TechFlow Solutions,Vendor Portal Upload,https://docs.productiq-assets.com/specs/banner_engineering/ban-sft-2938.pdf,invalid-url-item
PID-10655,Samson Pneumatic Ball Valve SAM-VLV-6301,Samson,Valves,Pneumatic Ball Valve,SAM-VLV-6301,<div><p>Industrial Valves - SAM-VLV-6301</p><span>Manufacturer: Samson</span><br>Standard spec with warranty: 24 months</div>,CONTACT SALES,EUR,N/A,N/A,,N/A,297.8 lbs,"24.8"" x 24.0"" x 16.3""",Hastelloy C,NEMA 4X,24 months,Samson,Japan,Precision Parts Direct,Vendor Portal Upload,https://docs.productiq-assets.com/specs/samson/sam-vlv-6301.pdf,https://www.industrial-supply-direct.com/item/sam-vlv-6301
PID-10656,Schneider Electric Distributed Control System (DCS) Module SCH-CTL-2579,Schneider Electric,Control Systems,Distributed Control System (DCS) Module,SCH-CTL-2579,"*** SCHNEIDER ELECTRIC SPECIAL PROMO *** Model SCH-CTL-2579. High reliability, certified quality. Suitable for power, water, oil&gas applications. Order now.",12864.64,USD,230 V AC,22 kW,0-400 Hz Output,N/A,27.7 g,361 x 774 x 289 mm,Polycarbonate / Aluminum,ip20,5 Years,Schneider Electric,Switzerland,Precision Parts Direct,Supplier Price File 2024,https://docs.productiq-assets.com/specs/schneider_electric/sch-ctl-2579.pdf,https://www.industrial-supply-direct.com/item/sch-ctl-2579
PID-10657,Velan Butterfly Valve VEL-VLV-9782,Velan,Valves,Butterfly Valve,VEL-VLV-9782,REDUNDANT RECORD: Velan VEL-VLV-9782 Valves Butterfly Valve. Contact supplier Apex Industrial Supplies for spec sheet.,5977.2,$,None,15 W,60 Hz,,47.9 kg,"30.4"" x 23.6"" x 18.8""",Forged Steel A105,NEMA 4X,12 Months,Velan,Italy,Apex Industrial Supplies,Distributor Catalog EU,https://docs.productiq-assets.com/specs/velan/vel-vlv-9782.pdf,invalid-url-item
PID-10658,NTN Deep Groove Ball Bearing NTN-BRG-5232,NTN,Bearings,Deep Groove Ball Bearing,NTN-BRG-5232,REDUNDANT RECORD: NTN NTN-BRG-5232 Bearings Deep Groove Ball Bearing. Contact supplier TechFlow Solutions for spec sheet.,7433.03,$,,,N/A,6000 RPM,52.7 kilograms,L:343 W:464 H:694,Ceramic Hybrid,ZZ Shielded,1 Year Standard,NTN,Japan,TechFlow Solutions,OEM Technical Data Sheet,https://docs.productiq-assets.com/specs/ntn/ntn-brg-5232.pdf,https://www.industrial-supply-direct.com/item/ntn-brg-5232
PID-10659,Legrand Surge Protection Device LEG-ELC-1496,Legrand,Electrical Components,Surge Protection Device,LEG-ELC-1496,Heavy-duty industrial grade Surge Protection Device engineered by Legrand. Designed for continuous continuous operation in harsh industrial environments with high thermal efficiency and rugged construction.,3069.87,USD,690 V,100 kVA,50 Hz,N/A,232.1 LBS,458x670x169mm,DMC Polyester Glass,IP40,1 Year Standard,Legrand,United Kingdom,Global Electro Corp,Vendor Portal Upload,https://docs.productiq-assets.com/specs/legrand/leg-elc-1496.pdf,https://www.industrial-supply-direct.com/item/leg-elc-1496
PID-10660,Bray Pneumatic Ball Valve BRA-VLV-6135,Bray,Valves,Pneumatic Ball Valve,BRA-VLV-6135,"Compact and durable Pneumatic Ball Valve with 50 W rating, rated for 24 V DC networks.",10731.25,USD,24 V DC,50 W,60 Hz,,388.9 kg.,"42.5"" x 11.5"" x 15.7""",WCB Carbon Steel,NEMA 4X,1 Year Standard,Bray,United Kingdom,Nordic Machinery Hub,Distributor Catalog EU,https://docs.productiq-assets.com/specs/bray/bra-vlv-6135.pdf,https://www.industrial-supply-direct.com/item/bra-vlv-6135
PID-10661,ABB Ability Programmable Logic Controller (PLC) ABB-CTL-6085,ABB Ability,Control Systems,Programmable Logic Controller (PLC),ABB-CTL-6085,Heavy-duty industrial grade Programmable Logic Controller (PLC) engineered by ABB Ability. Designed for continuous continuous operation in harsh industrial environments with high thermal efficiency and rugged construction.,19543.02,USD,230 V AC,1.5 kW,50/60 Hz,N/A,,L:796 W:591 H:333,Metal Alloy,ip20,2 Years,ABB Ability,Italy,Global Electro Corp,Field Engineering Audit,https://docs.productiq-assets.com/specs/abb_ability/abb-ctl-6085.pdf,https://www.industrial-supply-direct.com/item/abb-ctl-6085
PID-10662,Omron Safety Relay OMR-CTL-5759,Omron,Control Systems,Safety Relay,OMR-CTL-5759,"Compact and durable Safety Relay with 7.5 kW rating, rated for 230 V AC networks.",15642.93,USD,230 V AC,7.5 kW,0-400 Hz Output,N/A,410.1 kg.,110.4x43.6x75.0 cm,Metal Alloy,IP20 / NEMA 1,,Omron,Sweden,Continental Drive Systems,Vendor Portal Upload,https://docs.productiq-assets.com/specs/omron/omr-ctl-5759.pdf,https://www.industrial-supply-direct.com/item/omr-ctl-5759
PID-10663,Samson Pneumatic Ball Valve SAM-VLV-8227,Samson,Valves,Pneumatic Ball Valve,SAM-VLV-8227,Heavy-duty industrial grade Pneumatic Ball Valve engineered by Samson. Designed for continuous continuous operation in harsh industrial environments with high thermal efficiency and rugged construction.,CONTACT SALES,$,110 VAC,15 W,N/A,N/A,412.4 kg.,302x372x311mm,WCB Carbon Steel,NEMA 4X,36 Months Extended,Samson,China,Apex Industrial Supplies,Supplier Price File 2024,https://docs.productiq-assets.com/specs/samson/sam-vlv-8227.pdf,https://www.industrial-supply-direct.com/item/sam-vlv-8227
PID-10664,Siemens DC Traction Motor SIE-MTR-9237,Siemens,Industrial Motors,DC Traction Motor,SIE-MTR-9237,"Siemens DC Traction Motor SIE-MTR-9237 offers industry leading performance, low vibration levels, and optimized lifecycle costs. Complies with ISO 9001 and CE directives.",,USD,230/400V,22 kW,50 Hz,1450 RPM,296.4 kilograms,441 x 207 x 555 mm,Ductile Iron,IP66,24 months,Siemens,Sweden,Continental Drive Systems,ERP Master Data,https://docs.productiq-assets.com/specs/siemens/sie-mtr-9237.pdf,https://www.industrial-supply-direct.com/item/sie-mtr-9237
PID-10665,Emerson Rosemount Pressure Transmitter EME-SNS-6129,Emerson Rosemount,Sensors,Pressure Transmitter,EME-SNS-6129,Heavy-duty industrial grade Pressure Transmitter engineered by Emerson Rosemount. Designed for continuous continuous operation in harsh industrial environments with high thermal efficiency and rugged construction.,18041.77,USD,4-20mA 24V,,N/A,N/A,38.2 KG,119.0x22.8x68.7 cm,PVDF,IP67,2 Years,Emerson Rosemount,Italy,TechFlow Solutions,Field Engineering Audit,https://docs.productiq-assets.com/specs/emerson_rosemount/eme-sns-6129.pdf,https://www.industrial-supply-direct.com/item/eme-sns-6129
PID-10666,Caterpillar Automatic Transfer Switch CAT-PWR-6375,Caterpillar,Power Equipment,Automatic Transfer Switch,CAT-PWR-6375,<div><p>Industrial Power Equipment - CAT-PWR-6375</p><span>Manufacturer: Caterpillar</span><br>Standard spec with warranty: 1 Year Standard</div>,19159.63,$,400/230V 50Hz,1500 kVA,50/60 Hz,N/A,419.9 kilograms,1116x310x488mm,Galvanized Steel Weatherproof,IP23,1 Year Standard,Caterpillar,Switzerland,Precision Parts Direct,Distributor Catalog EU,https://docs.productiq-assets.com/specs/caterpillar/cat-pwr-6375.pdf,https://www.industrial-supply-direct.com/item/cat-pwr-6375
PID-10667,Cummins Online Double-Conversion UPS CUM-PWR-6787,Cummins,Power Equipment,Online Double-Conversion UPS,CUM-PWR-6787,Heavy-duty industrial grade Online Double-Conversion UPS engineered by Cummins. Designed for continuous continuous operation in harsh industrial environments with high thermal efficiency and rugged construction.,1528.36,$,400/230V 50Hz,500 kW,50 Hz,N/A,204.0 KG,"30.9"" x 19.5"" x 19.1""",Marine Grade Aluminum,IP65 Enclosure,36 Months Extended,Cummins,Italy,TechFlow Solutions,OEM Technical Data Sheet,https://docs.productiq-assets.com/specs/cummins/cum-pwr-6787.pdf,https://www.industrial-supply-direct.com/item/cum-pwr-6787
PID-10668,Omron Safety Relay OMR-CTL-1697,Omron,Control Systems,Safety Relay,OMR-CTL-1697,Heavy-duty industrial grade Safety Relay engineered by Omron. Designed for continuous continuous operation in harsh industrial environments with high thermal efficiency and rugged construction.,20133.4,USD,230 V AC,150 W,50/60 Hz,N/A,156.0 KG,116.7x18.4x48.6 cm,Polycarbonate / Aluminum,ip20,12 Months,Omron,France,Apex Industrial Supplies,Field Engineering Audit,https://docs.productiq-assets.com/specs/omron/omr-ctl-1697.pdf,https://www.industrial-supply-direct.com/item/omr-ctl-1697
PID-10669,Eaton Molded Case Circuit Breaker (MCCB) EAT-ELC-6484,Eaton,Electrical Components,Molded Case Circuit Breaker (MCCB),EAT-ELC-6484,Heavy-duty industrial grade Molded Case Circuit Breaker (MCCB) engineered by Eaton. Designed for continuous continuous operation in harsh industrial environments with high thermal efficiency and rugged construction.,22063.99,USD,,1600 A Rating,50/60 Hz,N/A,120.7 lbs,96.4x23.7x62.1 cm,Thermoset Resin,IP40,5 Years,Eaton,Japan,Nordic Machinery Hub,ERP Master Data,https://docs.productiq-assets.com/specs/eaton/eat-elc-6484.pdf,https://www.industrial-supply-direct.com/item/eat-elc-6484
PID-10670,Schneider Galaxy Online Double-Conversion UPS SCH-PWR-1354,Schneider Galaxy,Power Equipment,Online Double-Conversion UPS,SCH-PWR-1354,"Compact and durable Online Double-Conversion UPS with 50 kVA rating, rated for 230 V Single Phase networks.",13839.3,USD,230 V Single Phase,50 kVA,50 Hz,1800 rpm,257.4 KG,66.9x72.8x62.1 cm,Acoustic Heavy Steel,IP20,,Schneider Galaxy,Italy,Apex Industrial Supplies,ERP Master Data,https://docs.productiq-assets.com/specs/schneider_galaxy/sch-pwr-1354.pdf,https://www.industrial-supply-direct.com/item/sch-pwr-1354
PID-10671,Boge Oil-Free Scroll Compressor BOG-CMP-3224,Boge,Compressors,Oil-Free Scroll Compressor,BOG-CMP-3224,"Boge Oil-Free Scroll Compressor BOG-CMP-3224 offers industry leading performance, low vibration levels, and optimized lifecycle costs. Complies with ISO 9001 and CE directives.",10930.76,GBP,400 V,75KW,50 Hz,2950 RPM,123.8 g,L:171 W:307 H:412,Cast Iron Block,IP65,36 Months Extended,Boge,United States,Continental Drive Systems,Vendor Portal Upload,https://docs.productiq-assets.com/specs/boge/bog-cmp-3224.pdf,https://www.industrial-supply-direct.com/item/bog-cmp-3224
PID-10672,Boge Reciprocating Air Compressor BOG-CMP-4834,Boge,Compressors,Reciprocating Air Compressor,BOG-CMP-4834,<div><p>Industrial Compressors - BOG-CMP-4834</p><span>Manufacturer: Boge</span><br>Standard spec with warranty: 24 months</div>,6876.02,EUR,3.3 kV,110 kW,60 Hz,3000 rpm,231.9 g,147x290x658mm,Cast Iron Block,IP54,24 months,Boge,Sweden,Apex Industrial Supplies,ERP Master Data,,https://www.industrial-supply-direct.com/item/bog-cmp-4834
PID-10673,Endress+Hauser RTD Temp Sensor END-SNS-1570,Endress+Hauser,Sensors,RTD Temp Sensor,END-SNS-1570,Heavy-duty industrial grade RTD Temp Sensor engineered by Endress+Hauser. Designed for continuous continuous operation in harsh industrial environments with high thermal efficiency and rugged construction.,11129.55,EUR,LOOP POWERED,0.01 kW,DC,N/A,73.9 kg.,,316L SS,,36 Months Extended,Endress+Hauser,Finland,TechFlow Solutions,Supplier Price File 2024,https://docs.productiq-assets.com/specs/endress+hauser/end-sns-1570.pdf,https://www.industrial-supply-direct.com/item/end-sns-1570
PID-10674,Bray Check Valve BRA-VLV-8628,Bray,Valves,Check Valve,BRA-VLV-8628,Heavy-duty industrial grade Check Valve engineered by Bray. Designed for continuous continuous operation in harsh industrial environments with high thermal efficiency and rugged construction.,17547.49,$,N/A,0.05 kW,,N/A,357.6 KG,"25.3"" x 30.0"" x 31.1""",Forged Steel A105,IP66,12 Months,Bray,China,Continental Drive Systems,Distributor Catalog EU,,https://www.industrial-supply-direct.com/item/bra-vlv-8628
PID-10675,Banner Engineering Safety Light Curtain BAN-SFT-7250,Banner Engineering,Safety Equipment,Safety Light Curtain,BAN-SFT-7250,<div><p>Industrial Safety Equipment - BAN-SFT-7250</p><span>Manufacturer: Banner Engineering</span><br>Standard spec with warranty: 36 Months Extended</div>,11442.02,GBP,,10 W,DC,N/A,108.3 kilograms,"14.8"" x 6.7"" x 26.9""",Flameproof Aluminum,IP66,36 Months Extended,Banner Engineering,Germany,Apex Industrial Supplies,Vendor Portal Upload,https://docs.productiq-assets.com/specs/banner_engineering/ban-sft-7250.pdf,https://www.industrial-supply-direct.com/item/ban-sft-7250
PID-10676,ABB Three-Phase Induction Motor ABB-MTR-9108,ABB,Industrial Motors,Three-Phase Induction Motor,ABB-MTR-9108,Heavy-duty industrial grade Three-Phase Induction Motor engineered by ABB. Designed for continuous continuous operation in harsh industrial environments with high thermal efficiency and rugged construction.,8061.57,USD,400 volts,15kw,50hz,1450 RPM,51.3 LBS,"7.2"" x 24.4"" x 23.0""",Ductile Iron,IP55,1 Year Standard,ABB,Sweden,Apex Industrial Supplies,OEM Technical Data Sheet,https://docs.productiq-assets.com/specs/abb/abb-mtr-9108.pdf,https://www.industrial-supply-direct.com/item/abb-mtr-9108
PID-10677,Koyo Cylindrical Roller Bearing KOY-BRG-2832,Koyo,Bearings,Cylindrical Roller Bearing,KOY-BRG-2832,<div><p>Industrial Bearings - KOY-BRG-2832</p><span>Manufacturer: Koyo</span><br>Standard spec with warranty: 24 months</div>,13704.1,$,N/A,,N/A,8500 rpm,385.9 KG,395x195x763mm,Stainless Steel 440C,N/A,24 months,Koyo,Switzerland,Continental Drive Systems,OEM Technical Data Sheet,https://docs.productiq-assets.com/specs/koyo/koy-brg-2832.pdf,https://www.industrial-supply-direct.com/item/koy-brg-2832
PID-10678,Nidec Explosion-Proof Motor NID-MTR-5998,Nidec,Industrial Motors,Explosion-Proof Motor,NID-MTR-5998,REDUNDANT RECORD: Nidec NID-MTR-5998 Industrial Motors Explosion-Proof Motor. Contact supplier Continental Drive Systems for spec sheet.,21209.17,€,460 V AC,7.5KW,50/60 Hz,980 rpm,37.8 lbs,714x670x124mm,Aluminum,IP55,24 months,Nidec,Italy,Continental Drive Systems,ERP Master Data,https://docs.productiq-assets.com/specs/nidec/nid-mtr-5998.pdf,https://www.industrial-supply-direct.com/item/nid-mtr-5998
PID-10679,Emerson Fisher Pneumatic Ball Valve EME-VLV-2809,Emerson Fisher,Valves,Pneumatic Ball Valve,EME-VLV-2809,<div><p>Industrial Valves - EME-VLV-2809</p><span>Manufacturer: Emerson Fisher</span><br>Standard spec with warranty: 12 Months</div>,13990.19,USD,N/A,N/A,N/A,N/A,194.0 LBS,359 x 319 x 574 mm,Hastelloy C,IP66,12 Months,Emerson Fisher,China,TechFlow Solutions,Vendor Portal Upload,https://docs.productiq-assets.com/specs/emerson_fisher/eme-vlv-2809.pdf,invalid-url-item
PID-10680,IFM Electronic RTD Temp Sensor IFM-SNS-2451,IFM Electronic,Sensors,RTD Temp Sensor,IFM-SNS-2451,<div><p>Industrial Sensors - IFM-SNS-2451</p><span>Manufacturer: IFM Electronic</span><br>Standard spec with warranty: 36 Months Extended</div>,13761.68,GBP,24 V DC,,50/60 Hz,N/A,346.4 KG,36.1x30.2x43.3 cm,Hastelloy,IP 67,36 Months Extended,IFM Electronic,China,Nordic Machinery Hub,ERP Master Data,https://docs.productiq-assets.com/specs/ifm_electronic/ifm-sns-2451.pdf,https://www.industrial-supply-direct.com/item/ifm-sns-2451
PID-10681,Sick Safety Light Curtain SIC-SFT-4670,Sick,Safety Equipment,Safety Light Curtain,SIC-SFT-4670,"*** SICK SPECIAL PROMO *** Model SIC-SFT-4670. High reliability, certified quality. Suitable for power, water, oil&gas applications. Order now.",6645.39,USD,110-230 VAC,0.02 kW,DC,N/A,,,Anodized Aluminum,,12 Months,Sick,China,Nordic Machinery Hub,Vendor Portal Upload,https://docs.productiq-assets.com/specs/sick/sic-sft-4670.pdf,https://www.industrial-supply-direct.com/item/sic-sft-4670
PID-10682,Mitsubishi Electric Distributed Control System (DCS) Module MIT-CTL-2822,Mitsubishi Electric,Control Systems,Distributed Control System (DCS) Module,MIT-CTL-2822,"Mitsubishi Electric Distributed Control System (DCS) Module MIT-CTL-2822 offers industry leading performance, low vibration levels, and optimized lifecycle costs. Complies with ISO 9001 and CE directives.",165.32,GBP,24 V DC,,50 Hz,N/A,334.3 KG,L:384 W:606 H:306,Industrial Thermoplastic,IP20,5 Years,Mitsubishi Electric,Finland,Precision Parts Direct,Vendor Portal Upload,https://docs.productiq-assets.com/specs/mitsubishi_electric/mit-ctl-2822.pdf,https://www.industrial-supply-direct.com/item/mit-ctl-2822
PID-10683,Siemens SIMATIC Safety Relay SIE-CTL-6518,Siemens SIMATIC,Control Systems,Safety Relay,SIE-CTL-6518,"Compact and durable Safety Relay with standard power rating, rated for multi-voltage networks.",23736.74,$,,,50/60 Hz,N/A,308.7 KG,298 x 350 x 556 mm,Industrial Thermoplastic,ip20,36 Months Extended,Siemens SIMATIC,Italy,Apex Industrial Supplies,Distributor Catalog EU,https://docs.productiq-assets.com/specs/siemens_simatic/sie-ctl-6518.pdf,https://www.industrial-supply-direct.com/item/sie-ctl-6518
PID-10684,FAG Schaeffler Pillow Block Bearing FAG-BRG-3318,FAG Schaeffler,Bearings,Pillow Block Bearing,FAG-BRG-3318,<div><p>Industrial Bearings - FAG-BRG-3318</p><span>Manufacturer: FAG Schaeffler</span><br>Standard spec with warranty: 12 Months</div>,CONTACT SALES,USD,N/A,,N/A,3200 RPM,269.8 kg.,659 x 514 x 542 mm,High Carbon Chrome Steel 100Cr6,N/A,12 Months,FAG Schaeffler,China,Global Electro Corp,Distributor Catalog EU,https://docs.productiq-assets.com/specs/fag_schaeffler/fag-brg-3318.pdf,https://www.industrial-supply-direct.com/item/fag-brg-3318
PID-10685,Kitz Check Valve KIT-VLV-2500,Kitz,Valves,Check Valve,KIT-VLV-2500,"*** KITZ SPECIAL PROMO *** Model KIT-VLV-2500. High reliability, certified quality. Suitable for power, water, oil&gas applications. Order now.",22102.36,USD,24VDC,15 W,50 Hz,,224.9 g,37.8x57.8x33.2 cm,Forged Steel A105,,5 Years,Kitz,France,TechFlow Solutions,OEM Technical Data Sheet,https://docs.productiq-assets.com/specs/kitz/kit-vlv-2500.pdf,https://www.industrial-supply-direct.com/item/kit-vlv-2500
PID-10686,Schneider Electric Air Circuit Breaker (ACB) SCH-ELC-5827,Schneider Electric,Electrical Components,Air Circuit Breaker (ACB),SCH-ELC-5827,<div><p>Industrial Electrical Components - SCH-ELC-5827</p><span>Manufacturer: Schneider Electric</span><br>Standard spec with warranty: 36 Months Extended</div>,14906.44,$,690 V,N/A,60 Hz,N/A,255.1 kg.,,DMC Polyester Glass,IP20,36 Months Extended,Schneider Electric,Switzerland,Apex Industrial Supplies,OEM Technical Data Sheet,https://docs.productiq-assets.com/specs/schneider_electric/sch-elc-5827.pdf,invalid-url-item
PID-10687,KSB Multistage High-Pressure Pump KSB-PMP-4969,KSB,Pumps,Multistage High-Pressure Pump,KSB-PMP-4969,<div><p>Industrial Pumps - KSB-PMP-4969</p><span>Manufacturer: KSB</span><br>Standard spec with warranty: </div>,11044.8,EUR,400 V,3.7 kW,50 Hz,2900 RPM,15.6 kg.,"34.1"" x 4.4"" x 24.0""",Cast Iron GG25,IP55,,KSB,Switzerland,Precision Parts Direct,ERP Master Data,https://docs.productiq-assets.com/specs/ksb/ksb-pmp-4969.pdf,https://www.industrial-supply-direct.com/item/ksb-pmp-4969
PID-10688,Koyo Spherical Roller Bearing KOY-BRG-3364,Koyo,Bearings,Spherical Roller Bearing,KOY-BRG-3364,"*** KOYO SPECIAL PROMO *** Model KOY-BRG-3364. High reliability, certified quality. Suitable for power, water, oil&gas applications. Order now.",23702.87,EUR,,,N/A,8500 rpm,433.9 kg.,"15.9"" x 14.4"" x 13.4""",High Carbon Chrome Steel 100Cr6,N/A,12 Months,Koyo,France,Continental Drive Systems,Supplier Price File 2024,https://docs.productiq-assets.com/specs/koyo/koy-brg-3364.pdf,https://www.industrial-supply-direct.com/item/koy-brg-3364
PID-10689,Xylem Submersible Slurry Pump XYL-PMP-8517,Xylem,Pumps,Submersible Slurry Pump,XYL-PMP-8517,"Xylem Submersible Slurry Pump XYL-PMP-8517 offers industry leading performance, low vibration levels, and optimized lifecycle costs. Complies with ISO 9001 and CE directives.",9513.28,EUR,400 V,5 HP,50 Hz,3500 rpm,126.0 kg,100.5x51.8x65.8 cm,Duplex Steel,ip68,,Xylem,Japan,Nordic Machinery Hub,Vendor Portal Upload,https://docs.productiq-assets.com/specs/xylem/xyl-pmp-8517.pdf,https://www.industrial-supply-direct.com/item/xyl-pmp-8517
PID-10690,Caterpillar Online Double-Conversion UPS CAT-PWR-6924,Caterpillar,Power Equipment,Online Double-Conversion UPS,CAT-PWR-6924,REDUNDANT RECORD: Caterpillar CAT-PWR-6924 Power Equipment Online Double-Conversion UPS. Contact supplier TechFlow Solutions for spec sheet.,9956.66,EUR,400 V 3-Phase,250 kVA,50 Hz,N/A,140.2 kg.,874x660x256mm,Marine Grade Aluminum,IP65 Enclosure,12 Months,Caterpillar,France,TechFlow Solutions,ERP Master Data,https://docs.productiq-assets.com/specs/caterpillar/cat-pwr-6924.pdf,https://www.industrial-supply-direct.com/item/cat-pwr-6924
PID-10691,Kaeser Vane Compressor KAE-CMP-3819,Kaeser,Compressors,Vane Compressor,KAE-CMP-3819,"*** KAESER SPECIAL PROMO *** Model KAE-CMP-3819. High reliability, certified quality. Suitable for power, water, oil&gas applications. Order now.",15867.1,USD,3.3 kV,37 kW,60 Hz,3000 rpm,,L:978 W:339 H:414,Heavy Gauge Steel Housing,IP65,,Kaeser,China,Continental Drive Systems,ERP Master Data,https://docs.productiq-assets.com/specs/kaeser/kae-cmp-3819.pdf,https://www.industrial-supply-direct.com/item/kae-cmp-3819
PID-10692,NTN Cylindrical Roller Bearing NTN-BRG-9795,NTN,Bearings,Cylindrical Roller Bearing,NTN-BRG-9795,Heavy-duty industrial grade Cylindrical Roller Bearing engineered by NTN. Designed for continuous continuous operation in harsh industrial environments with high thermal efficiency and rugged construction.,9774.2,$,,N/A,N/A,3200 RPM,39.3 g,16.0x22.1x82.5 cm,High Carbon Chrome Steel 100Cr6,N/A,36 Months Extended,NTN,China,Nordic Machinery Hub,Field Engineering Audit,https://docs.productiq-assets.com/specs/ntn/ntn-brg-9795.pdf,https://www.industrial-supply-direct.com/item/ntn-brg-9795
PID-10693,Emerson Fisher Check Valve EME-VLV-7308,Emerson Fisher,Valves,Check Valve,EME-VLV-7308,"Compact and durable Check Valve with 0.05 kW rating, rated for 24 V DC networks.",4931.03,USD,24 V DC,0.05 kW,N/A,N/A,422.4 KG,"42.2"" x 8.6"" x 13.6""",Hastelloy C,IP67,5 Years,Emerson Fisher,Finland,Nordic Machinery Hub,Distributor Catalog EU,https://docs.productiq-assets.com/specs/emerson_fisher/eme-vlv-7308.pdf,invalid-url-item
PID-10694,Xylem Diaphragm Pump XYL-PMP-3549,Xylem,Pumps,Diaphragm Pump,XYL-PMP-3549,"Xylem Diaphragm Pump XYL-PMP-3549 offers industry leading performance, low vibration levels, and optimized lifecycle costs. Complies with ISO 9001 and CE directives.",16436.71,$,415V,15 HP,50/60 Hz,2900 RPM,414.8 g,L:521 W:548 H:448,Bronze,IP 68,2 Years,Xylem,United States,Apex Industrial Supplies,Field Engineering Audit,https://docs.productiq-assets.com/specs/xylem/xyl-pmp-3549.pdf,https://www.industrial-supply-direct.com/item/xyl-pmp-3549
PID-10695,Legrand Air Circuit Breaker (ACB) LEG-ELC-8727,Legrand,Electrical Components,Air Circuit Breaker (ACB),LEG-ELC-8727,"*** LEGRAND SPECIAL PROMO *** Model LEG-ELC-8727. High reliability, certified quality. Suitable for power, water, oil&gas applications. Order now.",14403.97,GBP,11 kV,,50 Hz,N/A,71.7 KG,886 x 357 x 592 mm,DMC Polyester Glass,IP30,36 Months Extended,Legrand,United Kingdom,TechFlow Solutions,OEM Technical Data Sheet,,https://www.industrial-supply-direct.com/item/leg-elc-8727
PID-10696,Pilz Safety Light Curtain PIL-SFT-3982,Pilz,Safety Equipment,Safety Light Curtain,PIL-SFT-3982,<div><p>Industrial Safety Equipment - PIL-SFT-3982</p><span>Manufacturer: Pilz</span><br>Standard spec with warranty: 1 Year Standard</div>,16197.41,EUR,24 V DC,15 W,50/60 Hz,N/A,394.7 KG,,Flameproof Aluminum,,1 Year Standard,Pilz,France,Continental Drive Systems,Vendor Portal Upload,https://docs.productiq-assets.com/specs/pilz/pil-sft-3982.pdf,https://www.industrial-supply-direct.com/item/pil-sft-3982
PID-10697,Schneider Electric Industrial Transformer SCH-ELC-8249,Schneider Electric,Electrical Components,Industrial Transformer,SCH-ELC-8249,<div><p>Industrial Electrical Components - SCH-ELC-8249</p><span>Manufacturer: Schneider Electric</span><br>Standard spec with warranty: 1 Year Standard</div>,10534.2,$,400 V,250 kVA,60 Hz,N/A,27.1 kg,,Silver Alloy Contacts,IP54,1 Year Standard,Schneider Electric,Switzerland,Global Electro Corp,Distributor Catalog EU,,https://www.industrial-supply-direct.com/item/sch-elc-8249
PID-10698,Euchner Emergency Stop Rope Pull EUC-SFT-5621,Euchner,Safety Equipment,,EUC-SFT-5621,<div><p>Industrial Safety Equipment - EUC-SFT-5621</p><span>Manufacturer: Euchner</span><br>Standard spec with warranty: 12 Months</div>,14912.37,USD,24 V DC,10 W,DC,N/A,364.7 kg,74.7x33.4x14.7 cm,Flameproof Aluminum,IP65,12 Months,Euchner,United Kingdom,Precision Parts Direct,Supplier Price File 2024,https://docs.productiq-assets.com/specs/euchner/euc-sft-5621.pdf,https://www.industrial-supply-direct.com/item/euc-sft-5621
PID-10699,Omron Variable Frequency Drive (VFD) OMR-CTL-7623,Omron,Control Systems,Variable Frequency Drive (VFD),OMR-CTL-7623,<div><p>Industrial Control Systems - OMR-CTL-7623</p><span>Manufacturer: Omron</span><br>Standard spec with warranty: 24 months</div>,5611.48,€,230 V AC,150 W,50 Hz,N/A,190.7 kilograms,1104 x 617 x 699 mm,Industrial Thermoplastic,IP65 Bezel,24 months,Omron,Switzerland,Continental Drive Systems,Supplier Price File 2024,https://docs.productiq-assets.com/specs/omron/omr-ctl-7623.pdf,https://www.industrial-supply-direct.com/item/omr-ctl-7623
PID-10700,KSB Multistage High-Pressure Pump KSB-PMP-2251,KSB,Pumps,Multistage High-Pressure Pump,KSB-PMP-2251,"Compact and durable Multistage High-Pressure Pump with 15 kW rating, rated for 400v networks.",7965.37,EUR,400v,15 kW,50 Hz,2900 RPM,22.9 g,1045 x 264 x 332 mm,Bronze,IP55,2 Years,KSB,Japan,Nordic Machinery Hub,ERP Master Data,https://docs.productiq-assets.com/specs/ksb/ksb-pmp-2251.pdf,https://www.industrial-supply-direct.com/item/ksb-pmp-2251
PID-10701,Timken Cylindrical Roller Bearing TIM-BRG-8676,Timken,Bearings,Cylindrical Roller Bearing,TIM-BRG-8676,"*** TIMKEN SPECIAL PROMO *** Model TIM-BRG-8676. High reliability, certified quality. Suitable for power, water, oil&gas applications. Order now.",8649.03,€,N/A,N/A,N/A,4500 max RPM,240.4 g,,Stainless Steel 440C,N/A,12 Months,Timken,Italy,TechFlow Solutions,Supplier Price File 2024,https://docs.productiq-assets.com/specs/timken/tim-brg-8676.pdf,https://www.industrial-supply-direct.com/item/tim-brg-8676
PID-10702,Eaton Air Circuit Breaker (ACB) EAT-ELC-5943,Eaton,Electrical Components,Air Circuit Breaker (ACB),EAT-ELC-5943,"Eaton Air Circuit Breaker (ACB) EAT-ELC-5943 offers industry leading performance, low vibration levels, and optimized lifecycle costs. Complies with ISO 9001 and CE directives.",16961.29,EUR,1000 V,1600 A Rating,60 Hz,N/A,402.3 KG,71.4x14.6x55.9 cm,DMC Polyester Glass,IP30,2 Years,Eaton,United Kingdom,Precision Parts Direct,Distributor Catalog EU,https://docs.productiq-assets.com/specs/eaton/eat-elc-5943.pdf,https://www.industrial-supply-direct.com/item/eat-elc-5943
PID-10703,Xylem Submersible Slurry Pump XYL-PMP-6542,Xylem,Pumps,Submersible Slurry Pump,XYL-PMP-6542,"Compact and durable Submersible Slurry Pump with 7.5 kW rating, rated for 24 V DC networks.",13202.13,USD,24 V DC,7.5 kW,60 Hz,1450 RPM,184.4 g,L:639 W:629 H:635,Cast Iron GG25,ip68,5 Years,Xylem,Sweden,Apex Industrial Supplies,OEM Technical Data Sheet,https://docs.productiq-assets.com/specs/xylem/xyl-pmp-6542.pdf,https://www.industrial-supply-direct.com/item/xyl-pmp-6542
PID-10704,Emerson Rosemount Pressure Transmitter EME-SNS-6682,Emerson Rosemount,Sensors,Pressure Transmitter,EME-SNS-6682,"Emerson Rosemount Pressure Transmitter EME-SNS-6682 offers industry leading performance, low vibration levels, and optimized lifecycle costs. Complies with ISO 9001 and CE directives.",22650.96,$,4-20mA 24V,2 W,N/A,N/A,350.0 kg.,,Hastelloy,ip67,1 Year Standard,Emerson Rosemount,Finland,Nordic Machinery Hub,Vendor Portal Upload,https://docs.productiq-assets.com/specs/emerson_rosemount/eme-sns-6682.pdf,https://www.industrial-supply-direct.com/item/eme-sns-6682
PID-10705,Velan Pneumatic Ball Valve VEL-VLV-1452,Velan,Valves,Pneumatic Ball Valve,VEL-VLV-1452,REDUNDANT RECORD: Velan VEL-VLV-1452 Valves Pneumatic Ball Valve. Contact supplier Nordic Machinery Hub for spec sheet.,18768.74,EUR,,50 W,60 Hz,N/A,81.0 g,,Hastelloy C,IP65,1 Year Standard,Velan,United Kingdom,Nordic Machinery Hub,ERP Master Data,https://docs.productiq-assets.com/specs/velan/vel-vlv-1452.pdf,https://www.industrial-supply-direct.com/item/vel-vlv-1452
PID-10706,Rockwell Allen-Bradley Programmable Logic Controller (PLC) ROC-CTL-5825,Rockwell Allen-Bradley,Control Systems,,ROC-CTL-5825,<div><p>Industrial Control Systems - ROC-CTL-5825</p><span>Manufacturer: Rockwell Allen-Bradley</span><br>Standard spec with warranty: 36 Months Extended</div>,21202.92,€,24vdc,1.5 kW,0-400 Hz Output,N/A,430.0 kg,"18.3"" x 11.5"" x 5.1""",Industrial Thermoplastic,IP20 / NEMA 1,36 Months Extended,Rockwell Allen-Bradley,Germany,Apex Industrial Supplies,Vendor Portal Upload,https://docs.productiq-assets.com/specs/rockwell_allen-bradley/roc-ctl-5825.pdf,https://www.industrial-supply-direct.com/item/roc-ctl-5825
PID-10707,Schneider Electric Air Circuit Breaker (ACB) SCH-ELC-7919,Schneider Electric,Electrical Components,Air Circuit Breaker (ACB),SCH-ELC-7919,REDUNDANT RECORD: Schneider Electric SCH-ELC-7919 Electrical Components Air Circuit Breaker (ACB). Contact supplier Nordic Machinery Hub for spec sheet.,20851.63,EUR,400 V,1600 A Rating,50/60 Hz,N/A,7.3 kg,"19.9"" x 12.3"" x 11.4""",DMC Polyester Glass,IP40,2 Years,Schneider Electric,Japan,Nordic Machinery Hub,ERP Master Data,https://docs.productiq-assets.com/specs/schneider_electric/sch-elc-7919.pdf,https://www.industrial-supply-direct.com/item/sch-elc-7919
PID-10708,ABB Surge Protection Device ABB-ELC-5565,ABB,Electrical Components,Surge Protection Device,ABB-ELC-5565,Heavy-duty industrial grade Surge Protection Device engineered by ABB. Designed for continuous continuous operation in harsh industrial environments with high thermal efficiency and rugged construction.,23495.1,EUR,11 kV,630 A Rating,60 Hz,N/A,276.7 LBS,548x719x330mm,Silver Alloy Contacts,,,ABB,Sweden,Continental Drive Systems,Supplier Price File 2024,https://docs.productiq-assets.com/specs/abb/abb-elc-5565.pdf,https://www.industrial-supply-direct.com/item/abb-elc-5565
PID-10709,Rockwell Allen-Bradley Variable Frequency Drive (VFD) ROC-CTL-1782,Rockwell Allen-Bradley,Control Systems,Variable Frequency Drive (VFD),ROC-CTL-1782,REDUNDANT RECORD: Rockwell Allen-Bradley ROC-CTL-1782 Control Systems Variable Frequency Drive (VFD). Contact supplier Continental Drive Systems for spec sheet.,19626.05,$,24vdc,7.5 kW,50/60 Hz,N/A,161.8 KG,64.2x73.8x86.6 cm,Metal Alloy,ip20,12 Months,Rockwell Allen-Bradley,Germany,Continental Drive Systems,Supplier Price File 2024,https://docs.productiq-assets.com/specs/rockwell_allen-bradley/roc-ctl-1782.pdf,https://www.industrial-supply-direct.com/item/roc-ctl-1782
PID-10710,Omron Human Machine Interface (HMI) OMR-CTL-6953,Omron,Control Systems,Human Machine Interface (HMI),OMR-CTL-6953,REDUNDANT RECORD: Omron OMR-CTL-6953 Control Systems Human Machine Interface (HMI). Contact supplier Apex Industrial Supplies for spec sheet.,20328.75,EUR,24VDC / 120VAC,22 kW,50/60 Hz,N/A,85.8 kg,,Metal Alloy,,24 months,Omron,Finland,Apex Industrial Supplies,Vendor Portal Upload,https://docs.productiq-assets.com/specs/omron/omr-ctl-6953.pdf,https://www.industrial-supply-direct.com/item/omr-ctl-6953
PID-10711,Ingersoll Rand Reciprocating Air Compressor ING-CMP-4379,Ingersoll Rand,Compressors,Reciprocating Air Compressor,ING-CMP-4379,REDUNDANT RECORD: Ingersoll Rand ING-CMP-4379 Compressors Reciprocating Air Compressor. Contact supplier Continental Drive Systems for spec sheet.,22981.33,USD,400 V,75 kW,50 Hz,3000 rpm,398.4 KG,680 x 436 x 835 mm,Heavy Gauge Steel Housing,IP54,2 Years,Ingersoll Rand,Finland,Continental Drive Systems,Supplier Price File 2024,https://docs.productiq-assets.com/specs/ingersoll_rand/ing-cmp-4379.pdf,https://www.industrial-supply-direct.com/item/ing-cmp-4379
PID-10712,Sick Radar Level Sensor SIC-SNS-5023,Sick,Sensors,Radar Level Sensor,SIC-SNS-5023,"Sick Radar Level Sensor SIC-SNS-5023 offers industry leading performance, low vibration levels, and optimized lifecycle costs. Complies with ISO 9001 and CE directives.",7129.0,EUR,12-30 VDC,,DC,N/A,57.3 kilograms,L:651 W:376 H:192,Titanium,IP68,12 Months,Sick,Italy,Continental Drive Systems,Supplier Price File 2024,https://docs.productiq-assets.com/specs/sick/sic-sns-5023.pdf,https://www.industrial-supply-direct.com/item/sic-sns-5023
PID-10713,SMA Solar Online Double-Conversion UPS SMA-PWR-1924,SMA Solar,Power Equipment,Online Double-Conversion UPS,SMA-PWR-1924,"SMA Solar Online Double-Conversion UPS SMA-PWR-1924 offers industry leading performance, low vibration levels, and optimized lifecycle costs. Complies with ISO 9001 and CE directives.",5889.81,USD,480 V,250 kVA,60 Hz,1800 rpm,349.3 kg.,516 x 558 x 450 mm,Galvanized Steel Weatherproof,IP54 Outdoor,36 Months Extended,SMA Solar,Sweden,Nordic Machinery Hub,OEM Technical Data Sheet,,https://www.industrial-supply-direct.com/item/sma-pwr-1924
PID-10714,Eaton Molded Case Circuit Breaker (MCCB) EAT-ELC-7566,Eaton,Electrical Components,Molded Case Circuit Breaker (MCCB),EAT-ELC-7566,<div><p>Industrial Electrical Components - EAT-ELC-7566</p><span>Manufacturer: Eaton</span><br>Standard spec with warranty: 36 Months Extended</div>,20531.63,EUR,11 kV,100 kVA,50/60 Hz,N/A,13.9 LBS,,DMC Polyester Glass,IP20,36 Months Extended,Eaton,China,TechFlow Solutions,OEM Technical Data Sheet,https://docs.productiq-assets.com/specs/eaton/eat-elc-7566.pdf,https://www.industrial-supply-direct.com/item/eat-elc-7566
PID-10715,Yokogawa Pressure Transmitter YOK-SNS-2028,Yokogawa,Sensors,Pressure Transmitter,YOK-SNS-2028,"*** YOKOGAWA SPECIAL PROMO *** Model YOK-SNS-2028. High reliability, certified quality. Suitable for power, water, oil&gas applications. Order now.",20653.33,GBP,12-30 VDC,0.01 kW,50/60 Hz,N/A,24.6 kilograms,L:1044 W:753 H:243,316L SS,IP69K,2 Years,Yokogawa,Japan,Global Electro Corp,ERP Master Data,https://docs.productiq-assets.com/specs/yokogawa/yok-sns-2028.pdf,https://www.industrial-supply-direct.com/item/yok-sns-2028
PID-10716,Honeywell Electromagnetic Flowmeter HON-SNS-6264,Honeywell,Sensors,Electromagnetic Flowmeter,HON-SNS-6264,"Compact and durable Electromagnetic Flowmeter with 1.5 W rating, rated for 24 V DC networks.",14211.61,EUR,24 V DC,1.5 W,N/A,N/A,341.5 LBS,L:980 W:462 H:197,Titanium,IP69K,12 Months,Honeywell,Italy,Nordic Machinery Hub,OEM Technical Data Sheet,https://docs.productiq-assets.com/specs/honeywell/hon-sns-6264.pdf,https://www.industrial-supply-direct.com/item/hon-sns-6264
PID-10717,Schneider Electric Programmable Logic Controller (PLC) SCH-CTL-9515,Schneider Electric,Control Systems,Programmable Logic Controller (PLC),SCH-CTL-9515,"Schneider Electric Programmable Logic Controller (PLC) SCH-CTL-9515 offers industry leading performance, low vibration levels, and optimized lifecycle costs. Complies with ISO 9001 and CE directives.",18872.87,$,24vdc,7.5 kW,0-400 Hz Output,N/A,180.6 KG,44.4x47.1x41.2 cm,Industrial Thermoplastic,IP65 Bezel,5 Years,Schneider Electric,United States,Continental Drive Systems,ERP Master Data,https://docs.productiq-assets.com/specs/schneider_electric/sch-ctl-9515.pdf,https://www.industrial-supply-direct.com/item/sch-ctl-9515
PID-10718,Bray Pneumatic Ball Valve BRA-VLV-2741,Bray,Valves,Pneumatic Ball Valve,BRA-VLV-2741,REDUNDANT RECORD: Bray BRA-VLV-2741 Valves Pneumatic Ball Valve. Contact supplier Apex Industrial Supplies for spec sheet.,8519.07,,24VDC,15 W,,N/A,383.4 KG,L:603 W:380 H:189,Hastelloy C,NEMA 4X,2 Years,Bray,Germany,Apex Industrial Supplies,Vendor Portal Upload,https://docs.productiq-assets.com/specs/bray/bra-vlv-2741.pdf,https://www.industrial-supply-direct.com/item/bra-vlv-2741
PID-10719,Kitz High-Pressure Gate Valve KIT-VLV-1651,Kitz,Valves,High-Pressure Gate Valve,KIT-VLV-1651,<div><p>Industrial Valves - KIT-VLV-1651</p><span>Manufacturer: Kitz</span><br>Standard spec with warranty: 36 Months Extended</div>,9615.17,USD,110 VAC,50 W,60 Hz,,36.0 g,L:549 W:351 H:479,Forged Steel A105,IP67,36 Months Extended,Kitz,Sweden,Global Electro Corp,OEM Technical Data Sheet,https://docs.productiq-assets.com/specs/kitz/kit-vlv-1651.pdf,https://www.industrial-supply-direct.com/item/kit-vlv-1651
PID-10720,Cummins Battery Energy Storage Unit CUM-PWR-1094,Cummins,Power Equipment,Battery Energy Storage Unit,CUM-PWR-1094,REDUNDANT RECORD: Cummins CUM-PWR-1094 Power Equipment Battery Energy Storage Unit. Contact supplier Apex Industrial Supplies for spec sheet.,10126.24,GBP,,1200 kW,50 Hz,N/A,378.6 lbs,L:365 W:500 H:388,Acoustic Heavy Steel,IP54 Outdoor,5 Years,Cummins,Germany,Apex Industrial Supplies,ERP Master Data,https://docs.productiq-assets.com/specs/cummins/cum-pwr-1094.pdf,https://www.industrial-supply-direct.com/item/cum-pwr-1094
PID-10721,Emerson Rosemount Vibration Sensor EME-SNS-2476,Emerson Rosemount,Sensors,Vibration Sensor,EME-SNS-2476,"*** EMERSON ROSEMOUNT SPECIAL PROMO *** Model EME-SNS-2476. High reliability, certified quality. Suitable for power, water, oil&gas applications. Order now.",15845.82,€,LOOP POWERED,< 3W,DC,N/A,136.6 KG,89.6x45.7x38.2 cm,Hastelloy,IP68,12 Months,Emerson Rosemount,Switzerland,Nordic Machinery Hub,Field Engineering Audit,https://docs.productiq-assets.com/specs/emerson_rosemount/eme-sns-2476.pdf,https://www.industrial-supply-direct.com/item/eme-sns-2476
PID-10722,ABB Ability Variable Frequency Drive (VFD) ABB-CTL-8808,ABB Ability,Control Systems,Variable Frequency Drive (VFD),ABB-CTL-8808,"*** ABB ABILITY SPECIAL PROMO *** Model ABB-CTL-8808. High reliability, certified quality. Suitable for power, water, oil&gas applications. Order now.",10176.89,$,24 V DC,,50 Hz,N/A,386.6 kg,"39.5"" x 4.7"" x 7.4""",Metal Alloy,IP20 / NEMA 1,36 Months Extended,ABB Ability,Finland,Global Electro Corp,Vendor Portal Upload,https://docs.productiq-assets.com/specs/abb_ability/abb-ctl-8808.pdf,https://www.industrial-supply-direct.com/item/abb-ctl-8808
PID-10723,Bray Check Valve BRA-VLV-4591,Bray,Valves,Check Valve,BRA-VLV-4591,"Bray Check Valve BRA-VLV-4591 offers industry leading performance, low vibration levels, and optimized lifecycle costs. Complies with ISO 9001 and CE directives.",6460.95,$,230 V AC,,60 Hz,N/A,203.3 kilograms,43.8x46.7x40.0 cm,WCB Carbon Steel,IP66,5 Years,Bray,France,Global Electro Corp,OEM Technical Data Sheet,https://docs.productiq-assets.com/specs/bray/bra-vlv-4591.pdf,invalid-url-item
PID-10724,ABB Molded Case Circuit Breaker (MCCB) ABB-ELC-9449,ABB,Electrical Components,Molded Case Circuit Breaker (MCCB),ABB-ELC-9449,"ABB Molded Case Circuit Breaker (MCCB) ABB-ELC-9449 offers industry leading performance, low vibration levels, and optimized lifecycle costs. Complies with ISO 9001 and CE directives.",16971.33,EUR,415 VAC,630 A Rating,50 Hz,N/A,43.4 g,,Silver Alloy Contacts,IP40,,ABB,Finland,Global Electro Corp,Distributor Catalog EU,https://docs.productiq-assets.com/specs/abb/abb-elc-9449.pdf,https://www.industrial-supply-direct.com/item/abb-elc-9449
PID-10725,Siemens SIMATIC Variable Frequency Drive (VFD) SIE-CTL-9007,Siemens SIMATIC,Control Systems,Variable Frequency Drive (VFD),SIE-CTL-9007,"Siemens SIMATIC Variable Frequency Drive (VFD) SIE-CTL-9007 offers industry leading performance, low vibration levels, and optimized lifecycle costs. Complies with ISO 9001 and CE directives.",17711.29,USD,24VDC / 120VAC,22 kW,0-400 Hz Output,N/A,339.2 kilograms,"32.2"" x 20.7"" x 14.3""",Metal Alloy,ip20,2 Years,Siemens SIMATIC,France,Global Electro Corp,Field Engineering Audit,https://docs.productiq-assets.com/specs/siemens_simatic/sie-ctl-9007.pdf,https://www.industrial-supply-direct.com/item/sie-ctl-9007
PID-10726,Flowserve Positive Displacement Pump FLO-PMP-2427,Flowserve,Pumps,Positive Displacement Pump,FLO-PMP-2427,Heavy-duty industrial grade Positive Displacement Pump engineered by Flowserve. Designed for continuous continuous operation in harsh industrial environments with high thermal efficiency and rugged construction.,19611.03,GBP,415V,3.7 kW,50/60 Hz,3500 rpm,,103.0x76.5x67.5 cm,Stainless Steel 316,IP 68,2 Years,Flowserve,France,Nordic Machinery Hub,ERP Master Data,https://docs.productiq-assets.com/specs/flowserve/flo-pmp-2427.pdf,invalid-url-item
PID-10727,IFM Electronic Electromagnetic Flowmeter IFM-SNS-7960,IFM Electronic,Sensors,Electromagnetic Flowmeter,IFM-SNS-7960,REDUNDANT RECORD: IFM Electronic IFM-SNS-7960 Sensors Electromagnetic Flowmeter. Contact supplier Nordic Machinery Hub for spec sheet.,5959.65,EUR,,1.5 W,DC,N/A,84.4 KG,1073 x 688 x 757 mm,Titanium,ip67,36 Months Extended,IFM Electronic,China,Nordic Machinery Hub,Distributor Catalog EU,https://docs.productiq-assets.com/specs/ifm_electronic/ifm-sns-7960.pdf,https://www.industrial-supply-direct.com/item/ifm-sns-7960
PID-10728,Sick Electromagnetic Flowmeter SIC-SNS-1764,Sick,Sensors,Electromagnetic Flowmeter,SIC-SNS-1764,"Sick Electromagnetic Flowmeter SIC-SNS-1764 offers industry leading performance, low vibration levels, and optimized lifecycle costs. Complies with ISO 9001 and CE directives.",18055.45,€,LOOP POWERED,< 3W,N/A,N/A,13.3 kilograms,L:760 W:122 H:786,PVDF,IP68,2 Years,Sick,United States,Precision Parts Direct,OEM Technical Data Sheet,,https://www.industrial-supply-direct.com/item/sic-sns-1764
PID-10729,Banner Engineering Safety Light Curtain BAN-SFT-9930,Banner Engineering,Safety Equipment,Safety Light Curtain,BAN-SFT-9930,Heavy-duty industrial grade Safety Light Curtain engineered by Banner Engineering. Designed for continuous continuous operation in harsh industrial environments with high thermal efficiency and rugged construction.,796.22,€,Battery / 3.6V,0.02 kW,50/60 Hz,N/A,88.3 kilograms,L:463 W:621 H:730,Anodized Aluminum,IP69K,,Banner Engineering,Sweden,Nordic Machinery Hub,Vendor Portal Upload,https://docs.productiq-assets.com/specs/banner_engineering/ban-sft-9930.pdf,https://www.industrial-supply-direct.com/item/ban-sft-9930
PID-10730,Ingersoll Rand Reciprocating Air Compressor ING-CMP-8596,Ingersoll Rand,Compressors,Reciprocating Air Compressor,ING-CMP-8596,Heavy-duty industrial grade Reciprocating Air Compressor engineered by Ingersoll Rand. Designed for continuous continuous operation in harsh industrial environments with high thermal efficiency and rugged construction.,17723.21,USD,3.3 kV,55 kW,50 Hz,1480 RPM,309.9 g,27.8x79.0x88.9 cm,Cast Iron Block,IP55,24 months,Ingersoll Rand,Finland,Precision Parts Direct,Field Engineering Audit,https://docs.productiq-assets.com/specs/ingersoll_rand/ing-cmp-8596.pdf,https://www.industrial-supply-direct.com/item/ing-cmp-8596
PID-10731,SMA Solar Battery Energy Storage Unit SMA-PWR-8366,SMA Solar,Power Equipment,Battery Energy Storage Unit,SMA-PWR-8366,"Compact and durable Battery Energy Storage Unit with 250 kVA rating, rated for multi-voltage networks.",14405.65,EUR,,250 kVA,50 Hz,N/A,253.7 LBS,669x774x351mm,Marine Grade Aluminum,IP65 Enclosure,,SMA Solar,United States,Nordic Machinery Hub,Field Engineering Audit,https://docs.productiq-assets.com/specs/sma_solar/sma-pwr-8366.pdf,https://www.industrial-supply-direct.com/item/sma-pwr-8366
PID-10732,Pilz Gas Detection Monitor PIL-SFT-7175,Pilz,Safety Equipment,Gas Detection Monitor,PIL-SFT-7175,"Pilz Gas Detection Monitor PIL-SFT-7175 offers industry leading performance, low vibration levels, and optimized lifecycle costs. Complies with ISO 9001 and CE directives.",16294.61,EUR,24VDC,15 W,50/60 Hz,N/A,,L:1019 W:147 H:217,Reinforced Polymer,IP67,2 Years,Pilz,Japan,Apex Industrial Supplies,Supplier Price File 2024,https://docs.productiq-assets.com/specs/pilz/pil-sft-7175.pdf,https://www.industrial-supply-direct.com/item/pil-sft-7175
PID-10733,Pepperl+Fuchs Interlock Switch PEP-SFT-1515,Pepperl+Fuchs,Safety Equipment,Interlock Switch,PEP-SFT-1515,<div><p>Industrial Safety Equipment - PEP-SFT-1515</p><span>Manufacturer: Pepperl+Fuchs</span><br>Standard spec with warranty: 36 Months Extended</div>,3895.47,USD,Battery / 3.6V,5 W,DC,N/A,298.1 kg,115.7x61.9x77.5 cm,Reinforced Polymer,Ex d IIC T6,36 Months Extended,Pepperl+Fuchs,United Kingdom,Precision Parts Direct,OEM Technical Data Sheet,,https://www.industrial-supply-direct.com/item/pep-sft-1515
PID-10734,Baldor-Reliance DC Traction Motor BAL-MTR-2840,Baldor-Reliance,Industrial Motors,DC Traction Motor,BAL-MTR-2840,REDUNDANT RECORD: Baldor-Reliance BAL-MTR-2840 Industrial Motors DC Traction Motor. Contact supplier TechFlow Solutions for spec sheet.,20617.93,USD,230/400V,45 kW,50Hz,3000 RPM,286.9 kilograms,96.2x29.9x78.8 cm,Ductile Iron,IP 55,24 months,Baldor-Reliance,Switzerland,TechFlow Solutions,ERP Master Data,https://docs.productiq-assets.com/specs/baldor-reliance/bal-mtr-2840.pdf,https://www.industrial-supply-direct.com/item/bal-mtr-2840
PID-10735,FAG Schaeffler Pillow Block Bearing FAG-BRG-8938,FAG Schaeffler,Bearings,,FAG-BRG-8938,"FAG Schaeffler Pillow Block Bearing FAG-BRG-8938 offers industry leading performance, low vibration levels, and optimized lifecycle costs. Complies with ISO 9001 and CE directives.",4357.24,EUR,N/A,N/A,N/A,6000 RPM,,645 x 683 x 562 mm,High Carbon Chrome Steel 100Cr6,ZZ Shielded,2 Years,FAG Schaeffler,France,Precision Parts Direct,Vendor Portal Upload,,https://www.industrial-supply-direct.com/item/fag-brg-8938
PID-10736,NSK Cylindrical Roller Bearing NSK-BRG-6214,NSK,Bearings,Cylindrical Roller Bearing,NSK-BRG-6214,"NSK Cylindrical Roller Bearing NSK-BRG-6214 offers industry leading performance, low vibration levels, and optimized lifecycle costs. Complies with ISO 9001 and CE directives.",1090.11,EUR,,N/A,N/A,6000 RPM,9.8 KG,65.7x62.2x65.9 cm,Stainless Steel 440C,Open,,NSK,Finland,Nordic Machinery Hub,Field Engineering Audit,https://docs.productiq-assets.com/specs/nsk/nsk-brg-6214.pdf,https://www.industrial-supply-direct.com/item/nsk-brg-6214
PID-10737,Mitsubishi Electric Distributed Control System (DCS) Module MIT-CTL-4237,Mitsubishi Electric,Control Systems,Distributed Control System (DCS) Module,MIT-CTL-4237,"Mitsubishi Electric Distributed Control System (DCS) Module MIT-CTL-4237 offers industry leading performance, low vibration levels, and optimized lifecycle costs. Complies with ISO 9001 and CE directives.",10317.93,USD,230 V AC,1.5 kW,0-400 Hz Output,N/A,367.9 kilograms,,Metal Alloy,ip20,24 months,Mitsubishi Electric,Finland,Continental Drive Systems,OEM Technical Data Sheet,https://docs.productiq-assets.com/specs/mitsubishi_electric/mit-ctl-4237.pdf,https://www.industrial-supply-direct.com/item/mit-ctl-4237
PID-10738,SMA Solar Online Double-Conversion UPS SMA-PWR-1181,SMA Solar,Power Equipment,Online Double-Conversion UPS,SMA-PWR-1181,"SMA Solar Online Double-Conversion UPS SMA-PWR-1181 offers industry leading performance, low vibration levels, and optimized lifecycle costs. Complies with ISO 9001 and CE directives.",9606.88,GBP,230 V Single Phase,100 kW,60 Hz,N/A,71.6 g,"23.9"" x 12.6"" x 16.9""",Galvanized Steel Weatherproof,IP20,,SMA Solar,China,Continental Drive Systems,Supplier Price File 2024,https://docs.productiq-assets.com/specs/sma_solar/sma-pwr-1181.pdf,https://www.industrial-supply-direct.com/item/sma-pwr-1181
PID-10739,Bray High-Pressure Gate Valve BRA-VLV-1202,Bray,Valves,High-Pressure Gate Valve,BRA-VLV-1202,"Compact and durable High-Pressure Gate Valve with N/A rating, rated for 24 V DC networks.",5993.42,GBP,24 V DC,N/A,50 Hz,N/A,270.8 KG,,Forged Steel A105,,12 Months,Bray,Japan,Apex Industrial Supplies,ERP Master Data,https://docs.productiq-assets.com/specs/bray/bra-vlv-1202.pdf,https://www.industrial-supply-direct.com/item/bra-vlv-1202
PID-10740,Rockwell Allen-Bradley Safety Relay ROC-CTL-2103,Rockwell Allen-Bradley,Control Systems,Safety Relay,ROC-CTL-2103,"Rockwell Allen-Bradley Safety Relay ROC-CTL-2103 offers industry leading performance, low vibration levels, and optimized lifecycle costs. Complies with ISO 9001 and CE directives.",17810.59,€,400 V 3PH,22 kW,50 Hz,N/A,146.3 g,L:1062 W:235 H:133,Industrial Thermoplastic,IP20,1 Year Standard,Rockwell Allen-Bradley,Italy,Precision Parts Direct,Field Engineering Audit,https://docs.productiq-assets.com/specs/rockwell_allen-bradley/roc-ctl-2103.pdf,https://www.industrial-supply-direct.com/item/roc-ctl-2103
PID-10741,Bray Pneumatic Ball Valve BRA-VLV-6398,Bray,Valves,Pneumatic Ball Valve,BRA-VLV-6398,REDUNDANT RECORD: Bray BRA-VLV-6398 Valves Pneumatic Ball Valve. Contact supplier Nordic Machinery Hub for spec sheet.,15604.99,USD,,15 W,N/A,N/A,281.0 kg.,L:920 W:228 H:682,Forged Steel A105,IP65,,Bray,Italy,Nordic Machinery Hub,Distributor Catalog EU,https://docs.productiq-assets.com/specs/bray/bra-vlv-6398.pdf,invalid-url-item
PID-10742,Chint Vacuum Contactor CHI-ELC-5030,Chint,Electrical Components,Vacuum Contactor,CHI-ELC-5030,"*** CHINT SPECIAL PROMO *** Model CHI-ELC-5030. High reliability, certified quality. Suitable for power, water, oil&gas applications. Order now.",14809.15,$,11 kV,N/A,50/60 Hz,N/A,382.7 kg,729x602x363mm,Silver Alloy Contacts,IP30,24 months,Chint,United States,Precision Parts Direct,OEM Technical Data Sheet,https://docs.productiq-assets.com/specs/chint/chi-elc-5030.pdf,https://www.industrial-supply-direct.com/item/chi-elc-5030
PID-10743,Siemens SIMATIC Programmable Logic Controller (PLC) SIE-CTL-1849,Siemens SIMATIC,Control Systems,Programmable Logic Controller (PLC),SIE-CTL-1849,<div><p>Industrial Control Systems - SIE-CTL-1849</p><span>Manufacturer: Siemens SIMATIC</span><br>Standard spec with warranty: 2 Years</div>,11943.69,USD,24VDC / 120VAC,15 kW,50 Hz,N/A,68.1 kg.,245x704x303mm,Industrial Thermoplastic,IP20,2 Years,Siemens SIMATIC,Germany,Global Electro Corp,Supplier Price File 2024,https://docs.productiq-assets.com/specs/siemens_simatic/sie-ctl-1849.pdf,https://www.industrial-supply-direct.com/item/sie-ctl-1849
PID-10744,FAG Schaeffler Cylindrical Roller Bearing FAG-BRG-5695,FAG Schaeffler,Bearings,Cylindrical Roller Bearing,FAG-BRG-5695,"Compact and durable Cylindrical Roller Bearing with standard power rating, rated for multi-voltage networks.",,USD,,,N/A,8500 rpm,350.4 LBS,L:1065 W:744 H:134,High Carbon Chrome Steel 100Cr6,Open,,FAG Schaeffler,United States,Nordic Machinery Hub,ERP Master Data,https://docs.productiq-assets.com/specs/fag_schaeffler/fag-brg-5695.pdf,https://www.industrial-supply-direct.com/item/fag-brg-5695
PID-10745,Honeywell Analytics Explosion Proof Beacon HON-SFT-2285,Honeywell Analytics,Safety Equipment,Explosion Proof Beacon,HON-SFT-2285,Heavy-duty industrial grade Explosion Proof Beacon engineered by Honeywell Analytics. Designed for continuous continuous operation in harsh industrial environments with high thermal efficiency and rugged construction.,9257.04,GBP,110-230 VAC,,50/60 Hz,N/A,45.2 kilograms,655x734x501mm,Anodized Aluminum,Ex d IIC T6,36 Months Extended,Honeywell Analytics,United States,Nordic Machinery Hub,Field Engineering Audit,https://docs.productiq-assets.com/specs/honeywell_analytics/hon-sft-2285.pdf,https://www.industrial-supply-direct.com/item/hon-sft-2285
PID-10746,ABB Explosion-Proof Motor ABB-MTR-1185,ABB,Industrial Motors,,ABB-MTR-1185,REDUNDANT RECORD: ABB ABB-MTR-1185 Industrial Motors . Contact supplier Global Electro Corp for spec sheet.,21423.42,GBP,380-415 V,45 kW,50 Hz,1750 RPM,321.0 KG,"5.9"" x 31.4"" x 12.4""",Stainless Steel,IP23,,ABB,Germany,Global Electro Corp,OEM Technical Data Sheet,https://docs.productiq-assets.com/specs/abb/abb-mtr-1185.pdf,https://www.industrial-supply-direct.com/item/abb-mtr-1185
PID-10747,Banner Engineering Explosion Proof Beacon BAN-SFT-1344,Banner Engineering,Safety Equipment,Explosion Proof Beacon,BAN-SFT-1344,REDUNDANT RECORD: Banner Engineering BAN-SFT-1344 Safety Equipment Explosion Proof Beacon. Contact supplier Apex Industrial Supplies for spec sheet.,3709.36,EUR,24 V DC,0.02 kW,50/60 Hz,N/A,325.8 kg.,L:370 W:304 H:156,Flameproof Aluminum,Ex d IIC T6,1 Year Standard,Banner Engineering,Japan,Apex Industrial Supplies,ERP Master Data,https://docs.productiq-assets.com/specs/banner_engineering/ban-sft-1344.pdf,https://www.industrial-supply-direct.com/item/ban-sft-1344
PID-10748,Mitsubishi Electric Programmable Logic Controller (PLC) MIT-CTL-9283,Mitsubishi Electric,Control Systems,Programmable Logic Controller (PLC),MIT-CTL-9283,REDUNDANT RECORD: Mitsubishi Electric MIT-CTL-9283 Control Systems Programmable Logic Controller (PLC). Contact supplier TechFlow Solutions for spec sheet.,13438.88,$,24vdc,150 W,50/60 Hz,N/A,389.9 kg,39.7x49.9x48.7 cm,Metal Alloy,IP20,36 Months Extended,Mitsubishi Electric,China,TechFlow Solutions,ERP Master Data,,https://www.industrial-supply-direct.com/item/mit-ctl-9283
PID-10749,Rockwell Allen-Bradley Distributed Control System (DCS) Module ROC-CTL-2954,Rockwell Allen-Bradley,Control Systems,Distributed Control System (DCS) Module,ROC-CTL-2954,"*** ROCKWELL ALLEN-BRADLEY SPECIAL PROMO *** Model ROC-CTL-2954. High reliability, certified quality. Suitable for power, water, oil&gas applications. Order now.",15777.97,€,24vdc,,50/60 Hz,N/A,216.1 kg.,670 x 403 x 591 mm,Metal Alloy,ip20,,Rockwell Allen-Bradley,Sweden,Precision Parts Direct,Vendor Portal Upload,,https://www.industrial-supply-direct.com/item/roc-ctl-2954
PID-10750,Timken Deep Groove Ball Bearing TIM-BRG-6553,Timken,Bearings,Deep Groove Ball Bearing,TIM-BRG-6553,"Timken Deep Groove Ball Bearing TIM-BRG-6553 offers industry leading performance, low vibration levels, and optimized lifecycle costs. Complies with ISO 9001 and CE directives.",10158.59,,,N/A,N/A,8500 rpm,106.4 kg,887 x 175 x 857 mm,High Carbon Chrome Steel 100Cr6,Open,2 Years,Timken,United Kingdom,Continental Drive Systems,ERP Master Data,,https://www.industrial-supply-direct.com/item/tim-brg-6553
PID-10751,Banner Engineering Safety Light Curtain BAN-SFT-6417,Banner Engineering,Safety Equipment,Safety Light Curtain,BAN-SFT-6417,"*** BANNER ENGINEERING SPECIAL PROMO *** Model BAN-SFT-6417. High reliability, certified quality. Suitable for power, water, oil&gas applications. Order now.",5740.99,€,Battery / 3.6V,5 W,50/60 Hz,N/A,121.5 kg,L:347 W:111 H:321,Reinforced Polymer,IP69K,12 Months,Banner Engineering,Germany,Precision Parts Direct,OEM Technical Data Sheet,https://docs.productiq-assets.com/specs/banner_engineering/ban-sft-6417.pdf,https://www.industrial-supply-direct.com/item/ban-sft-6417
PID-10752,Emerson Fisher Check Valve EME-VLV-5297,Emerson Fisher,Valves,Check Valve,EME-VLV-5297,<div><p>Industrial Valves - EME-VLV-5297</p><span>Manufacturer: Emerson Fisher</span><br>Standard spec with warranty: 24 months</div>,16551.9,USD,24VDC,N/A,,,24.7 g,"7.4"" x 9.3"" x 22.6""",Hastelloy C,,24 months,Emerson Fisher,Italy,TechFlow Solutions,Field Engineering Audit,https://docs.productiq-assets.com/specs/emerson_fisher/eme-vlv-5297.pdf,https://www.industrial-supply-direct.com/item/eme-vlv-5297
PID-10753,Emerson Fisher Butterfly Valve EME-VLV-5683,Emerson Fisher,Valves,Butterfly Valve,EME-VLV-5683,<div><p>Industrial Valves - EME-VLV-5683</p><span>Manufacturer: Emerson Fisher</span><br>Standard spec with warranty: </div>,6817.45,$,,15 W,60 Hz,,239.4 kg.,679x438x507mm,CF8M Stainless,IP65,,Emerson Fisher,Finland,Precision Parts Direct,OEM Technical Data Sheet,https://docs.productiq-assets.com/specs/emerson_fisher/eme-vlv-5683.pdf,https://www.industrial-supply-direct.com/item/eme-vlv-5683
PID-10754,Schneider Electric Vacuum Contactor SCH-ELC-7674,Schneider Electric,Electrical Components,Vacuum Contactor,SCH-ELC-7674,"Compact and durable Vacuum Contactor with 630 A Rating rating, rated for 400 V networks.",5698.66,€,400 V,630 A Rating,50/60 Hz,N/A,,50.2x46.1x16.4 cm,DMC Polyester Glass,IP30,12 Months,Schneider Electric,Italy,Global Electro Corp,Distributor Catalog EU,,https://www.industrial-supply-direct.com/item/sch-elc-7674
PID-10755,Sulzer Diaphragm Pump SUL-PMP-2538,Sulzer,Pumps,Diaphragm Pump,SUL-PMP-2538,<div><p>Industrial Pumps - SUL-PMP-2538</p><span>Manufacturer: Sulzer</span><br>Standard spec with warranty: 5 Years</div>,1375.66,USD,400v,11 kW,50/60 Hz,1450 RPM,121.2 g,64.1x47.4x31.8 cm,Stainless Steel 316,IP 68,5 Years,Sulzer,Finland,Apex Industrial Supplies,Supplier Price File 2024,https://docs.productiq-assets.com/specs/sulzer/sul-pmp-2538.pdf,https://www.industrial-supply-direct.com/item/sul-pmp-2538
PID-10756,Xylem Multistage High-Pressure Pump XYL-PMP-9708,Xylem,Pumps,Multistage High-Pressure Pump,XYL-PMP-9708,"Compact and durable Multistage High-Pressure Pump with 15 kW rating, rated for 400v networks.",23149.2,€,400v,15 kW,60 Hz,3500 rpm,120.6 g,"35.8"" x 26.0"" x 4.2""",Cast Iron GG25,ip68,12 Months,Xylem,Switzerland,Precision Parts Direct,OEM Technical Data Sheet,https://docs.productiq-assets.com/specs/xylem/xyl-pmp-9708.pdf,https://www.industrial-supply-direct.com/item/xyl-pmp-9708
PID-10757,Wilo Positive Displacement Pump WIL-PMP-5003,Wilo,Pumps,Positive Displacement Pump,WIL-PMP-5003,REDUNDANT RECORD: Wilo WIL-PMP-5003 Pumps Positive Displacement Pump. Contact supplier Global Electro Corp for spec sheet.,19353.57,EUR,230 V,15 HP,50 Hz,3500 rpm,272.7 lbs,"14.6"" x 12.4"" x 26.7""",Cast Iron GG25,,24 months,Wilo,Germany,Global Electro Corp,ERP Master Data,https://docs.productiq-assets.com/specs/wilo/wil-pmp-5003.pdf,https://www.industrial-supply-direct.com/item/wil-pmp-5003
PID-10758,Velan High-Pressure Gate Valve VEL-VLV-7161,Velan,Valves,High-Pressure Gate Valve,VEL-VLV-7161,"*** VELAN SPECIAL PROMO *** Model VEL-VLV-7161. High reliability, certified quality. Suitable for power, water, oil&gas applications. Order now.",14284.28,EUR,,15 W,50 Hz,,65.5 KG,473 x 122 x 689 mm,Hastelloy C,IP65,12 Months,Velan,Finland,Global Electro Corp,Supplier Price File 2024,https://docs.productiq-assets.com/specs/velan/vel-vlv-7161.pdf,https://www.industrial-supply-direct.com/item/vel-vlv-7161
PID-10759,FAG Schaeffler Spherical Roller Bearing FAG-BRG-4480,FAG Schaeffler,Bearings,Spherical Roller Bearing,FAG-BRG-4480,"*** FAG SCHAEFFLER SPECIAL PROMO *** Model FAG-BRG-4480. High reliability, certified quality. Suitable for power, water, oil&gas applications. Order now.",15865.14,USD,,,N/A,4500 max RPM,411.9 lbs,242 x 306 x 664 mm,Stainless Steel 440C,Open,12 Months,FAG Schaeffler,France,TechFlow Solutions,Distributor Catalog EU,https://docs.productiq-assets.com/specs/fag_schaeffler/fag-brg-4480.pdf,https://www.industrial-supply-direct.com/item/fag-brg-4480
PID-10760,Omron Distributed Control System (DCS) Module OMR-CTL-3101,Omron,Control Systems,Distributed Control System (DCS) Module,OMR-CTL-3101,<div><p>Industrial Control Systems - OMR-CTL-3101</p><span>Manufacturer: Omron</span><br>Standard spec with warranty: 1 Year Standard</div>,11263.81,€,24VDC / 120VAC,15 kW,50/60 Hz,N/A,15.2 kilograms,,Industrial Thermoplastic,IP20,1 Year Standard,Omron,Italy,Continental Drive Systems,Distributor Catalog EU,https://docs.productiq-assets.com/specs/omron/omr-ctl-3101.pdf,https://www.industrial-supply-direct.com/item/omr-ctl-3101
PID-10761,NSK Tapered Roller Bearing NSK-BRG-2389,NSK,Bearings,Tapered Roller Bearing,NSK-BRG-2389,REDUNDANT RECORD: NSK NSK-BRG-2389 Bearings Tapered Roller Bearing. Contact supplier Global Electro Corp for spec sheet.,19003.81,€,,N/A,N/A,4500 max RPM,205.4 KG,,Stainless Steel 440C,2RS Sealed,12 Months,NSK,France,Global Electro Corp,OEM Technical Data Sheet,https://docs.productiq-assets.com/specs/nsk/nsk-brg-2389.pdf,https://www.industrial-supply-direct.com/item/nsk-brg-2389
PID-10762,Schneider Electric Human Machine Interface (HMI) SCH-CTL-2162,Schneider Electric,Control Systems,Human Machine Interface (HMI),SCH-CTL-2162,REDUNDANT RECORD: Schneider Electric SCH-CTL-2162 Control Systems Human Machine Interface (HMI). Contact supplier Precision Parts Direct for spec sheet.,10794.54,GBP,24vdc,7.5 kW,0-400 Hz Output,N/A,244.9 kg.,L:258 W:363 H:713,Polycarbonate / Aluminum,IP65 Bezel,1 Year Standard,Schneider Electric,Finland,Precision Parts Direct,Distributor Catalog EU,https://docs.productiq-assets.com/specs/schneider_electric/sch-ctl-2162.pdf,https://www.industrial-supply-direct.com/item/sch-ctl-2162
PID-10763,WEG DC Traction Motor WEG-MTR-4400,WEG,Industrial Motors,DC Traction Motor,WEG-MTR-4400,<div><p>Industrial Industrial Motors - WEG-MTR-4400</p><span>Manufacturer: WEG</span><br>Standard spec with warranty: 24 months</div>,18620.98,EUR,230/400V,15000 W,50/60 Hz,2950 RPM,247.8 g,1192 x 766 x 176 mm,Aluminum,IP66,24 months,WEG,Japan,Continental Drive Systems,Vendor Portal Upload,https://docs.productiq-assets.com/specs/weg/weg-mtr-4400.pdf,invalid-url-item
PID-10764,KSB Diaphragm Pump KSB-PMP-8158,KSB,Pumps,Diaphragm Pump,KSB-PMP-8158,REDUNDANT RECORD: KSB KSB-PMP-8158 Pumps Diaphragm Pump. Contact supplier Precision Parts Direct for spec sheet.,23706.09,€,24 V DC,5 HP,50 Hz,2900 RPM,336.6 g,1151x613x638mm,Bronze,IP55,2 Years,KSB,China,Precision Parts Direct,Supplier Price File 2024,https://docs.productiq-assets.com/specs/ksb/ksb-pmp-8158.pdf,invalid-url-item
PID-10765,Euchner Safety Light Curtain EUC-SFT-7355,Euchner,Safety Equipment,Safety Light Curtain,EUC-SFT-7355,REDUNDANT RECORD: Euchner EUC-SFT-7355 Safety Equipment Safety Light Curtain. Contact supplier Precision Parts Direct for spec sheet.,16766.39,$,Battery / 3.6V,5 W,DC,N/A,177.7 kilograms,115.5x53.8x80.3 cm,Flameproof Aluminum,Ex d IIC T6,36 Months Extended,Euchner,Switzerland,Precision Parts Direct,Supplier Price File 2024,https://docs.productiq-assets.com/specs/euchner/euc-sft-7355.pdf,invalid-url-item
PID-10766,Vertiv Liebert Online Double-Conversion UPS VER-PWR-4298,Vertiv Liebert,Power Equipment,Online Double-Conversion UPS,VER-PWR-4298,<div><p>Industrial Power Equipment - VER-PWR-4298</p><span>Manufacturer: Vertiv Liebert</span><br>Standard spec with warranty: 24 months</div>,1297.38,€,400 V 3-Phase,,50/60 Hz,1500 RPM,308.8 lbs,"30.6"" x 24.1"" x 30.7""",Acoustic Heavy Steel,IP54 Outdoor,24 months,Vertiv Liebert,Italy,Nordic Machinery Hub,ERP Master Data,,https://www.industrial-supply-direct.com/item/ver-pwr-4298
PID-10767,Timken Cylindrical Roller Bearing TIM-BRG-5499,Timken,Bearings,Cylindrical Roller Bearing,TIM-BRG-5499,"*** TIMKEN SPECIAL PROMO *** Model TIM-BRG-5499. High reliability, certified quality. Suitable for power, water, oil&gas applications. Order now.",1335.83,USD,N/A,,N/A,3200 RPM,71.4 kg.,L:632 W:170 H:888,Ceramic Hybrid,Open,1 Year Standard,Timken,Germany,Global Electro Corp,ERP Master Data,https://docs.productiq-assets.com/specs/timken/tim-brg-5499.pdf,https://www.industrial-supply-direct.com/item/tim-brg-5499
PID-10768,Banner Engineering Safety Light Curtain BAN-SFT-9397,Banner Engineering,Safety Equipment,Safety Light Curtain,BAN-SFT-9397,Heavy-duty industrial grade Safety Light Curtain engineered by Banner Engineering. Designed for continuous continuous operation in harsh industrial environments with high thermal efficiency and rugged construction.,19709.22,EUR,110-230 VAC,,DC,N/A,231.9 lbs,,Anodized Aluminum,IP66,36 Months Extended,Banner Engineering,China,Global Electro Corp,Field Engineering Audit,https://docs.productiq-assets.com/specs/banner_engineering/ban-sft-9397.pdf,https://www.industrial-supply-direct.com/item/ban-sft-9397
PID-10769,Koyo Deep Groove Ball Bearing KOY-BRG-4483,Koyo,Bearings,Deep Groove Ball Bearing,KOY-BRG-4483,"Koyo Deep Groove Ball Bearing KOY-BRG-4483 offers industry leading performance, low vibration levels, and optimized lifecycle costs. Complies with ISO 9001 and CE directives.",14048.53,$,N/A,,N/A,4500 max RPM,445.5 LBS,L:529 W:471 H:498,Ceramic Hybrid,Open,12 Months,Koyo,Italy,Apex Industrial Supplies,ERP Master Data,https://docs.productiq-assets.com/specs/koyo/koy-brg-4483.pdf,https://www.industrial-supply-direct.com/item/koy-brg-4483
PID-10770,Omron Human Machine Interface (HMI) OMR-CTL-5901,Omron,Control Systems,Human Machine Interface (HMI),OMR-CTL-5901,REDUNDANT RECORD: Omron OMR-CTL-5901 Control Systems Human Machine Interface (HMI). Contact supplier TechFlow Solutions for spec sheet.,13789.18,€,24 V DC,30 W,0-400 Hz Output,N/A,3.0 g,653 x 250 x 766 mm,Metal Alloy,,,Omron,United States,TechFlow Solutions,OEM Technical Data Sheet,https://docs.productiq-assets.com/specs/omron/omr-ctl-5901.pdf,https://www.industrial-supply-direct.com/item/omr-ctl-5901
PID-10771,Boge Centrifugal Turbo Compressor BOG-CMP-1287,Boge,Compressors,Centrifugal Turbo Compressor,BOG-CMP-1287,REDUNDANT RECORD: Boge BOG-CMP-1287 Compressors Centrifugal Turbo Compressor. Contact supplier Apex Industrial Supplies for spec sheet.,20278.44,$,400V 50Hz,75KW,50 Hz,2950 RPM,430.2 kg,L:236 W:625 H:535,Heavy Gauge Steel Housing,IP54,5 Years,Boge,Switzerland,Apex Industrial Supplies,OEM Technical Data Sheet,https://docs.productiq-assets.com/specs/boge/bog-cmp-1287.pdf,https://www.industrial-supply-direct.com/item/bog-cmp-1287
PID-10772,Schneider Galaxy Automatic Transfer Switch SCH-PWR-7495,Schneider Galaxy,Power Equipment,Automatic Transfer Switch,SCH-PWR-7495,"Schneider Galaxy Automatic Transfer Switch SCH-PWR-7495 offers industry leading performance, low vibration levels, and optimized lifecycle costs. Complies with ISO 9001 and CE directives.",19360.03,EUR,400/230V 50Hz,1200 kW,60 Hz,1500 RPM,248.0 g,"26.5"" x 10.6"" x 22.4""",Galvanized Steel Weatherproof,IP20,24 months,Schneider Galaxy,Switzerland,Apex Industrial Supplies,Vendor Portal Upload,https://docs.productiq-assets.com/specs/schneider_galaxy/sch-pwr-7495.pdf,invalid-url-item
PID-10773,Rockwell Allen-Bradley Safety Relay ROC-CTL-4500,Rockwell Allen-Bradley,Control Systems,Safety Relay,ROC-CTL-4500,"Rockwell Allen-Bradley Safety Relay ROC-CTL-4500 offers industry leading performance, low vibration levels, and optimized lifecycle costs. Complies with ISO 9001 and CE directives.",8970.15,$,24 V DC,150 W,50 Hz,N/A,187.9 LBS,"5.8"" x 20.9"" x 10.1""",Metal Alloy,ip20,5 Years,Rockwell Allen-Bradley,Switzerland,Precision Parts Direct,OEM Technical Data Sheet,https://docs.productiq-assets.com/specs/rockwell_allen-bradley/roc-ctl-4500.pdf,https://www.industrial-supply-direct.com/item/roc-ctl-4500
PID-10774,Caterpillar Online Double-Conversion UPS CAT-PWR-3805,Caterpillar,Power Equipment,Online Double-Conversion UPS,CAT-PWR-3805,"Caterpillar Online Double-Conversion UPS CAT-PWR-3805 offers industry leading performance, low vibration levels, and optimized lifecycle costs. Complies with ISO 9001 and CE directives.",16330.69,EUR,230 V Single Phase,500 kW,50/60 Hz,1500 RPM,287.9 kg,67.4x57.7x55.7 cm,Marine Grade Aluminum,IP23,12 Months,Caterpillar,United Kingdom,Nordic Machinery Hub,Field Engineering Audit,https://docs.productiq-assets.com/specs/caterpillar/cat-pwr-3805.pdf,https://www.industrial-supply-direct.com/item/cat-pwr-3805
PID-10775,Pilz Interlock Switch PIL-SFT-9860,Pilz,Safety Equipment,Interlock Switch,PIL-SFT-9860,"*** PILZ SPECIAL PROMO *** Model PIL-SFT-9860. High reliability, certified quality. Suitable for power, water, oil&gas applications. Order now.",17996.07,GBP,Battery / 3.6V,,50/60 Hz,N/A,321.2 lbs,"20.9"" x 24.3"" x 14.5""",Flameproof Aluminum,,1 Year Standard,Pilz,China,Apex Industrial Supplies,OEM Technical Data Sheet,https://docs.productiq-assets.com/specs/pilz/pil-sft-9860.pdf,https://www.industrial-supply-direct.com/item/pil-sft-9860
PID-10776,Siemens SIMATIC Distributed Control System (DCS) Module SIE-CTL-4896,Siemens SIMATIC,Control Systems,Distributed Control System (DCS) Module,SIE-CTL-4896,"Siemens SIMATIC Distributed Control System (DCS) Module SIE-CTL-4896 offers industry leading performance, low vibration levels, and optimized lifecycle costs. Complies with ISO 9001 and CE directives.",16377.3,EUR,24VDC / 120VAC,30 W,50/60 Hz,N/A,355.6 LBS,301 x 623 x 885 mm,Metal Alloy,IP20,5 Years,Siemens SIMATIC,Germany,Nordic Machinery Hub,Supplier Price File 2024,https://docs.productiq-assets.com/specs/siemens_simatic/sie-ctl-4896.pdf,https://www.industrial-supply-direct.com/item/sie-ctl-4896
PID-10777,Caterpillar Industrial Diesel Generator CAT-PWR-1771,Caterpillar,Power Equipment,Industrial Diesel Generator,CAT-PWR-1771,REDUNDANT RECORD: Caterpillar CAT-PWR-1771 Power Equipment Industrial Diesel Generator. Contact supplier Continental Drive Systems for spec sheet.,3240.71,€,400/230V 50Hz,100 kW,60 Hz,1500 RPM,298.5 LBS,"7.6"" x 13.7"" x 32.7""",Acoustic Heavy Steel,IP54 Outdoor,1 Year Standard,Caterpillar,United Kingdom,Continental Drive Systems,ERP Master Data,https://docs.productiq-assets.com/specs/caterpillar/cat-pwr-1771.pdf,https://www.industrial-supply-direct.com/item/cat-pwr-1771
PID-10778,Yokogawa Electromagnetic Flowmeter YOK-SNS-6805,Yokogawa,Sensors,Electromagnetic Flowmeter,YOK-SNS-6805,"Compact and durable Electromagnetic Flowmeter with < 3W rating, rated for 24 V DC networks.",19225.75,EUR,24 V DC,< 3W,50/60 Hz,N/A,380.3 kg.,L:167 W:466 H:230,Hastelloy,IP67,1 Year Standard,Yokogawa,Finland,Precision Parts Direct,Vendor Portal Upload,https://docs.productiq-assets.com/specs/yokogawa/yok-sns-6805.pdf,https://www.industrial-supply-direct.com/item/yok-sns-6805
PID-10779,FAG Schaeffler Deep Groove Ball Bearing FAG-BRG-6098,FAG Schaeffler,Bearings,Deep Groove Ball Bearing,FAG-BRG-6098,"Compact and durable Deep Groove Ball Bearing with standard power rating, rated for N/A networks.",2588.2,EUR,N/A,,N/A,3200 RPM,,"36.2"" x 25.5"" x 21.8""",Stainless Steel 440C,N/A,,FAG Schaeffler,Finland,Apex Industrial Supplies,Vendor Portal Upload,,https://www.industrial-supply-direct.com/item/fag-brg-6098
PID-10780,Legrand Industrial Transformer LEG-ELC-9810,Legrand,Electrical Components,Industrial Transformer,LEG-ELC-9810,"Legrand Industrial Transformer LEG-ELC-9810 offers industry leading performance, low vibration levels, and optimized lifecycle costs. Complies with ISO 9001 and CE directives.",5636.17,EUR,690 V,N/A,50/60 Hz,N/A,369.2 lbs,,Thermoset Resin,IP20,2 Years,Legrand,Finland,TechFlow Solutions,OEM Technical Data Sheet,https://docs.productiq-assets.com/specs/legrand/leg-elc-9810.pdf,https://www.industrial-supply-direct.com/item/leg-elc-9810
PID-10781,Endress+Hauser Electromagnetic Flowmeter END-SNS-9162,Endress+Hauser,Sensors,Electromagnetic Flowmeter,END-SNS-9162,"Endress+Hauser Electromagnetic Flowmeter END-SNS-9162 offers industry leading performance, low vibration levels, and optimized lifecycle costs. Complies with ISO 9001 and CE directives.",16979.0,GBP,LOOP POWERED,0.01 kW,DC,N/A,42.2 LBS,723x757x267mm,Hastelloy,ip67,2 Years,Endress+Hauser,Japan,Apex Industrial Supplies,OEM Technical Data Sheet,https://docs.productiq-assets.com/specs/endress+hauser/end-sns-9162.pdf,https://www.industrial-supply-direct.com/item/end-sns-9162
PID-10782,Wilo Positive Displacement Pump WIL-PMP-5166,Wilo,Pumps,Positive Displacement Pump,WIL-PMP-5166,"Wilo Positive Displacement Pump WIL-PMP-5166 offers industry leading performance, low vibration levels, and optimized lifecycle costs. Complies with ISO 9001 and CE directives.",14029.31,$,400 V,3.7 kW,60 Hz,2900 RPM,335.0 LBS,"26.8"" x 30.1"" x 7.2""",Cast Iron GG25,ip68,24 months,Wilo,Finland,Apex Industrial Supplies,Field Engineering Audit,,invalid-url-item
PID-10783,Siemens Synchronous Motor SIE-MTR-2260,Siemens,Industrial Motors,Synchronous Motor,SIE-MTR-2260,"Siemens Synchronous Motor SIE-MTR-2260 offers industry leading performance, low vibration levels, and optimized lifecycle costs. Complies with ISO 9001 and CE directives.",9758.37,EUR,400V,10 HP,50hz,1450 RPM,266.9 kilograms,,Cast Iron,IP23,2 Years,Siemens,Sweden,Continental Drive Systems,Vendor Portal Upload,https://docs.productiq-assets.com/specs/siemens/sie-mtr-2260.pdf,https://www.industrial-supply-direct.com/item/sie-mtr-2260
PID-10784,Yokogawa Pressure Transmitter YOK-SNS-3483,Yokogawa,Sensors,Pressure Transmitter,YOK-SNS-3483,"*** YOKOGAWA SPECIAL PROMO *** Model YOK-SNS-3483. High reliability, certified quality. Suitable for power, water, oil&gas applications. Order now.",23264.48,USD,24V DC,< 3W,N/A,N/A,336.4 lbs,"10.2"" x 4.0"" x 9.5""",Titanium,IP 67,2 Years,Yokogawa,Sweden,Apex Industrial Supplies,ERP Master Data,https://docs.productiq-assets.com/specs/yokogawa/yok-sns-3483.pdf,https://www.industrial-supply-direct.com/item/yok-sns-3483
PID-10785,Kitz Globe Control Valve KIT-VLV-5401,Kitz,Valves,Globe Control Valve,KIT-VLV-5401,Heavy-duty industrial grade Globe Control Valve engineered by Kitz. Designed for continuous continuous operation in harsh industrial environments with high thermal efficiency and rugged construction.,CONTACT SALES,USD,N/A,15 W,N/A,N/A,149.0 g,L:926 W:223 H:380,Hastelloy C,IP66,2 Years,Kitz,Switzerland,TechFlow Solutions,OEM Technical Data Sheet,https://docs.productiq-assets.com/specs/kitz/kit-vlv-5401.pdf,https://www.industrial-supply-direct.com/item/kit-vlv-5401
PID-10786,Sullair Centrifugal Turbo Compressor SUL-CMP-3295,Sullair,Compressors,Centrifugal Turbo Compressor,SUL-CMP-3295,REDUNDANT RECORD: Sullair SUL-CMP-3295 Compressors Centrifugal Turbo Compressor. Contact supplier TechFlow Solutions for spec sheet.,2716.69,USD,400 V,100 HP,60 Hz,2950 RPM,286.1 kg.,"16.7"" x 29.7"" x 11.3""",Heavy Gauge Steel Housing,IP55,1 Year Standard,Sullair,United States,TechFlow Solutions,ERP Master Data,,https://www.industrial-supply-direct.com/item/sul-cmp-3295
PID-10787,Euchner Safety Light Curtain EUC-SFT-3931,Euchner,Safety Equipment,Safety Light Curtain,EUC-SFT-3931,"Compact and durable Safety Light Curtain with 15 W rating, rated for 110-230 VAC networks.",1604.7,USD,110-230 VAC,15 W,DC,N/A,137.1 kilograms,57.8x16.7x35.8 cm,Flameproof Aluminum,IP65,1 Year Standard,Euchner,United States,TechFlow Solutions,Field Engineering Audit,https://docs.productiq-assets.com/specs/euchner/euc-sft-3931.pdf,https://www.industrial-supply-direct.com/item/euc-sft-3931
PID-10788,Yokogawa Electromagnetic Flowmeter YOK-SNS-2520,Yokogawa,Sensors,Electromagnetic Flowmeter,YOK-SNS-2520,Heavy-duty industrial grade Electromagnetic Flowmeter engineered by Yokogawa. Designed for continuous continuous operation in harsh industrial environments with high thermal efficiency and rugged construction.,CONTACT SALES,EUR,24V DC,,N/A,N/A,199.8 g,,Titanium,IP 67,36 Months Extended,Yokogawa,China,Apex Industrial Supplies,ERP Master Data,,https://www.industrial-supply-direct.com/item/yok-sns-2520
PID-10789,ABB Air Circuit Breaker (ACB) ABB-ELC-6112,ABB,Electrical Components,Air Circuit Breaker (ACB),ABB-ELC-6112,"ABB Air Circuit Breaker (ACB) ABB-ELC-6112 offers industry leading performance, low vibration levels, and optimized lifecycle costs. Complies with ISO 9001 and CE directives.",2101.22,USD,230/400V,100 kVA,50 Hz,N/A,37.2 lbs,93.0x74.6x63.7 cm,DMC Polyester Glass,IP20,2 Years,ABB,United Kingdom,Apex Industrial Supplies,ERP Master Data,https://docs.productiq-assets.com/specs/abb/abb-elc-6112.pdf,https://www.industrial-supply-direct.com/item/abb-elc-6112
PID-10790,Siemens Servo Motor SIE-MTR-4242,Siemens,Industrial Motors,Servo Motor,SIE-MTR-4242,<div><p>Industrial Industrial Motors - SIE-MTR-4242</p><span>Manufacturer: Siemens</span><br>Standard spec with warranty: 2 Years</div>,8988.26,EUR,,15kw,60 Hz,1500 rpm,311.9 kg.,138x791x434mm,Cast Iron,IP66,2 Years,Siemens,United States,Apex Industrial Supplies,ERP Master Data,https://docs.productiq-assets.com/specs/siemens/sie-mtr-4242.pdf,invalid-url-item
PID-10791,Mitsubishi Electric Programmable Logic Controller (PLC) MIT-CTL-2689,Mitsubishi Electric,Control Systems,Programmable Logic Controller (PLC),MIT-CTL-2689,"Compact and durable Programmable Logic Controller (PLC) with 7.5 kW rating, rated for 24 V DC networks.",6209.5,EUR,24 V DC,7.5 kW,50 Hz,N/A,,754x337x701mm,Polycarbonate / Aluminum,IP20,12 Months,Mitsubishi Electric,France,Global Electro Corp,ERP Master Data,,https://www.industrial-supply-direct.com/item/mit-ctl-2689
PID-10792,Caterpillar Industrial Diesel Generator CAT-PWR-2865,Caterpillar,Power Equipment,Industrial Diesel Generator,CAT-PWR-2865,REDUNDANT RECORD: Caterpillar CAT-PWR-2865 Power Equipment Industrial Diesel Generator. Contact supplier Global Electro Corp for spec sheet.,6207.86,GBP,480 V,1500 kVA,60 Hz,1500 RPM,98.6 KG,62.0x44.3x52.1 cm,Marine Grade Aluminum,IP54 Outdoor,2 Years,Caterpillar,Japan,Global Electro Corp,OEM Technical Data Sheet,https://docs.productiq-assets.com/specs/caterpillar/cat-pwr-2865.pdf,https://www.industrial-supply-direct.com/item/cat-pwr-2865
PID-10793,NTN Cylindrical Roller Bearing NTN-BRG-8015,NTN,Bearings,Cylindrical Roller Bearing,NTN-BRG-8015,<div><p>Industrial Bearings - NTN-BRG-8015</p><span>Manufacturer: NTN</span><br>Standard spec with warranty: 2 Years</div>,6391.6,EUR,,N/A,N/A,8500 rpm,302.3 g,59.6x38.3x77.7 cm,Stainless Steel 440C,2RS Sealed,2 Years,NTN,United Kingdom,Global Electro Corp,Vendor Portal Upload,https://docs.productiq-assets.com/specs/ntn/ntn-brg-8015.pdf,https://www.industrial-supply-direct.com/item/ntn-brg-8015
PID-10794,Gardner Denver Reciprocating Air Compressor GAR-CMP-7285,Gardner Denver,Compressors,Reciprocating Air Compressor,GAR-CMP-7285,"Gardner Denver Reciprocating Air Compressor GAR-CMP-7285 offers industry leading performance, low vibration levels, and optimized lifecycle costs. Complies with ISO 9001 and CE directives.",19553.58,€,460 V 60Hz,100 HP,50 Hz,3000 rpm,136.8 kg.,L:856 W:324 H:355,Cast Iron Block,IP55,5 Years,Gardner Denver,Sweden,TechFlow Solutions,ERP Master Data,https://docs.productiq-assets.com/specs/gardner_denver/gar-cmp-7285.pdf,https://www.industrial-supply-direct.com/item/gar-cmp-7285
PID-10795,Mitsubishi Electric Variable Frequency Drive (VFD) MIT-CTL-4822,Mitsubishi Electric,Control Systems,Variable Frequency Drive (VFD),MIT-CTL-4822,"Compact and durable Variable Frequency Drive (VFD) with 7.5 kW rating, rated for 230 V AC networks.",13505.93,EUR,230 V AC,7.5 kW,50 Hz,N/A,340.4 lbs,408 x 404 x 205 mm,Metal Alloy,IP65 Bezel,2 Years,Mitsubishi Electric,United Kingdom,Precision Parts Direct,Field Engineering Audit,https://docs.productiq-assets.com/specs/mitsubishi_electric/mit-ctl-4822.pdf,https://www.industrial-supply-direct.com/item/mit-ctl-4822
PID-10796,Sick Explosion Proof Beacon SIC-SFT-5447,Sick,Safety Equipment,Explosion Proof Beacon,SIC-SFT-5447,"Sick Explosion Proof Beacon SIC-SFT-5447 offers industry leading performance, low vibration levels, and optimized lifecycle costs. Complies with ISO 9001 and CE directives.",9909.86,USD,110-230 VAC,10 W,50/60 Hz,N/A,288.4 LBS,258x525x198mm,Flameproof Aluminum,IP69K,5 Years,Sick,United States,Apex Industrial Supplies,Vendor Portal Upload,https://docs.productiq-assets.com/specs/sick/sic-sft-5447.pdf,https://www.industrial-supply-direct.com/item/sic-sft-5447
PID-10797,Honeywell Vibration Sensor HON-SNS-2448,Honeywell,Sensors,Vibration Sensor,HON-SNS-2448,Heavy-duty industrial grade Vibration Sensor engineered by Honeywell. Designed for continuous continuous operation in harsh industrial environments with high thermal efficiency and rugged construction.,637.95,USD,12-30 VDC,2 W,DC,N/A,192.1 lbs,13.9x66.9x24.3 cm,Titanium,,36 Months Extended,Honeywell,United States,Global Electro Corp,OEM Technical Data Sheet,https://docs.productiq-assets.com/specs/honeywell/hon-sns-2448.pdf,https://www.industrial-supply-direct.com/item/hon-sns-2448
PID-10798,Sick Electromagnetic Flowmeter SIC-SNS-8242,Sick,Sensors,Electromagnetic Flowmeter,SIC-SNS-8242,Heavy-duty industrial grade Electromagnetic Flowmeter engineered by Sick. Designed for continuous continuous operation in harsh industrial environments with high thermal efficiency and rugged construction.,7817.07,USD,12-30 VDC,< 3W,50/60 Hz,N/A,208.4 g,L:715 W:111 H:320,Hastelloy,IP 67,24 months,Sick,United States,Precision Parts Direct,Vendor Portal Upload,https://docs.productiq-assets.com/specs/sick/sic-sns-8242.pdf,https://www.industrial-supply-direct.com/item/sic-sns-8242
PID-10799,Omron Variable Frequency Drive (VFD) OMR-CTL-8539,Omron,Control Systems,Variable Frequency Drive (VFD),OMR-CTL-8539,REDUNDANT RECORD: Omron OMR-CTL-8539 Control Systems Variable Frequency Drive (VFD). Contact supplier Precision Parts Direct for spec sheet.,9890.1,USD,24vdc,0.75 kW,50 Hz,N/A,78.5 kilograms,156x216x510mm,Metal Alloy,ip20,36 Months Extended,Omron,Japan,Precision Parts Direct,Vendor Portal Upload,,https://www.industrial-supply-direct.com/item/omr-ctl-8539
PID-10800,Yokogawa Radar Level Sensor YOK-SNS-5459,Yokogawa,Sensors,Radar Level Sensor,YOK-SNS-5459,Heavy-duty industrial grade Radar Level Sensor engineered by Yokogawa. Designed for continuous continuous operation in harsh industrial environments with high thermal efficiency and rugged construction.,11474.23,EUR,12-30 VDC,0.01 kW,N/A,N/A,121.2 g,245 x 544 x 605 mm,Hastelloy,ip67,12 Months,Yokogawa,China,Apex Industrial Supplies,ERP Master Data,https://docs.productiq-assets.com/specs/yokogawa/yok-sns-5459.pdf,https://www.industrial-supply-direct.com/item/yok-sns-5459
PID-10801,Huawei Digital Power Automatic Transfer Switch HUA-PWR-2360,Huawei Digital Power,Power Equipment,Automatic Transfer Switch,HUA-PWR-2360,REDUNDANT RECORD: Huawei Digital Power HUA-PWR-2360 Power Equipment Automatic Transfer Switch. Contact supplier TechFlow Solutions for spec sheet.,1222.41,USD,400 V 3-Phase,1500 kVA,60 Hz,N/A,449.7 g,181x352x398mm,Galvanized Steel Weatherproof,IP54 Outdoor,24 months,Huawei Digital Power,Italy,TechFlow Solutions,Vendor Portal Upload,https://docs.productiq-assets.com/specs/huawei_digital_power/hua-pwr-2360.pdf,https://www.industrial-supply-direct.com/item/hua-pwr-2360
PID-10802,Siemens Explosion-Proof Motor SIE-MTR-4235,Siemens,Industrial Motors,Explosion-Proof Motor,SIE-MTR-4235,"Compact and durable Explosion-Proof Motor with 15 KW rating, rated for 230/400V networks.",1552.98,GBP,230/400V,15 KW,50/60 Hz,980 rpm,217.5 kilograms,276x607x218mm,Ductile Iron,IP56,,Siemens,United States,Continental Drive Systems,Field Engineering Audit,https://docs.productiq-assets.com/specs/siemens/sie-mtr-4235.pdf,https://www.industrial-supply-direct.com/item/sie-mtr-4235
PID-10803,Siemens Explosion-Proof Motor SIE-MTR-8601,Siemens,Industrial Motors,Explosion-Proof Motor,SIE-MTR-8601,"*** SIEMENS SPECIAL PROMO *** Model SIE-MTR-8601. High reliability, certified quality. Suitable for power, water, oil&gas applications. Order now.",3948.99,€,400 V,110 kW,50hz,980 rpm,420.4 kg,53.6x54.6x58.7 cm,Stainless Steel,IP56,1 Year Standard,Siemens,Japan,Nordic Machinery Hub,Supplier Price File 2024,https://docs.productiq-assets.com/specs/siemens/sie-mtr-8601.pdf,https://www.industrial-supply-direct.com/item/sie-mtr-8601
PID-10804,Grundfos Diaphragm Pump GRU-PMP-5942,Grundfos,Pumps,Diaphragm Pump,GRU-PMP-5942,<div><p>Industrial Pumps - GRU-PMP-5942</p><span>Manufacturer: Grundfos</span><br>Standard spec with warranty: 1 Year Standard</div>,15812.01,USD,230 V,3.7 kW,60 Hz,2900 RPM,414.2 KG,941x711x779mm,Bronze,IP 68,1 Year Standard,Grundfos,France,Continental Drive Systems,Distributor Catalog EU,https://docs.productiq-assets.com/specs/grundfos/gru-pmp-5942.pdf,https://www.industrial-supply-direct.com/item/gru-pmp-5942
PID-10805,Ingersoll Rand Oil-Free Scroll Compressor ING-CMP-6109,Ingersoll Rand,Compressors,Oil-Free Scroll Compressor,ING-CMP-6109,Heavy-duty industrial grade Oil-Free Scroll Compressor engineered by Ingersoll Rand. Designed for continuous continuous operation in harsh industrial environments with high thermal efficiency and rugged construction.,3407.53,USD,400 V,55 kW,60 Hz,3000 rpm,411.9 kg.,L:678 W:618 H:683,Acoustic Enclosure,IP55,2 Years,Ingersoll Rand,Germany,TechFlow Solutions,Distributor Catalog EU,https://docs.productiq-assets.com/specs/ingersoll_rand/ing-cmp-6109.pdf,https://www.industrial-supply-direct.com/item/ing-cmp-6109
PID-10806,Sullair Oil-Free Scroll Compressor SUL-CMP-6699,Sullair,Compressors,Oil-Free Scroll Compressor,SUL-CMP-6699,"*** SULLAIR SPECIAL PROMO *** Model SUL-CMP-6699. High reliability, certified quality. Suitable for power, water, oil&gas applications. Order now.",8828.81,$,400V 50Hz,100 HP,60 Hz,2950 RPM,14.1 lbs,,Cast Iron Block,IP54,24 months,Sullair,Japan,Apex Industrial Supplies,Field Engineering Audit,,https://www.industrial-supply-direct.com/item/sul-cmp-6699
PID-10807,Pepperl+Fuchs Gas Detection Monitor PEP-SFT-3949,Pepperl+Fuchs,Safety Equipment,Gas Detection Monitor,PEP-SFT-3949,<div><p>Industrial Safety Equipment - PEP-SFT-3949</p><span>Manufacturer: Pepperl+Fuchs</span><br>Standard spec with warranty: 36 Months Extended</div>,18916.95,GBP,24 V DC,15 W,50/60 Hz,N/A,342.5 lbs,388x107x583mm,Anodized Aluminum,IP67,36 Months Extended,Pepperl+Fuchs,United States,Apex Industrial Supplies,Field Engineering Audit,https://docs.productiq-assets.com/specs/pepperl+fuchs/pep-sft-3949.pdf,https://www.industrial-supply-direct.com/item/pep-sft-3949
PID-10808,Samson Globe Control Valve SAM-VLV-3426,Samson,Valves,Globe Control Valve,SAM-VLV-3426,<div><p>Industrial Valves - SAM-VLV-3426</p><span>Manufacturer: Samson</span><br>Standard spec with warranty: 24 months</div>,13383.33,USD,24VDC,50 W,60 Hz,N/A,,648x563x719mm,Forged Steel A105,,24 months,Samson,United States,Global Electro Corp,Distributor Catalog EU,https://docs.productiq-assets.com/specs/samson/sam-vlv-3426.pdf,https://www.industrial-supply-direct.com/item/sam-vlv-3426
PID-10809,Ingersoll Rand Centrifugal Turbo Compressor ING-CMP-8258,Ingersoll Rand,Compressors,Centrifugal Turbo Compressor,ING-CMP-8258,"Compact and durable Centrifugal Turbo Compressor with 75 kW rating, rated for 400V 50Hz networks.",18407.32,,400V 50Hz,75 kW,50 Hz,2950 RPM,342.2 LBS,361 x 653 x 117 mm,Cast Iron Block,IP55,24 months,Ingersoll Rand,Finland,TechFlow Solutions,Distributor Catalog EU,https://docs.productiq-assets.com/specs/ingersoll_rand/ing-cmp-8258.pdf,https://www.industrial-supply-direct.com/item/ing-cmp-8258
PID-10810,Wilo Positive Displacement Pump WIL-PMP-3068,Wilo,Pumps,Positive Displacement Pump,WIL-PMP-3068,"*** WILO SPECIAL PROMO *** Model WIL-PMP-3068. High reliability, certified quality. Suitable for power, water, oil&gas applications. Order now.",18283.13,EUR,380 V 3-Phase,15 HP,50 Hz,3500 rpm,40.5 LBS,55.7x12.3x49.4 cm,Bronze,IP66,1 Year Standard,Wilo,Germany,Precision Parts Direct,Vendor Portal Upload,https://docs.productiq-assets.com/specs/wilo/wil-pmp-3068.pdf,https://www.industrial-supply-direct.com/item/wil-pmp-3068
PID-10811,Xylem Submersible Slurry Pump XYL-PMP-2594,Xylem,Pumps,Submersible Slurry Pump,XYL-PMP-2594,REDUNDANT RECORD: Xylem XYL-PMP-2594 Pumps Submersible Slurry Pump. Contact supplier Nordic Machinery Hub for spec sheet.,14925.81,$,24 V DC,7.5 kW,50/60 Hz,1450 RPM,411.9 kilograms,726x121x657mm,Cast Iron GG25,IP66,36 Months Extended,Xylem,Germany,Nordic Machinery Hub,Field Engineering Audit,https://docs.productiq-assets.com/specs/xylem/xyl-pmp-2594.pdf,https://www.industrial-supply-direct.com/item/xyl-pmp-2594
PID-10812,SEW-Eurodrive Explosion-Proof Motor SEW-MTR-6886,SEW-Eurodrive,Industrial Motors,Explosion-Proof Motor,SEW-MTR-6886,"*** SEW-EURODRIVE SPECIAL PROMO *** Model SEW-MTR-6886. High reliability, certified quality. Suitable for power, water, oil&gas applications. Order now.",438.29,USD,230/400V,15000 W,50 Hz,1750 RPM,181.1 KG,290 x 328 x 528 mm,Ductile Iron,IP55,24 months,SEW-Eurodrive,China,Apex Industrial Supplies,Vendor Portal Upload,https://docs.productiq-assets.com/specs/sew-eurodrive/sew-mtr-6886.pdf,https://www.industrial-supply-direct.com/item/sew-mtr-6886
PID-10813,Euchner Emergency Stop Rope Pull EUC-SFT-8846,Euchner,Safety Equipment,Emergency Stop Rope Pull,EUC-SFT-8846,"Euchner Emergency Stop Rope Pull EUC-SFT-8846 offers industry leading performance, low vibration levels, and optimized lifecycle costs. Complies with ISO 9001 and CE directives.",15394.13,USD,24VDC,0.02 kW,50/60 Hz,N/A,128.7 KG,L:388 W:356 H:278,Reinforced Polymer,IP65,12 Months,Euchner,Japan,Apex Industrial Supplies,Distributor Catalog EU,https://docs.productiq-assets.com/specs/euchner/euc-sft-8846.pdf,https://www.industrial-supply-direct.com/item/euc-sft-8846
PID-10814,Kaeser Reciprocating Air Compressor KAE-CMP-7526,Kaeser,Compressors,Reciprocating Air Compressor,KAE-CMP-7526,"*** KAESER SPECIAL PROMO *** Model KAE-CMP-7526. High reliability, certified quality. Suitable for power, water, oil&gas applications. Order now.",12869.41,EUR,460 V 60Hz,55 kW,60 Hz,3000 rpm,167.6 kg,53.6x32.6x77.2 cm,Acoustic Enclosure,IP55,5 Years,Kaeser,Japan,TechFlow Solutions,Vendor Portal Upload,https://docs.productiq-assets.com/specs/kaeser/kae-cmp-7526.pdf,https://www.industrial-supply-direct.com/item/kae-cmp-7526
PID-10815,Gardner Denver Vane Compressor GAR-CMP-3282,Gardner Denver,Compressors,Vane Compressor,GAR-CMP-3282,"Compact and durable Vane Compressor with 100 HP rating, rated for 400V 50Hz networks.",1187.25,$,400V 50Hz,100 HP,50 Hz,2950 RPM,428.2 LBS,"14.5"" x 5.0"" x 16.1""",Cast Iron Block,IP65,36 Months Extended,Gardner Denver,United States,TechFlow Solutions,OEM Technical Data Sheet,https://docs.productiq-assets.com/specs/gardner_denver/gar-cmp-3282.pdf,https://www.industrial-supply-direct.com/item/gar-cmp-3282
PID-10816,Mitsubishi Electric Safety Relay MIT-CTL-4439,Mitsubishi Electric,Control Systems,Safety Relay,MIT-CTL-4439,<div><p>Industrial Control Systems - MIT-CTL-4439</p><span>Manufacturer: Mitsubishi Electric</span><br>Standard spec with warranty: 36 Months Extended</div>,9560.48,$,24 V DC,15 kW,50/60 Hz,N/A,,,Polycarbonate / Aluminum,IP20,36 Months Extended,Mitsubishi Electric,Switzerland,Global Electro Corp,OEM Technical Data Sheet,https://docs.productiq-assets.com/specs/mitsubishi_electric/mit-ctl-4439.pdf,https://www.industrial-supply-direct.com/item/mit-ctl-4439
PID-10817,Schneider Electric Surge Protection Device SCH-ELC-2012,Schneider Electric,Electrical Components,Surge Protection Device,SCH-ELC-2012,<div><p>Industrial Electrical Components - SCH-ELC-2012</p><span>Manufacturer: Schneider Electric</span><br>Standard spec with warranty: </div>,15537.14,USD,400 V,N/A,50 Hz,N/A,232.6 kg.,L:733 W:102 H:844,DMC Polyester Glass,IP30,,Schneider Electric,Switzerland,Apex Industrial Supplies,OEM Technical Data Sheet,https://docs.productiq-assets.com/specs/schneider_electric/sch-elc-2012.pdf,https://www.industrial-supply-direct.com/item/sch-elc-2012
PID-10818,Yokogawa Radar Level Sensor YOK-SNS-2357,Yokogawa,Sensors,Radar Level Sensor,YOK-SNS-2357,Heavy-duty industrial grade Radar Level Sensor engineered by Yokogawa. Designed for continuous continuous operation in harsh industrial environments with high thermal efficiency and rugged construction.,,GBP,LOOP POWERED,< 3W,N/A,N/A,160.4 g,"12.3"" x 7.2"" x 30.9""",PVDF,IP69K,1 Year Standard,Yokogawa,France,TechFlow Solutions,Supplier Price File 2024,https://docs.productiq-assets.com/specs/yokogawa/yok-sns-2357.pdf,https://www.industrial-supply-direct.com/item/yok-sns-2357
PID-10819,Siemens SIMATIC Distributed Control System (DCS) Module SIE-CTL-1434,Siemens SIMATIC,Control Systems,Distributed Control System (DCS) Module,SIE-CTL-1434,"*** SIEMENS SIMATIC SPECIAL PROMO *** Model SIE-CTL-1434. High reliability, certified quality. Suitable for power, water, oil&gas applications. Order now.",3914.29,EUR,24vdc,22 kW,50/60 Hz,N/A,53.5 lbs,"39.5"" x 4.9"" x 19.5""",Metal Alloy,,5 Years,Siemens SIMATIC,Switzerland,TechFlow Solutions,Supplier Price File 2024,https://docs.productiq-assets.com/specs/siemens_simatic/sie-ctl-1434.pdf,https://www.industrial-supply-direct.com/item/sie-ctl-1434
PID-10820,Schneider Electric Surge Protection Device SCH-ELC-6828,Schneider Electric,Electrical Components,Surge Protection Device,SCH-ELC-6828,"*** SCHNEIDER ELECTRIC SPECIAL PROMO *** Model SCH-ELC-6828. High reliability, certified quality. Suitable for power, water, oil&gas applications. Order now.",1797.61,$,690 V,1600 A Rating,50 Hz,N/A,,601x564x444mm,Silver Alloy Contacts,IP20,36 Months Extended,Schneider Electric,Finland,Precision Parts Direct,Vendor Portal Upload,https://docs.productiq-assets.com/specs/schneider_electric/sch-elc-6828.pdf,https://www.industrial-supply-direct.com/item/sch-elc-6828
PID-10821,KSB Submersible Slurry Pump KSB-PMP-5254,KSB,Pumps,Submersible Slurry Pump,KSB-PMP-5254,Heavy-duty industrial grade Submersible Slurry Pump engineered by KSB. Designed for continuous continuous operation in harsh industrial environments with high thermal efficiency and rugged construction.,14420.56,EUR,415V,15 kW,50/60 Hz,3500 rpm,250.3 kilograms,,Duplex Steel,ip68,24 months,KSB,China,Global Electro Corp,OEM Technical Data Sheet,,https://www.industrial-supply-direct.com/item/ksb-pmp-5254
PID-10822,Baldor-Reliance Explosion-Proof Motor BAL-MTR-3681,Baldor-Reliance,Industrial Motors,Explosion-Proof Motor,BAL-MTR-3681,REDUNDANT RECORD: Baldor-Reliance BAL-MTR-3681 Industrial Motors Explosion-Proof Motor. Contact supplier TechFlow Solutions for spec sheet.,7088.2,GBP,230/400V,7.5 kW,50/60 Hz,3000 RPM,409.5 lbs,"33.4"" x 31.0"" x 19.7""",Stainless Steel,,36 Months Extended,Baldor-Reliance,France,TechFlow Solutions,Supplier Price File 2024,https://docs.productiq-assets.com/specs/baldor-reliance/bal-mtr-3681.pdf,https://www.industrial-supply-direct.com/item/bal-mtr-3681
PID-10823,Rockwell Allen-Bradley Distributed Control System (DCS) Module ROC-CTL-5565,Rockwell Allen-Bradley,Control Systems,Distributed Control System (DCS) Module,ROC-CTL-5565,"Rockwell Allen-Bradley Distributed Control System (DCS) Module ROC-CTL-5565 offers industry leading performance, low vibration levels, and optimized lifecycle costs. Complies with ISO 9001 and CE directives.",6972.02,$,24vdc,,0-400 Hz Output,N/A,173.9 kg.,392x788x155mm,Industrial Thermoplastic,IP20,,Rockwell Allen-Bradley,France,Precision Parts Direct,Supplier Price File 2024,https://docs.productiq-assets.com/specs/rockwell_allen-bradley/roc-ctl-5565.pdf,https://www.industrial-supply-direct.com/item/roc-ctl-5565
PID-10824,Gardner Denver Rotary Screw Compressor GAR-CMP-8222,Gardner Denver,Compressors,Rotary Screw Compressor,GAR-CMP-8222,REDUNDANT RECORD: Gardner Denver GAR-CMP-8222 Compressors Rotary Screw Compressor. Contact supplier Apex Industrial Supplies for spec sheet.,16462.35,GBP,460 V 60Hz,110 kW,60 Hz,2950 RPM,90.2 lbs,L:112 W:393 H:453,Heavy Gauge Steel Housing,IP54,1 Year Standard,Gardner Denver,Italy,Apex Industrial Supplies,OEM Technical Data Sheet,https://docs.productiq-assets.com/specs/gardner_denver/gar-cmp-8222.pdf,https://www.industrial-supply-direct.com/item/gar-cmp-8222
PID-10825,Schneider Electric Molded Case Circuit Breaker (MCCB) SCH-ELC-4771,Schneider Electric,Electrical Components,Molded Case Circuit Breaker (MCCB),SCH-ELC-4771,"*** SCHNEIDER ELECTRIC SPECIAL PROMO *** Model SCH-ELC-4771. High reliability, certified quality. Suitable for power, water, oil&gas applications. Order now.",3288.52,$,230/400V,1600 A Rating,50/60 Hz,N/A,144.2 g,1099 x 509 x 884 mm,DMC Polyester Glass,IP54,1 Year Standard,Schneider Electric,France,Precision Parts Direct,OEM Technical Data Sheet,https://docs.productiq-assets.com/specs/schneider_electric/sch-elc-4771.pdf,https://www.industrial-supply-direct.com/item/sch-elc-4771
PID-10826,Banner Engineering Emergency Stop Rope Pull BAN-SFT-1071,Banner Engineering,Safety Equipment,Emergency Stop Rope Pull,BAN-SFT-1071,REDUNDANT RECORD: Banner Engineering BAN-SFT-1071 Safety Equipment Emergency Stop Rope Pull. Contact supplier Precision Parts Direct for spec sheet.,23723.53,GBP,24 V DC,5 W,DC,N/A,245.6 KG,"21.1"" x 21.0"" x 22.1""",Flameproof Aluminum,IP67,12 Months,Banner Engineering,Sweden,Precision Parts Direct,Vendor Portal Upload,https://docs.productiq-assets.com/specs/banner_engineering/ban-sft-1071.pdf,https://www.industrial-supply-direct.com/item/ban-sft-1071
PID-10827,Xylem Submersible Slurry Pump XYL-PMP-7245,Xylem,Pumps,Submersible Slurry Pump,XYL-PMP-7245,"Compact and durable Submersible Slurry Pump with standard power rating, rated for 415V networks.",15393.35,EUR,415V,,60 Hz,3500 rpm,375.7 kg,398 x 367 x 736 mm,Duplex Steel,IP66,36 Months Extended,Xylem,Italy,Apex Industrial Supplies,OEM Technical Data Sheet,https://docs.productiq-assets.com/specs/xylem/xyl-pmp-7245.pdf,https://www.industrial-supply-direct.com/item/xyl-pmp-7245
PID-10828,Grundfos Positive Displacement Pump GRU-PMP-5780,Grundfos,Pumps,Positive Displacement Pump,GRU-PMP-5780,Heavy-duty industrial grade Positive Displacement Pump engineered by Grundfos. Designed for continuous continuous operation in harsh industrial environments with high thermal efficiency and rugged construction.,11449.25,,230 V,15 kW,50/60 Hz,3500 rpm,116.7 kg,,Stainless Steel 316,IP68,1 Year Standard,Grundfos,China,TechFlow Solutions,Supplier Price File 2024,https://docs.productiq-assets.com/specs/grundfos/gru-pmp-5780.pdf,https://www.industrial-supply-direct.com/item/gru-pmp-5780
PID-10829,Sick Pressure Transmitter SIC-SNS-5496,Sick,Sensors,Pressure Transmitter,SIC-SNS-5496,"Compact and durable Pressure Transmitter with standard power rating, rated for 12-30 VDC networks.",11499.91,$,12-30 VDC,,50/60 Hz,N/A,202.7 lbs,,316L SS,IP69K,36 Months Extended,Sick,Sweden,Nordic Machinery Hub,Distributor Catalog EU,https://docs.productiq-assets.com/specs/sick/sic-sns-5496.pdf,https://www.industrial-supply-direct.com/item/sic-sns-5496
PID-10830,Pepperl+Fuchs Interlock Switch PEP-SFT-4345,Pepperl+Fuchs,Safety Equipment,Interlock Switch,PEP-SFT-4345,<div><p>Industrial Safety Equipment - PEP-SFT-4345</p><span>Manufacturer: Pepperl+Fuchs</span><br>Standard spec with warranty: 12 Months</div>,10510.3,GBP,24 V DC,0.02 kW,DC,N/A,175.0 kg.,"45.9"" x 12.0"" x 30.7""",Reinforced Polymer,Ex d IIC T6,12 Months,Pepperl+Fuchs,Germany,Precision Parts Direct,Supplier Price File 2024,https://docs.productiq-assets.com/specs/pepperl+fuchs/pep-sft-4345.pdf,https://www.industrial-supply-direct.com/item/pep-sft-4345
PID-10831,Sick Explosion Proof Beacon SIC-SFT-4106,Sick,Safety Equipment,Explosion Proof Beacon,SIC-SFT-4106,REDUNDANT RECORD: Sick SIC-SFT-4106 Safety Equipment Explosion Proof Beacon. Contact supplier TechFlow Solutions for spec sheet.,15477.26,EUR,110-230 VAC,15 W,DC,N/A,268.0 kilograms,678x263x497mm,Reinforced Polymer,IP66,12 Months,Sick,United Kingdom,TechFlow Solutions,Supplier Price File 2024,,https://www.industrial-supply-direct.com/item/sic-sft-4106
PID-10832,Euchner Gas Detection Monitor EUC-SFT-8008,Euchner,Safety Equipment,Gas Detection Monitor,EUC-SFT-8008,<div><p>Industrial Safety Equipment - EUC-SFT-8008</p><span>Manufacturer: Euchner</span><br>Standard spec with warranty: 2 Years</div>,187.85,USD,24VDC,0.02 kW,DC,N/A,365.5 KG,242 x 753 x 479 mm,Flameproof Aluminum,IP69K,2 Years,Euchner,Sweden,Continental Drive Systems,ERP Master Data,https://docs.productiq-assets.com/specs/euchner/euc-sft-8008.pdf,https://www.industrial-supply-direct.com/item/euc-sft-8008
PID-10833,Endress+Hauser RTD Temp Sensor END-SNS-8653,Endress+Hauser,Sensors,RTD Temp Sensor,END-SNS-8653,REDUNDANT RECORD: Endress+Hauser END-SNS-8653 Sensors RTD Temp Sensor. Contact supplier Precision Parts Direct for spec sheet.,12883.61,GBP,24 V DC,5 W,N/A,N/A,215.1 lbs,337x223x878mm,316L SS,IP68,24 months,Endress+Hauser,United Kingdom,Precision Parts Direct,OEM Technical Data Sheet,https://docs.productiq-assets.com/specs/endress+hauser/end-sns-8653.pdf,https://www.industrial-supply-direct.com/item/end-sns-8653
PID-10834,Caterpillar Industrial Diesel Generator CAT-PWR-8251,Caterpillar,Power Equipment,Industrial Diesel Generator,CAT-PWR-8251,"Compact and durable Industrial Diesel Generator with 250 kVA rating, rated for 480 V networks.",1835.18,EUR,480 V,250 kVA,50 Hz,N/A,218.8 kilograms,"40.0"" x 22.8"" x 7.7""",Galvanized Steel Weatherproof,IP65 Enclosure,12 Months,Caterpillar,Finland,Continental Drive Systems,Field Engineering Audit,https://docs.productiq-assets.com/specs/caterpillar/cat-pwr-8251.pdf,https://www.industrial-supply-direct.com/item/cat-pwr-8251
PID-10835,Vertiv Liebert Solar Inverter Grid-Tied VER-PWR-7533,Vertiv Liebert,Power Equipment,,VER-PWR-7533,"Compact and durable Power Equipment with 100 kW rating, rated for 230 V Single Phase networks.",9811.7,EUR,230 V Single Phase,100 kW,50 Hz,N/A,421.4 kilograms,38.3x79.0x48.8 cm,Marine Grade Aluminum,IP20,2 Years,Vertiv Liebert,Finland,Global Electro Corp,Supplier Price File 2024,https://docs.productiq-assets.com/specs/vertiv_liebert/ver-pwr-7533.pdf,https://www.industrial-supply-direct.com/item/ver-pwr-7533
PID-10836,Caterpillar Solar Inverter Grid-Tied CAT-PWR-4995,Caterpillar,Power Equipment,Solar Inverter Grid-Tied,CAT-PWR-4995,Heavy-duty industrial grade Solar Inverter Grid-Tied engineered by Caterpillar. Designed for continuous continuous operation in harsh industrial environments with high thermal efficiency and rugged construction.,11053.73,USD,400 V 3-Phase,50 kVA,60 Hz,N/A,,296x144x170mm,Acoustic Heavy Steel,IP65 Enclosure,1 Year Standard,Caterpillar,Germany,Continental Drive Systems,Distributor Catalog EU,https://docs.productiq-assets.com/specs/caterpillar/cat-pwr-4995.pdf,https://www.industrial-supply-direct.com/item/cat-pwr-4995
PID-10837,Huawei Digital Power Online Double-Conversion UPS HUA-PWR-5286,Huawei Digital Power,Power Equipment,Online Double-Conversion UPS,HUA-PWR-5286,"Compact and durable Online Double-Conversion UPS with 1500 kVA rating, rated for 230 V Single Phase networks.",21841.31,USD,230 V Single Phase,1500 kVA,50/60 Hz,1800 rpm,129.5 lbs,L:286 W:358 H:493,Galvanized Steel Weatherproof,IP54 Outdoor,1 Year Standard,Huawei Digital Power,France,TechFlow Solutions,Field Engineering Audit,https://docs.productiq-assets.com/specs/huawei_digital_power/hua-pwr-5286.pdf,https://www.industrial-supply-direct.com/item/hua-pwr-5286
PID-10838,Siemens Three-Phase Induction Motor SIE-MTR-9107,Siemens,Industrial Motors,Three-Phase Induction Motor,SIE-MTR-9107,<div><p>Industrial Industrial Motors - SIE-MTR-9107</p><span>Manufacturer: Siemens</span><br>Standard spec with warranty: 1 Year Standard</div>,10207.8,EUR,230/400V,15000 W,50Hz,980 rpm,,L:170 W:791 H:773,Stainless Steel,IP65,1 Year Standard,Siemens,Germany,Apex Industrial Supplies,Field Engineering Audit,https://docs.productiq-assets.com/specs/siemens/sie-mtr-9107.pdf,https://www.industrial-supply-direct.com/item/sie-mtr-9107
PID-10839,WEG Three-Phase Induction Motor WEG-MTR-1394,WEG,Industrial Motors,Three-Phase Induction Motor,WEG-MTR-1394,Heavy-duty industrial grade Three-Phase Induction Motor engineered by WEG. Designed for continuous continuous operation in harsh industrial environments with high thermal efficiency and rugged construction.,6776.5,$,690 V,,50Hz,3000 RPM,404.6 kilograms,544x490x712mm,Ductile Iron,IP56,,WEG,United States,Apex Industrial Supplies,Distributor Catalog EU,https://docs.productiq-assets.com/specs/weg/weg-mtr-1394.pdf,https://www.industrial-supply-direct.com/item/weg-mtr-1394
PID-10840,Honeywell Analytics Interlock Switch HON-SFT-4846,Honeywell Analytics,Safety Equipment,Interlock Switch,HON-SFT-4846,"Honeywell Analytics Interlock Switch HON-SFT-4846 offers industry leading performance, low vibration levels, and optimized lifecycle costs. Complies with ISO 9001 and CE directives.",12545.7,USD,Battery / 3.6V,5 W,DC,N/A,396.6 LBS,20.3x73.6x85.7 cm,Anodized Aluminum,Ex d IIC T6,5 Years,Honeywell Analytics,United Kingdom,Nordic Machinery Hub,OEM Technical Data Sheet,,https://www.industrial-supply-direct.com/item/hon-sft-4846
PID-10841,Rockwell Allen-Bradley Safety Relay ROC-CTL-1405,Rockwell Allen-Bradley,Control Systems,Safety Relay,ROC-CTL-1405,"Compact and durable Safety Relay with 30 W rating, rated for 24 V DC networks.",3441.0,GBP,24 V DC,30 W,50/60 Hz,N/A,207.5 kg,,Industrial Thermoplastic,IP20,24 months,Rockwell Allen-Bradley,China,Global Electro Corp,Field Engineering Audit,https://docs.productiq-assets.com/specs/rockwell_allen-bradley/roc-ctl-1405.pdf,https://www.industrial-supply-direct.com/item/roc-ctl-1405
PID-10842,Vertiv Liebert Battery Energy Storage Unit VER-PWR-4322,Vertiv Liebert,Power Equipment,Battery Energy Storage Unit,VER-PWR-4322,"*** VERTIV LIEBERT SPECIAL PROMO *** Model VER-PWR-4322. High reliability, certified quality. Suitable for power, water, oil&gas applications. Order now.",14882.02,€,230 V Single Phase,50 kVA,60 Hz,1500 RPM,330.7 kg.,312 x 515 x 597 mm,Marine Grade Aluminum,IP23,36 Months Extended,Vertiv Liebert,United Kingdom,Nordic Machinery Hub,Supplier Price File 2024,https://docs.productiq-assets.com/specs/vertiv_liebert/ver-pwr-4322.pdf,https://www.industrial-supply-direct.com/item/ver-pwr-4322
PID-10843,IFM Electronic Radar Level Sensor IFM-SNS-8085,IFM Electronic,Sensors,Radar Level Sensor,IFM-SNS-8085,"Compact and durable Radar Level Sensor with 1.5 W rating, rated for 4-20mA 24V networks.",21753.24,USD,4-20mA 24V,1.5 W,N/A,N/A,73.6 lbs,L:1009 W:627 H:807,316L SS,IP67,5 Years,IFM Electronic,Switzerland,Nordic Machinery Hub,Field Engineering Audit,https://docs.productiq-assets.com/specs/ifm_electronic/ifm-sns-8085.pdf,https://www.industrial-supply-direct.com/item/ifm-sns-8085
PID-10844,Ingersoll Rand Reciprocating Air Compressor ING-CMP-9810,Ingersoll Rand,Compressors,Reciprocating Air Compressor,ING-CMP-9810,"Compact and durable Reciprocating Air Compressor with 37 kW rating, rated for 3.3 kV networks.",7054.64,USD,3.3 kV,37 kW,50 Hz,3000 rpm,376.6 lbs,L:484 W:670 H:478,Acoustic Enclosure,IP65,12 Months,Ingersoll Rand,Germany,Apex Industrial Supplies,ERP Master Data,https://docs.productiq-assets.com/specs/ingersoll_rand/ing-cmp-9810.pdf,https://www.industrial-supply-direct.com/item/ing-cmp-9810
PID-10845,Schneider Electric Industrial Transformer SCH-ELC-6401,Schneider Electric,Electrical Components,Industrial Transformer,SCH-ELC-6401,"Compact and durable Industrial Transformer with 630 A Rating rating, rated for 230/400V networks.",14020.57,USD,230/400V,630 A Rating,60 Hz,N/A,292.6 kilograms,,Silver Alloy Contacts,IP54,5 Years,Schneider Electric,Germany,Apex Industrial Supplies,ERP Master Data,https://docs.productiq-assets.com/specs/schneider_electric/sch-elc-6401.pdf,https://www.industrial-supply-direct.com/item/sch-elc-6401
PID-10846,Huawei Digital Power Online Double-Conversion UPS HUA-PWR-9566,Huawei Digital Power,Power Equipment,Online Double-Conversion UPS,HUA-PWR-9566,"Compact and durable Online Double-Conversion UPS with 100 kW rating, rated for 400/230V 50Hz networks.",CONTACT SALES,$,400/230V 50Hz,100 kW,60 Hz,1800 rpm,286.0 kg,901x740x136mm,Galvanized Steel Weatherproof,IP20,36 Months Extended,Huawei Digital Power,France,Precision Parts Direct,Distributor Catalog EU,https://docs.productiq-assets.com/specs/huawei_digital_power/hua-pwr-9566.pdf,https://www.industrial-supply-direct.com/item/hua-pwr-9566
PID-10847,Samson Globe Control Valve SAM-VLV-4097,Samson,Valves,Globe Control Valve,SAM-VLV-4097,"Compact and durable Globe Control Valve with standard power rating, rated for multi-voltage networks.",CONTACT SALES,EUR,,,N/A,N/A,407.4 g,"15.1"" x 14.4"" x 32.2""",WCB Carbon Steel,IP66,24 months,Samson,United Kingdom,Precision Parts Direct,OEM Technical Data Sheet,https://docs.productiq-assets.com/specs/samson/sam-vlv-4097.pdf,invalid-url-item
PID-10848,Sullair Rotary Screw Compressor SUL-CMP-5539,Sullair,Compressors,Rotary Screw Compressor,SUL-CMP-5539,REDUNDANT RECORD: Sullair SUL-CMP-5539 Compressors Rotary Screw Compressor. Contact supplier TechFlow Solutions for spec sheet.,22709.48,$,3.3 kV,22 kW,60 Hz,3000 rpm,423.0 KG,L:234 W:387 H:489,Cast Iron Block,IP65,36 Months Extended,Sullair,France,TechFlow Solutions,Field Engineering Audit,https://docs.productiq-assets.com/specs/sullair/sul-cmp-5539.pdf,https://www.industrial-supply-direct.com/item/sul-cmp-5539
PID-10849,NTN Spherical Roller Bearing NTN-BRG-5860,NTN,Bearings,Spherical Roller Bearing,NTN-BRG-5860,"NTN Spherical Roller Bearing NTN-BRG-5860 offers industry leading performance, low vibration levels, and optimized lifecycle costs. Complies with ISO 9001 and CE directives.",15747.27,,,N/A,N/A,6000 RPM,299.2 lbs,L:1174 W:582 H:104,Stainless Steel 440C,Open,24 months,NTN,Sweden,Precision Parts Direct,OEM Technical Data Sheet,https://docs.productiq-assets.com/specs/ntn/ntn-brg-5860.pdf,https://www.industrial-supply-direct.com/item/ntn-brg-5860
PID-10850,Honeywell Electromagnetic Flowmeter HON-SNS-5927,Honeywell,Sensors,Electromagnetic Flowmeter,HON-SNS-5927,REDUNDANT RECORD: Honeywell HON-SNS-5927 Sensors Electromagnetic Flowmeter. Contact supplier Global Electro Corp for spec sheet.,23923.87,USD,LOOP POWERED,5 W,N/A,N/A,269.2 LBS,1049 x 269 x 850 mm,316L SS,IP 67,1 Year Standard,Honeywell,Japan,Global Electro Corp,OEM Technical Data Sheet,https://docs.productiq-assets.com/specs/honeywell/hon-sns-5927.pdf,https://www.industrial-supply-direct.com/item/hon-sns-5927
PID-10851,Siemens Molded Case Circuit Breaker (MCCB) SIE-ELC-9028,Siemens,Electrical Components,Molded Case Circuit Breaker (MCCB),SIE-ELC-9028,"*** SIEMENS SPECIAL PROMO *** Model SIE-ELC-9028. High reliability, certified quality. Suitable for power, water, oil&gas applications. Order now.",7611.82,USD,,100 kVA,60 Hz,N/A,305.3 g,,DMC Polyester Glass,IP40,2 Years,Siemens,United States,TechFlow Solutions,Vendor Portal Upload,https://docs.productiq-assets.com/specs/siemens/sie-elc-9028.pdf,https://www.industrial-supply-direct.com/item/sie-elc-9028
PID-10852,Velan Check Valve VEL-VLV-5338,Velan,Valves,Check Valve,VEL-VLV-5338,"Compact and durable Check Valve with 50 W rating, rated for multi-voltage networks.",5437.1,$,,50 W,,,447.2 KG,"18.8"" x 22.5"" x 14.6""",CF8M Stainless,IP65,,Velan,France,Global Electro Corp,Field Engineering Audit,https://docs.productiq-assets.com/specs/velan/vel-vlv-5338.pdf,https://www.industrial-supply-direct.com/item/vel-vlv-5338
PID-10853,Euchner Gas Detection Monitor EUC-SFT-4660,Euchner,Safety Equipment,Gas Detection Monitor,EUC-SFT-4660,"*** EUCHNER SPECIAL PROMO *** Model EUC-SFT-4660. High reliability, certified quality. Suitable for power, water, oil&gas applications. Order now.",8420.85,$,110-230 VAC,10 W,50/60 Hz,N/A,44.5 lbs,723x452x466mm,Flameproof Aluminum,IP65,5 Years,Euchner,Germany,Nordic Machinery Hub,Supplier Price File 2024,https://docs.productiq-assets.com/specs/euchner/euc-sft-4660.pdf,https://www.industrial-supply-direct.com/item/euc-sft-4660
PID-10854,Sulzer Diaphragm Pump SUL-PMP-4273,Sulzer,Pumps,Diaphragm Pump,SUL-PMP-4273,"*** SULZER SPECIAL PROMO *** Model SUL-PMP-4273. High reliability, certified quality. Suitable for power, water, oil&gas applications. Order now.",6068.05,€,400v,7.5 kW,50 Hz,2900 RPM,117.7 kg,968 x 129 x 626 mm,Bronze,IP68,36 Months Extended,Sulzer,United Kingdom,Nordic Machinery Hub,Field Engineering Audit,,https://www.industrial-supply-direct.com/item/sul-pmp-4273
PID-10855,Baldor-Reliance DC Traction Motor BAL-MTR-4834,Baldor-Reliance,Industrial Motors,DC Traction Motor,BAL-MTR-4834,"*** BALDOR-RELIANCE SPECIAL PROMO *** Model BAL-MTR-4834. High reliability, certified quality. Suitable for power, water, oil&gas applications. Order now.",5836.53,GBP,230/400V,,50Hz,980 rpm,266.6 KG,"14.0"" x 31.2"" x 32.3""",Cast Iron,ip55,2 Years,Baldor-Reliance,United States,Global Electro Corp,Field Engineering Audit,https://docs.productiq-assets.com/specs/baldor-reliance/bal-mtr-4834.pdf,https://www.industrial-supply-direct.com/item/bal-mtr-4834
PID-10856,Honeywell Analytics Interlock Switch HON-SFT-1630,Honeywell Analytics,Safety Equipment,Interlock Switch,HON-SFT-1630,REDUNDANT RECORD: Honeywell Analytics HON-SFT-1630 Safety Equipment Interlock Switch. Contact supplier Global Electro Corp for spec sheet.,20417.75,USD,110-230 VAC,15 W,DC,N/A,81.1 g,60.4x36.1x23.5 cm,Anodized Aluminum,IP69K,1 Year Standard,Honeywell Analytics,United Kingdom,Global Electro Corp,Supplier Price File 2024,https://docs.productiq-assets.com/specs/honeywell_analytics/hon-sft-1630.pdf,https://www.industrial-supply-direct.com/item/hon-sft-1630
PID-10857,Kaeser Vane Compressor KAE-CMP-1397,Kaeser,Compressors,Vane Compressor,KAE-CMP-1397,"Compact and durable Vane Compressor with 22 kW rating, rated for 460 V 60Hz networks.",4726.48,USD,460 V 60Hz,22 kW,50 Hz,1480 RPM,309.3 kilograms,1090 x 595 x 221 mm,Heavy Gauge Steel Housing,IP65,24 months,Kaeser,France,Global Electro Corp,Distributor Catalog EU,https://docs.productiq-assets.com/specs/kaeser/kae-cmp-1397.pdf,https://www.industrial-supply-direct.com/item/kae-cmp-1397
PID-10858,Legrand Molded Case Circuit Breaker (MCCB) LEG-ELC-7386,Legrand,Electrical Components,Molded Case Circuit Breaker (MCCB),LEG-ELC-7386,"Legrand Molded Case Circuit Breaker (MCCB) LEG-ELC-7386 offers industry leading performance, low vibration levels, and optimized lifecycle costs. Complies with ISO 9001 and CE directives.",21840.52,EUR,400 V,250 kVA,50 Hz,N/A,72.6 LBS,"35.9"" x 26.8"" x 7.0""",Thermoset Resin,IP40,2 Years,Legrand,United Kingdom,Nordic Machinery Hub,Field Engineering Audit,https://docs.productiq-assets.com/specs/legrand/leg-elc-7386.pdf,invalid-url-item
PID-10859,Flowserve Check Valve FLO-VLV-8392,Flowserve,Valves,Check Valve,FLO-VLV-8392,<div><p>Industrial Valves - FLO-VLV-8392</p><span>Manufacturer: Flowserve</span><br>Standard spec with warranty: 12 Months</div>,,,24 V DC,,60 Hz,,349.8 lbs,L:1166 W:349 H:673,CF8M Stainless,,12 Months,Flowserve,Japan,Precision Parts Direct,OEM Technical Data Sheet,https://docs.productiq-assets.com/specs/flowserve/flo-vlv-8392.pdf,https://www.industrial-supply-direct.com/item/flo-vlv-8392
PID-10860,Boge Oil-Free Scroll Compressor BOG-CMP-8415,Boge,Compressors,Oil-Free Scroll Compressor,BOG-CMP-8415,"*** BOGE SPECIAL PROMO *** Model BOG-CMP-8415. High reliability, certified quality. Suitable for power, water, oil&gas applications. Order now.",5770.55,EUR,400 V,100 HP,50 Hz,3000 rpm,33.3 g,591 x 534 x 654 mm,Acoustic Enclosure,IP54,12 Months,Boge,China,Precision Parts Direct,OEM Technical Data Sheet,https://docs.productiq-assets.com/specs/boge/bog-cmp-8415.pdf,invalid-url-item
PID-10861,Atlas Copco Reciprocating Air Compressor ATL-CMP-5006,Atlas Copco,Compressors,Reciprocating Air Compressor,ATL-CMP-5006,REDUNDANT RECORD: Atlas Copco ATL-CMP-5006 Compressors Reciprocating Air Compressor. Contact supplier Global Electro Corp for spec sheet.,1522.45,,3.3 kV,22 kW,60 Hz,2950 RPM,248.7 KG,"10.1"" x 31.0"" x 19.5""",Heavy Gauge Steel Housing,IP54,2 Years,Atlas Copco,Germany,Global Electro Corp,Supplier Price File 2024,https://docs.productiq-assets.com/specs/atlas_copco/atl-cmp-5006.pdf,https://www.industrial-supply-direct.com/item/atl-cmp-5006
PID-10862,Xylem Diaphragm Pump XYL-PMP-5022,Xylem,Pumps,Diaphragm Pump,XYL-PMP-5022,"Compact and durable Diaphragm Pump with 5 HP rating, rated for 400v networks.",14439.56,EUR,400v,5 HP,60 Hz,3500 rpm,323.5 kilograms,1070x109x567mm,Bronze,IP 68,24 months,Xylem,Italy,Apex Industrial Supplies,Vendor Portal Upload,https://docs.productiq-assets.com/specs/xylem/xyl-pmp-5022.pdf,https://www.industrial-supply-direct.com/item/xyl-pmp-5022
PID-10863,Atlas Copco Reciprocating Air Compressor ATL-CMP-4550,Atlas Copco,Compressors,Reciprocating Air Compressor,ATL-CMP-4550,"Compact and durable Reciprocating Air Compressor with 75KW rating, rated for 400 V networks.",12738.1,EUR,400 V,75KW,50 Hz,2950 RPM,278.5 kg.,"13.2"" x 28.1"" x 11.4""",Heavy Gauge Steel Housing,IP65,12 Months,Atlas Copco,United Kingdom,Nordic Machinery Hub,OEM Technical Data Sheet,https://docs.productiq-assets.com/specs/atlas_copco/atl-cmp-4550.pdf,https://www.industrial-supply-direct.com/item/atl-cmp-4550
PID-10864,Honeywell Analytics Gas Detection Monitor HON-SFT-3316,Honeywell Analytics,Safety Equipment,Gas Detection Monitor,HON-SFT-3316,"*** HONEYWELL ANALYTICS SPECIAL PROMO *** Model HON-SFT-3316. High reliability, certified quality. Suitable for power, water, oil&gas applications. Order now.",14067.01,,24VDC,0.02 kW,50/60 Hz,N/A,165.1 KG,50.0x65.7x63.7 cm,Flameproof Aluminum,IP69K,,Honeywell Analytics,Sweden,Precision Parts Direct,Distributor Catalog EU,https://docs.productiq-assets.com/specs/honeywell_analytics/hon-sft-3316.pdf,https://www.industrial-supply-direct.com/item/hon-sft-3316
PID-10865,Koyo Cylindrical Roller Bearing KOY-BRG-2127,Koyo,Bearings,Cylindrical Roller Bearing,KOY-BRG-2127,"Compact and durable Cylindrical Roller Bearing with standard power rating, rated for multi-voltage networks.",18917.08,GBP,,,N/A,6000 RPM,45.8 kg.,309x483x290mm,Stainless Steel 440C,Open,12 Months,Koyo,France,Continental Drive Systems,Vendor Portal Upload,https://docs.productiq-assets.com/specs/koyo/koy-brg-2127.pdf,https://www.industrial-supply-direct.com/item/koy-brg-2127
PID-10866,Schneider Electric Human Machine Interface (HMI) SCH-CTL-1445,Schneider Electric,Control Systems,Human Machine Interface (HMI),SCH-CTL-1445,"Compact and durable Human Machine Interface (HMI) with 22 kW rating, rated for 400 V 3PH networks.",,USD,400 V 3PH,22 kW,0-400 Hz Output,N/A,414.4 KG,564x180x883mm,Polycarbonate / Aluminum,ip20,5 Years,Schneider Electric,Finland,Apex Industrial Supplies,OEM Technical Data Sheet,https://docs.productiq-assets.com/specs/schneider_electric/sch-ctl-1445.pdf,https://www.industrial-supply-direct.com/item/sch-ctl-1445
PID-10867,Baldor-Reliance Explosion-Proof Motor BAL-MTR-4654,Baldor-Reliance,Industrial Motors,Explosion-Proof Motor,BAL-MTR-4654,"Compact and durable Explosion-Proof Motor with 20 HP rating, rated for 400V networks.",1129.63,USD,400V,20 HP,60 Hz,1450 RPM,88.7 kg,"39.9"" x 27.4"" x 35.1""",Aluminum,IP 55,5 Years,Baldor-Reliance,United Kingdom,TechFlow Solutions,Distributor Catalog EU,https://docs.productiq-assets.com/specs/baldor-reliance/bal-mtr-4654.pdf,https://www.industrial-supply-direct.com/item/bal-mtr-4654
PID-10868,Pepperl+Fuchs Explosion Proof Beacon PEP-SFT-8816,Pepperl+Fuchs,Safety Equipment,Explosion Proof Beacon,PEP-SFT-8816,"Compact and durable Explosion Proof Beacon with 15 W rating, rated for Battery / 3.6V networks.",15014.71,$,Battery / 3.6V,15 W,DC,N/A,233.8 kg,1194 x 778 x 204 mm,Anodized Aluminum,IP69K,1 Year Standard,Pepperl+Fuchs,United Kingdom,Global Electro Corp,Distributor Catalog EU,https://docs.productiq-assets.com/specs/pepperl+fuchs/pep-sft-8816.pdf,https://www.industrial-supply-direct.com/item/pep-sft-8816
PID-10869,Sullair Reciprocating Air Compressor SUL-CMP-2551,Sullair,Compressors,Reciprocating Air Compressor,SUL-CMP-2551,REDUNDANT RECORD: Sullair SUL-CMP-2551 Compressors Reciprocating Air Compressor. Contact supplier Precision Parts Direct for spec sheet.,19912.7,$,400V 50Hz,100 HP,50 Hz,1480 RPM,274.9 KG,1138x172x190mm,Cast Iron Block,IP55,36 Months Extended,Sullair,Finland,Precision Parts Direct,Field Engineering Audit,https://docs.productiq-assets.com/specs/sullair/sul-cmp-2551.pdf,invalid-url-item
PID-10870,Sick Safety Light Curtain SIC-SFT-2864,Sick,Safety Equipment,Safety Light Curtain,SIC-SFT-2864,"*** SICK SPECIAL PROMO *** Model SIC-SFT-2864. High reliability, certified quality. Suitable for power, water, oil&gas applications. Order now.",12032.72,USD,24 V DC,10 W,50/60 Hz,N/A,361.5 KG,1179 x 437 x 374 mm,Anodized Aluminum,IP65,24 months,Sick,Finland,Apex Industrial Supplies,Field Engineering Audit,https://docs.productiq-assets.com/specs/sick/sic-sft-2864.pdf,https://www.industrial-supply-direct.com/item/sic-sft-2864
PID-10871,Gardner Denver Centrifugal Turbo Compressor GAR-CMP-7087,Gardner Denver,Compressors,Centrifugal Turbo Compressor,GAR-CMP-7087,REDUNDANT RECORD: Gardner Denver GAR-CMP-7087 Compressors Centrifugal Turbo Compressor. Contact supplier TechFlow Solutions for spec sheet.,5463.66,EUR,400 volts,50 HP,60 Hz,2950 RPM,272.7 KG,75.9x45.0x20.8 cm,Acoustic Enclosure,IP65,12 Months,Gardner Denver,Sweden,TechFlow Solutions,Vendor Portal Upload,https://docs.productiq-assets.com/specs/gardner_denver/gar-cmp-7087.pdf,invalid-url-item
PID-10872,Timken Cylindrical Roller Bearing TIM-BRG-3940,Timken,Bearings,Cylindrical Roller Bearing,TIM-BRG-3940,"Timken Cylindrical Roller Bearing TIM-BRG-3940 offers industry leading performance, low vibration levels, and optimized lifecycle costs. Complies with ISO 9001 and CE directives.",16984.98,GBP,N/A,N/A,N/A,4500 max RPM,250.8 kg.,L:742 W:498 H:322,Ceramic Hybrid,N/A,2 Years,Timken,United Kingdom,Continental Drive Systems,Distributor Catalog EU,https://docs.productiq-assets.com/specs/timken/tim-brg-3940.pdf,https://www.industrial-supply-direct.com/item/tim-brg-3940
PID-10873,Caterpillar Automatic Transfer Switch CAT-PWR-8022,Caterpillar,Power Equipment,Automatic Transfer Switch,CAT-PWR-8022,Heavy-duty industrial grade Automatic Transfer Switch engineered by Caterpillar. Designed for continuous continuous operation in harsh industrial environments with high thermal efficiency and rugged construction.,8750.9,EUR,11 kV,,50/60 Hz,N/A,50.7 lbs,485 x 436 x 766 mm,Galvanized Steel Weatherproof,IP20,1 Year Standard,Caterpillar,China,Apex Industrial Supplies,Supplier Price File 2024,https://docs.productiq-assets.com/specs/caterpillar/cat-pwr-8022.pdf,https://www.industrial-supply-direct.com/item/cat-pwr-8022
PID-10874,Vertiv Liebert Online Double-Conversion UPS VER-PWR-8025,Vertiv Liebert,Power Equipment,Online Double-Conversion UPS,VER-PWR-8025,"*** VERTIV LIEBERT SPECIAL PROMO *** Model VER-PWR-8025. High reliability, certified quality. Suitable for power, water, oil&gas applications. Order now.",11521.61,EUR,400 V 3-Phase,,50 Hz,1500 RPM,78.9 kilograms,292x731x637mm,Marine Grade Aluminum,IP20,,Vertiv Liebert,France,Precision Parts Direct,Distributor Catalog EU,https://docs.productiq-assets.com/specs/vertiv_liebert/ver-pwr-8025.pdf,https://www.industrial-supply-direct.com/item/ver-pwr-8025
PID-10875,Kaeser Rotary Screw Compressor KAE-CMP-2542,Kaeser,Compressors,Rotary Screw Compressor,KAE-CMP-2542,"Compact and durable Rotary Screw Compressor with standard power rating, rated for 460 V 60Hz networks.",7024.88,$,460 V 60Hz,,50 Hz,3000 rpm,5.8 LBS,942 x 459 x 818 mm,Cast Iron Block,IP65,12 Months,Kaeser,China,Nordic Machinery Hub,Field Engineering Audit,,https://www.industrial-supply-direct.com/item/kae-cmp-2542
PID-10876,SKF Pillow Block Bearing SKF-BRG-5669,SKF,Bearings,Pillow Block Bearing,SKF-BRG-5669,"SKF Pillow Block Bearing SKF-BRG-5669 offers industry leading performance, low vibration levels, and optimized lifecycle costs. Complies with ISO 9001 and CE directives.",11922.75,EUR,,N/A,N/A,4500 max RPM,281.6 LBS,466 x 494 x 177 mm,Stainless Steel 440C,,12 Months,SKF,Switzerland,TechFlow Solutions,Field Engineering Audit,https://docs.productiq-assets.com/specs/skf/skf-brg-5669.pdf,https://www.industrial-supply-direct.com/item/skf-brg-5669
PID-10877,SMA Solar Online Double-Conversion UPS SMA-PWR-1577,SMA Solar,Power Equipment,Online Double-Conversion UPS,SMA-PWR-1577,"*** SMA SOLAR SPECIAL PROMO *** Model SMA-PWR-1577. High reliability, certified quality. Suitable for power, water, oil&gas applications. Order now.",5869.13,EUR,480 V,1200 kW,60 Hz,N/A,242.9 kg,290x166x740mm,Acoustic Heavy Steel,IP20,36 Months Extended,SMA Solar,Germany,Continental Drive Systems,Field Engineering Audit,https://docs.productiq-assets.com/specs/sma_solar/sma-pwr-1577.pdf,https://www.industrial-supply-direct.com/item/sma-pwr-1577
PID-10878,Koyo Spherical Roller Bearing KOY-BRG-5817,Koyo,Bearings,Spherical Roller Bearing,KOY-BRG-5817,<div><p>Industrial Bearings - KOY-BRG-5817</p><span>Manufacturer: Koyo</span><br>Standard spec with warranty: 5 Years</div>,10240.26,EUR,,N/A,N/A,6000 RPM,214.0 kg,117.8x49.0x54.6 cm,Stainless Steel 440C,ZZ Shielded,5 Years,Koyo,China,Nordic Machinery Hub,Distributor Catalog EU,https://docs.productiq-assets.com/specs/koyo/koy-brg-5817.pdf,https://www.industrial-supply-direct.com/item/koy-brg-5817
PID-10879,Honeywell RTD Temp Sensor HON-SNS-3893,Honeywell,Sensors,,HON-SNS-3893,REDUNDANT RECORD: Honeywell HON-SNS-3893 Sensors . Contact supplier Global Electro Corp for spec sheet.,22677.85,GBP,4-20mA 24V,< 3W,N/A,N/A,384.0 g,"46.1"" x 29.0"" x 19.0""",316L SS,IP69K,,Honeywell,Germany,Global Electro Corp,Field Engineering Audit,https://docs.productiq-assets.com/specs/honeywell/hon-sns-3893.pdf,https://www.industrial-supply-direct.com/item/hon-sns-3893
PID-10880,Schneider Electric Variable Frequency Drive (VFD) SCH-CTL-4432,Schneider Electric,Control Systems,Variable Frequency Drive (VFD),SCH-CTL-4432,"Schneider Electric Variable Frequency Drive (VFD) SCH-CTL-4432 offers industry leading performance, low vibration levels, and optimized lifecycle costs. Complies with ISO 9001 and CE directives.",2383.86,USD,24vdc,7.5 kW,0-400 Hz Output,N/A,154.7 KG,L:1032 W:317 H:381,Polycarbonate / Aluminum,IP20 / NEMA 1,5 Years,Schneider Electric,France,Continental Drive Systems,Supplier Price File 2024,https://docs.productiq-assets.com/specs/schneider_electric/sch-ctl-4432.pdf,https://www.industrial-supply-direct.com/item/sch-ctl-4432
PID-10881,SMA Solar Solar Inverter Grid-Tied SMA-PWR-8487,SMA Solar,Power Equipment,Solar Inverter Grid-Tied,SMA-PWR-8487,"Compact and durable Solar Inverter Grid-Tied with 250 kVA rating, rated for 230 V Single Phase networks.",16844.54,,230 V Single Phase,250 kVA,60 Hz,N/A,342.0 kilograms,101.7x20.5x44.4 cm,Acoustic Heavy Steel,IP23,1 Year Standard,SMA Solar,Italy,Apex Industrial Supplies,Supplier Price File 2024,https://docs.productiq-assets.com/specs/sma_solar/sma-pwr-8487.pdf,https://www.industrial-supply-direct.com/item/sma-pwr-8487
PID-10882,Banner Engineering Safety Light Curtain BAN-SFT-2571,Banner Engineering,Safety Equipment,Safety Light Curtain,BAN-SFT-2571,"Banner Engineering Safety Light Curtain BAN-SFT-2571 offers industry leading performance, low vibration levels, and optimized lifecycle costs. Complies with ISO 9001 and CE directives.",15921.19,$,Battery / 3.6V,0.02 kW,50/60 Hz,N/A,10.8 kg.,"5.3"" x 30.0"" x 17.4""",Reinforced Polymer,IP69K,,Banner Engineering,Finland,Global Electro Corp,Field Engineering Audit,https://docs.productiq-assets.com/specs/banner_engineering/ban-sft-2571.pdf,invalid-url-item
PID-10883,NSK Pillow Block Bearing NSK-BRG-8121,NSK,Bearings,Pillow Block Bearing,NSK-BRG-8121,REDUNDANT RECORD: NSK NSK-BRG-8121 Bearings Pillow Block Bearing. Contact supplier Global Electro Corp for spec sheet.,19968.86,USD,,N/A,N/A,3200 RPM,147.4 g,97.6x27.6x87.3 cm,High Carbon Chrome Steel 100Cr6,Open,36 Months Extended,NSK,France,Global Electro Corp,Distributor Catalog EU,https://docs.productiq-assets.com/specs/nsk/nsk-brg-8121.pdf,https://www.industrial-supply-direct.com/item/nsk-brg-8121
PID-10884,ABB Ability Programmable Logic Controller (PLC) ABB-CTL-7313,ABB Ability,Control Systems,Programmable Logic Controller (PLC),ABB-CTL-7313,<div><p>Industrial Control Systems - ABB-CTL-7313</p><span>Manufacturer: ABB Ability</span><br>Standard spec with warranty: </div>,12333.04,GBP,400 V 3PH,1.5 kW,50/60 Hz,N/A,,702x758x615mm,Polycarbonate / Aluminum,IP20,,ABB Ability,United Kingdom,Nordic Machinery Hub,Field Engineering Audit,https://docs.productiq-assets.com/specs/abb_ability/abb-ctl-7313.pdf,https://www.industrial-supply-direct.com/item/abb-ctl-7313
PID-10885,Siemens Servo Motor SIE-MTR-6366,Siemens,Industrial Motors,Servo Motor,SIE-MTR-6366,"Compact and durable Servo Motor with 7.5 kW rating, rated for 400 volts networks.",1319.15,€,400 volts,7.5 kW,50Hz,1750 RPM,336.9 g,314x650x173mm,Aluminum,IP 55,2 Years,Siemens,Italy,Nordic Machinery Hub,OEM Technical Data Sheet,https://docs.productiq-assets.com/specs/siemens/sie-mtr-6366.pdf,https://www.industrial-supply-direct.com/item/sie-mtr-6366
PID-10886,Baldor-Reliance Synchronous Motor BAL-MTR-3032,Baldor-Reliance,Industrial Motors,Synchronous Motor,BAL-MTR-3032,"*** BALDOR-RELIANCE SPECIAL PROMO *** Model BAL-MTR-3032. High reliability, certified quality. Suitable for power, water, oil&gas applications. Order now.",6779.78,EUR,0.4 kV,7.5KW,60 Hz,3000 RPM,20.9 LBS,110.0x60.7x37.1 cm,Ductile Iron,,36 Months Extended,Baldor-Reliance,Japan,Precision Parts Direct,ERP Master Data,https://docs.productiq-assets.com/specs/baldor-reliance/bal-mtr-3032.pdf,https://www.industrial-supply-direct.com/item/bal-mtr-3032
PID-10887,Ingersoll Rand Vane Compressor ING-CMP-6802,Ingersoll Rand,Compressors,,ING-CMP-6802,"Ingersoll Rand Vane Compressor ING-CMP-6802 offers industry leading performance, low vibration levels, and optimized lifecycle costs. Complies with ISO 9001 and CE directives.",18018.97,,3.3 kV,110 kW,60 Hz,2950 RPM,390.3 lbs,264x415x711mm,Cast Iron Block,IP54,24 months,Ingersoll Rand,United States,TechFlow Solutions,Distributor Catalog EU,https://docs.productiq-assets.com/specs/ingersoll_rand/ing-cmp-6802.pdf,https://www.industrial-supply-direct.com/item/ing-cmp-6802
PID-10888,Endress+Hauser RTD Temp Sensor END-SNS-1953,Endress+Hauser,Sensors,RTD Temp Sensor,END-SNS-1953,"Endress+Hauser RTD Temp Sensor END-SNS-1953 offers industry leading performance, low vibration levels, and optimized lifecycle costs. Complies with ISO 9001 and CE directives.",13739.88,USD,24 V DC,2 W,50/60 Hz,N/A,442.5 kilograms,965x474x351mm,PVDF,ip67,2 Years,Endress+Hauser,Sweden,Nordic Machinery Hub,Field Engineering Audit,https://docs.productiq-assets.com/specs/endress+hauser/end-sns-1953.pdf,https://www.industrial-supply-direct.com/item/end-sns-1953
PID-10889,ABB Explosion-Proof Motor ABB-MTR-8641,ABB,Industrial Motors,Explosion-Proof Motor,ABB-MTR-8641,Heavy-duty industrial grade Explosion-Proof Motor engineered by ABB. Designed for continuous continuous operation in harsh industrial environments with high thermal efficiency and rugged construction.,1762.39,$,400V,15 kW,50Hz,2950 RPM,447.1 kg,"29.6"" x 24.2"" x 12.6""",Ductile Iron,,,ABB,France,Nordic Machinery Hub,ERP Master Data,https://docs.productiq-assets.com/specs/abb/abb-mtr-8641.pdf,https://www.industrial-supply-direct.com/item/abb-mtr-8641
PID-10890,Siemens Air Circuit Breaker (ACB) SIE-ELC-9367,Siemens,Electrical Components,Air Circuit Breaker (ACB),SIE-ELC-9367,"Compact and durable Air Circuit Breaker (ACB) with 630 A Rating rating, rated for 230/400V networks.",11728.28,EUR,230/400V,630 A Rating,50 Hz,N/A,277.3 g,L:372 W:477 H:513,Silver Alloy Contacts,IP30,36 Months Extended,Siemens,Germany,Continental Drive Systems,ERP Master Data,https://docs.productiq-assets.com/specs/siemens/sie-elc-9367.pdf,https://www.industrial-supply-direct.com/item/sie-elc-9367
PID-10891,Kitz Globe Control Valve KIT-VLV-4793,Kitz,Valves,Globe Control Valve,KIT-VLV-4793,"*** KITZ SPECIAL PROMO *** Model KIT-VLV-4793. High reliability, certified quality. Suitable for power, water, oil&gas applications. Order now.",4401.19,EUR,None,0.05 kW,50 Hz,,32.5 kg,542 x 190 x 644 mm,Forged Steel A105,IP66,24 months,Kitz,Japan,Nordic Machinery Hub,Supplier Price File 2024,https://docs.productiq-assets.com/specs/kitz/kit-vlv-4793.pdf,https://www.industrial-supply-direct.com/item/kit-vlv-4793
PID-10892,Flowserve Diaphragm Pump FLO-PMP-9197,Flowserve,Pumps,,FLO-PMP-9197,<div><p>Industrial Pumps - FLO-PMP-9197</p><span>Manufacturer: Flowserve</span><br>Standard spec with warranty: 36 Months Extended</div>,6330.41,EUR,400 V,11 kW,60 Hz,1450 RPM,412.6 KG,1084 x 760 x 331 mm,Stainless Steel 316,IP55,36 Months Extended,Flowserve,France,Nordic Machinery Hub,Field Engineering Audit,https://docs.productiq-assets.com/specs/flowserve/flo-pmp-9197.pdf,https://www.industrial-supply-direct.com/item/flo-pmp-9197
PID-10893,Eaton Air Circuit Breaker (ACB) EAT-ELC-4338,Eaton,Electrical Components,Air Circuit Breaker (ACB),EAT-ELC-4338,<div><p>Industrial Electrical Components - EAT-ELC-4338</p><span>Manufacturer: Eaton</span><br>Standard spec with warranty: 1 Year Standard</div>,22055.07,GBP,690 V,N/A,50 Hz,N/A,37.6 KG,1179 x 650 x 473 mm,DMC Polyester Glass,IP40,1 Year Standard,Eaton,Finland,TechFlow Solutions,Vendor Portal Upload,https://docs.productiq-assets.com/specs/eaton/eat-elc-4338.pdf,https://www.industrial-supply-direct.com/item/eat-elc-4338
PID-10894,Nidec DC Traction Motor NID-MTR-5973,Nidec,Industrial Motors,DC Traction Motor,NID-MTR-5973,Heavy-duty industrial grade DC Traction Motor engineered by Nidec. Designed for continuous continuous operation in harsh industrial environments with high thermal efficiency and rugged construction.,22007.25,EUR,400V,110 kW,50hz,3000 RPM,98.8 KG,L:298 W:701 H:325,Stainless Steel,ip55,12 Months,Nidec,Germany,Precision Parts Direct,Vendor Portal Upload,https://docs.productiq-assets.com/specs/nidec/nid-mtr-5973.pdf,https://www.industrial-supply-direct.com/item/nid-mtr-5973
PID-10895,Flowserve Diaphragm Pump FLO-PMP-4097,Flowserve,Pumps,Diaphragm Pump,FLO-PMP-4097,<div><p>Industrial Pumps - FLO-PMP-4097</p><span>Manufacturer: Flowserve</span><br>Standard spec with warranty: 2 Years</div>,16911.05,USD,400 V,11 kW,50 Hz,1450 RPM,378.6 g,"17.9"" x 6.5"" x 24.7""",Stainless Steel 316,IP55,2 Years,Flowserve,United States,Apex Industrial Supplies,ERP Master Data,https://docs.productiq-assets.com/specs/flowserve/flo-pmp-4097.pdf,https://www.industrial-supply-direct.com/item/flo-pmp-4097
PID-10896,Endress+Hauser Electromagnetic Flowmeter END-SNS-6838,Endress+Hauser,Sensors,Electromagnetic Flowmeter,END-SNS-6838,"Compact and durable Electromagnetic Flowmeter with 0.01 kW rating, rated for 12-30 VDC networks.",20388.23,USD,12-30 VDC,0.01 kW,DC,N/A,402.4 LBS,93.4x46.9x72.8 cm,316L SS,IP68,24 months,Endress+Hauser,France,Precision Parts Direct,Supplier Price File 2024,https://docs.productiq-assets.com/specs/endress+hauser/end-sns-6838.pdf,https://www.industrial-supply-direct.com/item/end-sns-6838
PID-10897,FAG Schaeffler Tapered Roller Bearing FAG-BRG-2960,FAG Schaeffler,Bearings,Tapered Roller Bearing,FAG-BRG-2960,"*** FAG SCHAEFFLER SPECIAL PROMO *** Model FAG-BRG-2960. High reliability, certified quality. Suitable for power, water, oil&gas applications. Order now.",3465.6,,N/A,N/A,N/A,3200 RPM,437.3 g,,High Carbon Chrome Steel 100Cr6,2RS Sealed,,FAG Schaeffler,China,Precision Parts Direct,Field Engineering Audit,https://docs.productiq-assets.com/specs/fag_schaeffler/fag-brg-2960.pdf,https://www.industrial-supply-direct.com/item/fag-brg-2960
PID-10898,Sulzer Multistage High-Pressure Pump SUL-PMP-3316,Sulzer,Pumps,Multistage High-Pressure Pump,SUL-PMP-3316,REDUNDANT RECORD: Sulzer SUL-PMP-3316 Pumps Multistage High-Pressure Pump. Contact supplier TechFlow Solutions for spec sheet.,22207.7,€,380 V 3-Phase,15 kW,50 Hz,3500 rpm,429.7 kg,654 x 608 x 686 mm,Duplex Steel,IP68,5 Years,Sulzer,Germany,TechFlow Solutions,Distributor Catalog EU,https://docs.productiq-assets.com/specs/sulzer/sul-pmp-3316.pdf,https://www.industrial-supply-direct.com/item/sul-pmp-3316
PID-10899,Sullair Reciprocating Air Compressor SUL-CMP-3173,Sullair,Compressors,Reciprocating Air Compressor,SUL-CMP-3173,"Compact and durable Reciprocating Air Compressor with 75KW rating, rated for 400 V networks.",16908.23,EUR,400 V,75KW,50 Hz,2950 RPM,116.2 KG,35.0x24.8x72.4 cm,Heavy Gauge Steel Housing,IP54,24 months,Sullair,Germany,TechFlow Solutions,OEM Technical Data Sheet,https://docs.productiq-assets.com/specs/sullair/sul-cmp-3173.pdf,https://www.industrial-supply-direct.com/item/sul-cmp-3173
PID-10900,SEW-Eurodrive Synchronous Motor SEW-MTR-9454,SEW-Eurodrive,Industrial Motors,Synchronous Motor,SEW-MTR-9454,REDUNDANT RECORD: SEW-Eurodrive SEW-MTR-9454 Industrial Motors Synchronous Motor. Contact supplier Precision Parts Direct for spec sheet.,19360.82,€,400 V,7.5 kW,50 Hz,2950 RPM,120.4 kilograms,79.8x14.2x83.5 cm,Aluminum,IP55,,SEW-Eurodrive,China,Precision Parts Direct,Distributor Catalog EU,https://docs.productiq-assets.com/specs/sew-eurodrive/sew-mtr-9454.pdf,https://www.industrial-supply-direct.com/item/sew-mtr-9454
PID-10901,NSK Deep Groove Ball Bearing NSK-BRG-2536,NSK,Bearings,Deep Groove Ball Bearing,NSK-BRG-2536,REDUNDANT RECORD: NSK NSK-BRG-2536 Bearings Deep Groove Ball Bearing. Contact supplier Global Electro Corp for spec sheet.,15079.82,€,,,N/A,8500 rpm,314.5 LBS,586 x 175 x 310 mm,High Carbon Chrome Steel 100Cr6,2RS Sealed,1 Year Standard,NSK,Sweden,Global Electro Corp,Field Engineering Audit,,https://www.industrial-supply-direct.com/item/nsk-brg-2536
PID-10902,Xylem Submersible Slurry Pump XYL-PMP-7261,Xylem,Pumps,,XYL-PMP-7261,"Compact and durable Pumps with 5.5 kW rating, rated for 415V networks.",11611.9,EUR,415V,5.5 kW,50/60 Hz,1450 RPM,117.2 LBS,L:760 W:351 H:673,Stainless Steel 316,ip68,24 months,Xylem,United States,Continental Drive Systems,ERP Master Data,https://docs.productiq-assets.com/specs/xylem/xyl-pmp-7261.pdf,https://www.industrial-supply-direct.com/item/xyl-pmp-7261
PID-10903,Huawei Digital Power Industrial Diesel Generator HUA-PWR-6925,Huawei Digital Power,Power Equipment,Industrial Diesel Generator,HUA-PWR-6925,"Compact and durable Industrial Diesel Generator with 500 kW rating, rated for 11 kV networks.",10619.55,EUR,11 kV,500 kW,50/60 Hz,1500 RPM,296.7 lbs,L:623 W:622 H:877,Galvanized Steel Weatherproof,IP65 Enclosure,5 Years,Huawei Digital Power,Italy,Nordic Machinery Hub,Supplier Price File 2024,https://docs.productiq-assets.com/specs/huawei_digital_power/hua-pwr-6925.pdf,https://www.industrial-supply-direct.com/item/hua-pwr-6925
PID-10904,Bray Check Valve BRA-VLV-4040,Bray,Valves,Check Valve,BRA-VLV-4040,"*** BRAY SPECIAL PROMO *** Model BRA-VLV-4040. High reliability, certified quality. Suitable for power, water, oil&gas applications. Order now.",21757.57,EUR,N/A,,N/A,N/A,135.9 kilograms,L:938 W:754 H:607,WCB Carbon Steel,,1 Year Standard,Bray,Italy,Continental Drive Systems,ERP Master Data,https://docs.productiq-assets.com/specs/bray/bra-vlv-4040.pdf,https://www.industrial-supply-direct.com/item/bra-vlv-4040
PID-10905,NTN Tapered Roller Bearing NTN-BRG-8781,NTN,Bearings,Tapered Roller Bearing,NTN-BRG-8781,"NTN Tapered Roller Bearing NTN-BRG-8781 offers industry leading performance, low vibration levels, and optimized lifecycle costs. Complies with ISO 9001 and CE directives.",1982.64,EUR,N/A,,N/A,6000 RPM,281.1 kg.,1036 x 383 x 189 mm,Stainless Steel 440C,N/A,5 Years,NTN,Japan,Continental Drive Systems,Field Engineering Audit,https://docs.productiq-assets.com/specs/ntn/ntn-brg-8781.pdf,https://www.industrial-supply-direct.com/item/ntn-brg-8781
PID-10906,Velan High-Pressure Gate Valve VEL-VLV-6295,Velan,Valves,High-Pressure Gate Valve,VEL-VLV-6295,<div><p>Industrial Valves - VEL-VLV-6295</p><span>Manufacturer: Velan</span><br>Standard spec with warranty: </div>,17978.01,EUR,,0.05 kW,N/A,,197.5 kg,1002 x 642 x 713 mm,Forged Steel A105,IP66,,Velan,Finland,Global Electro Corp,Distributor Catalog EU,https://docs.productiq-assets.com/specs/velan/vel-vlv-6295.pdf,https://www.industrial-supply-direct.com/item/vel-vlv-6295
PID-10907,ABB Servo Motor ABB-MTR-4140,ABB,Industrial Motors,Servo Motor,ABB-MTR-4140,"Compact and durable Servo Motor with 15 kW rating, rated for 400V networks.",18226.94,$,400V,15 kW,60 Hz,980 rpm,348.1 LBS,,Aluminum,,5 Years,ABB,Japan,Nordic Machinery Hub,Vendor Portal Upload,https://docs.productiq-assets.com/specs/abb/abb-mtr-4140.pdf,https://www.industrial-supply-direct.com/item/abb-mtr-4140
PID-10908,Pilz Explosion Proof Beacon PIL-SFT-1132,Pilz,Safety Equipment,Explosion Proof Beacon,PIL-SFT-1132,"Pilz Explosion Proof Beacon PIL-SFT-1132 offers industry leading performance, low vibration levels, and optimized lifecycle costs. Complies with ISO 9001 and CE directives.",21847.39,USD,24VDC,10 W,DC,N/A,418.0 kg.,953x116x453mm,Anodized Aluminum,IP65,1 Year Standard,Pilz,Finland,Nordic Machinery Hub,Distributor Catalog EU,https://docs.productiq-assets.com/specs/pilz/pil-sft-1132.pdf,https://www.industrial-supply-direct.com/item/pil-sft-1132
PID-10909,Omron Distributed Control System (DCS) Module OMR-CTL-9122,Omron,Control Systems,Distributed Control System (DCS) Module,OMR-CTL-9122,"Compact and durable Distributed Control System (DCS) Module with 1.5 kW rating, rated for 24 V DC networks.",15130.56,GBP,24 V DC,1.5 kW,50 Hz,N/A,441.7 lbs,414x613x473mm,Metal Alloy,ip20,12 Months,Omron,Italy,Precision Parts Direct,ERP Master Data,https://docs.productiq-assets.com/specs/omron/omr-ctl-9122.pdf,https://www.industrial-supply-direct.com/item/omr-ctl-9122
PID-10910,Endress+Hauser Vibration Sensor END-SNS-8438,Endress+Hauser,Sensors,Vibration Sensor,END-SNS-8438,REDUNDANT RECORD: Endress+Hauser END-SNS-8438 Sensors Vibration Sensor. Contact supplier Continental Drive Systems for spec sheet.,13214.87,EUR,24V DC,0.01 kW,DC,N/A,179.5 lbs,L:145 W:592 H:451,Hastelloy,ip67,5 Years,Endress+Hauser,United States,Continental Drive Systems,Vendor Portal Upload,,https://www.industrial-supply-direct.com/item/end-sns-8438
PID-10911,Atlas Copco Reciprocating Air Compressor ATL-CMP-5543,Atlas Copco,Compressors,Reciprocating Air Compressor,ATL-CMP-5543,"Atlas Copco Reciprocating Air Compressor ATL-CMP-5543 offers industry leading performance, low vibration levels, and optimized lifecycle costs. Complies with ISO 9001 and CE directives.",19060.73,USD,400 V,22 kW,50 Hz,3000 rpm,351.8 kg.,107.4x37.8x55.0 cm,Acoustic Enclosure,IP54,1 Year Standard,Atlas Copco,Finland,Apex Industrial Supplies,ERP Master Data,,https://www.industrial-supply-direct.com/item/atl-cmp-5543
PID-10912,Schneider Galaxy Online Double-Conversion UPS SCH-PWR-6012,Schneider Galaxy,Power Equipment,Online Double-Conversion UPS,SCH-PWR-6012,Heavy-duty industrial grade Online Double-Conversion UPS engineered by Schneider Galaxy. Designed for continuous continuous operation in harsh industrial environments with high thermal efficiency and rugged construction.,,GBP,230 V Single Phase,500 kW,50/60 Hz,1800 rpm,404.2 lbs,59.3x40.5x21.5 cm,Acoustic Heavy Steel,IP23,36 Months Extended,Schneider Galaxy,United Kingdom,Apex Industrial Supplies,Supplier Price File 2024,https://docs.productiq-assets.com/specs/schneider_galaxy/sch-pwr-6012.pdf,https://www.industrial-supply-direct.com/item/sch-pwr-6012
PID-10913,Gardner Denver Centrifugal Turbo Compressor GAR-CMP-8575,Gardner Denver,Compressors,Centrifugal Turbo Compressor,GAR-CMP-8575,<div><p>Industrial Compressors - GAR-CMP-8575</p><span>Manufacturer: Gardner Denver</span><br>Standard spec with warranty: 24 months</div>,18415.84,€,400V 50Hz,75KW,60 Hz,2950 RPM,433.0 kg.,"12.3"" x 12.9"" x 17.7""",Heavy Gauge Steel Housing,IP65,24 months,Gardner Denver,France,Continental Drive Systems,Distributor Catalog EU,https://docs.productiq-assets.com/specs/gardner_denver/gar-cmp-8575.pdf,https://www.industrial-supply-direct.com/item/gar-cmp-8575
PID-10914,Sick Electromagnetic Flowmeter SIC-SNS-3484,Sick,Sensors,Electromagnetic Flowmeter,SIC-SNS-3484,"Compact and durable Electromagnetic Flowmeter with 5 W rating, rated for 12-30 VDC networks.",12913.17,$,12-30 VDC,5 W,50/60 Hz,N/A,375.2 kg.,300x769x518mm,316L SS,IP 67,,Sick,Japan,Precision Parts Direct,Vendor Portal Upload,https://docs.productiq-assets.com/specs/sick/sic-sns-3484.pdf,https://www.industrial-supply-direct.com/item/sic-sns-3484
PID-10915,Samson Globe Control Valve SAM-VLV-5947,Samson,Valves,Globe Control Valve,SAM-VLV-5947,"Compact and durable Globe Control Valve with standard power rating, rated for 24 V DC networks.",7273.44,EUR,24 V DC,,,N/A,266.5 g,60.2x39.7x22.7 cm,Hastelloy C,NEMA 4X,36 Months Extended,Samson,Germany,Continental Drive Systems,ERP Master Data,https://docs.productiq-assets.com/specs/samson/sam-vlv-5947.pdf,https://www.industrial-supply-direct.com/item/sam-vlv-5947
PID-10916,Gardner Denver Oil-Free Scroll Compressor GAR-CMP-1607,Gardner Denver,Compressors,Oil-Free Scroll Compressor,GAR-CMP-1607,<div><p>Industrial Compressors - GAR-CMP-1607</p><span>Manufacturer: Gardner Denver</span><br>Standard spec with warranty: 5 Years</div>,692.4,USD,3.3 kV,,60 Hz,2950 RPM,423.2 lbs,"25.7"" x 27.1"" x 5.3""",Heavy Gauge Steel Housing,IP54,5 Years,Gardner Denver,Sweden,Continental Drive Systems,Vendor Portal Upload,https://docs.productiq-assets.com/specs/gardner_denver/gar-cmp-1607.pdf,https://www.industrial-supply-direct.com/item/gar-cmp-1607
PID-10917,Emerson Fisher Butterfly Valve EME-VLV-4872,Emerson Fisher,Valves,Butterfly Valve,EME-VLV-4872,"*** EMERSON FISHER SPECIAL PROMO *** Model EME-VLV-4872. High reliability, certified quality. Suitable for power, water, oil&gas applications. Order now.",19012.79,$,,15 W,,,317.2 LBS,L:1101 W:159 H:565,WCB Carbon Steel,IP66,36 Months Extended,Emerson Fisher,Japan,Apex Industrial Supplies,OEM Technical Data Sheet,https://docs.productiq-assets.com/specs/emerson_fisher/eme-vlv-4872.pdf,https://www.industrial-supply-direct.com/item/eme-vlv-4872
PID-10918,KSB Multistage High-Pressure Pump KSB-PMP-1119,KSB,Pumps,Multistage High-Pressure Pump,KSB-PMP-1119,"*** KSB SPECIAL PROMO *** Model KSB-PMP-1119. High reliability, certified quality. Suitable for power, water, oil&gas applications. Order now.",4618.36,$,415V,5.5 kW,50/60 Hz,1450 RPM,217.2 kilograms,947 x 552 x 887 mm,Cast Iron GG25,IP66,5 Years,KSB,China,Apex Industrial Supplies,ERP Master Data,https://docs.productiq-assets.com/specs/ksb/ksb-pmp-1119.pdf,https://www.industrial-supply-direct.com/item/ksb-pmp-1119
PID-10919,SEW-Eurodrive Three-Phase Induction Motor SEW-MTR-8475,SEW-Eurodrive,Industrial Motors,Three-Phase Induction Motor,SEW-MTR-8475,Heavy-duty industrial grade Three-Phase Induction Motor engineered by SEW-Eurodrive. Designed for continuous continuous operation in harsh industrial environments with high thermal efficiency and rugged construction.,19326.83,EUR,380-415 V,110 kW,50/60 Hz,2950 RPM,403.9 lbs,L:641 W:169 H:244,Ductile Iron,IP65,1 Year Standard,SEW-Eurodrive,Finland,Apex Industrial Supplies,Supplier Price File 2024,https://docs.productiq-assets.com/specs/sew-eurodrive/sew-mtr-8475.pdf,https://www.industrial-supply-direct.com/item/sew-mtr-8475
PID-10920,Yokogawa Pressure Transmitter YOK-SNS-5322,Yokogawa,Sensors,Pressure Transmitter,YOK-SNS-5322,<div><p>Industrial Sensors - YOK-SNS-5322</p><span>Manufacturer: Yokogawa</span><br>Standard spec with warranty: 24 months</div>,20813.02,$,24V DC,5 W,50/60 Hz,N/A,179.0 kilograms,"40.3"" x 14.6"" x 29.3""",Titanium,IP67,24 months,Yokogawa,Switzerland,Global Electro Corp,Field Engineering Audit,https://docs.productiq-assets.com/specs/yokogawa/yok-sns-5322.pdf,https://www.industrial-supply-direct.com/item/yok-sns-5322
PID-10921,SKF Deep Groove Ball Bearing SKF-BRG-9532,SKF,Bearings,Deep Groove Ball Bearing,SKF-BRG-9532,<div><p>Industrial Bearings - SKF-BRG-9532</p><span>Manufacturer: SKF</span><br>Standard spec with warranty: </div>,2125.62,USD,,N/A,N/A,8500 rpm,311.3 KG,L:978 W:625 H:408,Ceramic Hybrid,2RS Sealed,,SKF,United Kingdom,Apex Industrial Supplies,ERP Master Data,https://docs.productiq-assets.com/specs/skf/skf-brg-9532.pdf,https://www.industrial-supply-direct.com/item/skf-brg-9532
PID-10922,ABB Explosion-Proof Motor ABB-MTR-9556,ABB,Industrial Motors,Explosion-Proof Motor,ABB-MTR-9556,Heavy-duty industrial grade Explosion-Proof Motor engineered by ABB. Designed for continuous continuous operation in harsh industrial environments with high thermal efficiency and rugged construction.,5894.77,GBP,380-415 V,15kw,60 Hz,1450 RPM,179.2 kg.,"42.8"" x 5.8"" x 33.4""",Cast Iron,IP56,5 Years,ABB,United Kingdom,Nordic Machinery Hub,Field Engineering Audit,https://docs.productiq-assets.com/specs/abb/abb-mtr-9556.pdf,https://www.industrial-supply-direct.com/item/abb-mtr-9556
PID-10923,Siemens Molded Case Circuit Breaker (MCCB) SIE-ELC-7114,Siemens,Electrical Components,Molded Case Circuit Breaker (MCCB),SIE-ELC-7114,<div><p>Industrial Electrical Components - SIE-ELC-7114</p><span>Manufacturer: Siemens</span><br>Standard spec with warranty: 1 Year Standard</div>,10154.83,USD,11 kV,,50/60 Hz,N/A,296.4 kg,555x145x331mm,DMC Polyester Glass,IP30,1 Year Standard,Siemens,Italy,Nordic Machinery Hub,ERP Master Data,https://docs.productiq-assets.com/specs/siemens/sie-elc-7114.pdf,https://www.industrial-supply-direct.com/item/sie-elc-7114
PID-10924,Wilo Multistage High-Pressure Pump WIL-PMP-2365,Wilo,Pumps,Multistage High-Pressure Pump,WIL-PMP-2365,REDUNDANT RECORD: Wilo WIL-PMP-2365 Pumps Multistage High-Pressure Pump. Contact supplier Apex Industrial Supplies for spec sheet.,7807.18,GBP,230 V,15 kW,50/60 Hz,2900 RPM,220.2 kg,L:367 W:444 H:777,Stainless Steel 316,IP 68,1 Year Standard,Wilo,Germany,Apex Industrial Supplies,Field Engineering Audit,,https://www.industrial-supply-direct.com/item/wil-pmp-2365
PID-10925,Honeywell Analytics Safety Light Curtain HON-SFT-4077,Honeywell Analytics,Safety Equipment,Safety Light Curtain,HON-SFT-4077,"Compact and durable Safety Light Curtain with 0.02 kW rating, rated for 24VDC networks.",13945.59,EUR,24VDC,0.02 kW,50/60 Hz,N/A,64.5 kilograms,451 x 511 x 103 mm,Reinforced Polymer,IP66,1 Year Standard,Honeywell Analytics,Germany,Continental Drive Systems,Vendor Portal Upload,https://docs.productiq-assets.com/specs/honeywell_analytics/hon-sft-4077.pdf,https://www.industrial-supply-direct.com/item/hon-sft-4077
PID-10926,NTN Deep Groove Ball Bearing NTN-BRG-3319,NTN,Bearings,Deep Groove Ball Bearing,NTN-BRG-3319,Heavy-duty industrial grade Deep Groove Ball Bearing engineered by NTN. Designed for continuous continuous operation in harsh industrial environments with high thermal efficiency and rugged construction.,18564.18,$,N/A,N/A,N/A,6000 RPM,383.4 lbs,61.9x48.6x68.7 cm,High Carbon Chrome Steel 100Cr6,ZZ Shielded,12 Months,NTN,Sweden,Precision Parts Direct,Distributor Catalog EU,https://docs.productiq-assets.com/specs/ntn/ntn-brg-3319.pdf,https://www.industrial-supply-direct.com/item/ntn-brg-3319
PID-10927,KSB Multistage High-Pressure Pump KSB-PMP-5006,KSB,Pumps,Multistage High-Pressure Pump,KSB-PMP-5006,Heavy-duty industrial grade Multistage High-Pressure Pump engineered by KSB. Designed for continuous continuous operation in harsh industrial environments with high thermal efficiency and rugged construction.,13749.0,€,,7.5 kW,60 Hz,3500 rpm,418.2 kg,L:154 W:296 H:133,Duplex Steel,IP 68,1 Year Standard,KSB,Finland,TechFlow Solutions,Distributor Catalog EU,https://docs.productiq-assets.com/specs/ksb/ksb-pmp-5006.pdf,https://www.industrial-supply-direct.com/item/ksb-pmp-5006
PID-10928,Siemens SIMATIC Variable Frequency Drive (VFD) SIE-CTL-2527,Siemens SIMATIC,Control Systems,Variable Frequency Drive (VFD),SIE-CTL-2527,"Siemens SIMATIC Variable Frequency Drive (VFD) SIE-CTL-2527 offers industry leading performance, low vibration levels, and optimized lifecycle costs. Complies with ISO 9001 and CE directives.",13019.92,€,400 V 3PH,15 kW,50/60 Hz,N/A,389.9 lbs,11.9x49.7x38.6 cm,Polycarbonate / Aluminum,IP65 Bezel,5 Years,Siemens SIMATIC,Finland,Precision Parts Direct,Field Engineering Audit,https://docs.productiq-assets.com/specs/siemens_simatic/sie-ctl-2527.pdf,https://www.industrial-supply-direct.com/item/sie-ctl-2527
PID-10929,Endress+Hauser Vibration Sensor END-SNS-4872,Endress+Hauser,Sensors,Vibration Sensor,END-SNS-4872,Heavy-duty industrial grade Vibration Sensor engineered by Endress+Hauser. Designed for continuous continuous operation in harsh industrial environments with high thermal efficiency and rugged construction.,5484.97,USD,12-30 VDC,2 W,50/60 Hz,N/A,137.7 kg.,"7.4"" x 27.6"" x 16.1""",PVDF,ip67,5 Years,Endress+Hauser,United States,Continental Drive Systems,OEM Technical Data Sheet,https://docs.productiq-assets.com/specs/endress+hauser/end-sns-4872.pdf,https://www.industrial-supply-direct.com/item/end-sns-4872
PID-10930,Kaeser Reciprocating Air Compressor KAE-CMP-8924,Kaeser,Compressors,Reciprocating Air Compressor,KAE-CMP-8924,"Kaeser Reciprocating Air Compressor KAE-CMP-8924 offers industry leading performance, low vibration levels, and optimized lifecycle costs. Complies with ISO 9001 and CE directives.",14298.92,€,3.3 kV,37 kW,60 Hz,1480 RPM,178.0 lbs,L:819 W:528 H:449,Cast Iron Block,IP65,36 Months Extended,Kaeser,Sweden,Global Electro Corp,Supplier Price File 2024,https://docs.productiq-assets.com/specs/kaeser/kae-cmp-8924.pdf,https://www.industrial-supply-direct.com/item/kae-cmp-8924
PID-10931,Euchner Explosion Proof Beacon EUC-SFT-1405,Euchner,Safety Equipment,Explosion Proof Beacon,EUC-SFT-1405,REDUNDANT RECORD: Euchner EUC-SFT-1405 Safety Equipment Explosion Proof Beacon. Contact supplier Apex Industrial Supplies for spec sheet.,14645.77,GBP,,10 W,50/60 Hz,N/A,429.4 g,"9.4"" x 12.7"" x 24.8""",Reinforced Polymer,Ex d IIC T6,,Euchner,United Kingdom,Apex Industrial Supplies,Vendor Portal Upload,https://docs.productiq-assets.com/specs/euchner/euc-sft-1405.pdf,https://www.industrial-supply-direct.com/item/euc-sft-1405
PID-10932,Siemens Industrial Transformer SIE-ELC-7137,Siemens,Electrical Components,Industrial Transformer,SIE-ELC-7137,Heavy-duty industrial grade Industrial Transformer engineered by Siemens. Designed for continuous continuous operation in harsh industrial environments with high thermal efficiency and rugged construction.,18185.52,EUR,400 V,630 A Rating,50 Hz,N/A,353.9 kg,L:588 W:466 H:226,Thermoset Resin,IP54,1 Year Standard,Siemens,Sweden,Precision Parts Direct,OEM Technical Data Sheet,https://docs.productiq-assets.com/specs/siemens/sie-elc-7137.pdf,https://www.industrial-supply-direct.com/item/sie-elc-7137
PID-10933,Bray Globe Control Valve BRA-VLV-3686,Bray,Valves,Globe Control Valve,BRA-VLV-3686,<div><p>Industrial Valves - BRA-VLV-3686</p><span>Manufacturer: Bray</span><br>Standard spec with warranty: 36 Months Extended</div>,16452.69,USD,24VDC,50 W,50 Hz,N/A,375.9 lbs,"24.8"" x 13.1"" x 31.3""",WCB Carbon Steel,IP65,36 Months Extended,Bray,Sweden,Global Electro Corp,ERP Master Data,https://docs.productiq-assets.com/specs/bray/bra-vlv-3686.pdf,https://www.industrial-supply-direct.com/item/bra-vlv-3686
PID-10934,Ingersoll Rand Vane Compressor ING-CMP-6005,Ingersoll Rand,Compressors,Vane Compressor,ING-CMP-6005,<div><p>Industrial Compressors - ING-CMP-6005</p><span>Manufacturer: Ingersoll Rand</span><br>Standard spec with warranty: </div>,12182.36,$,400V 50Hz,55 kW,50 Hz,3000 rpm,240.4 kilograms,L:602 W:209 H:219,Heavy Gauge Steel Housing,,,Ingersoll Rand,Japan,Global Electro Corp,Distributor Catalog EU,https://docs.productiq-assets.com/specs/ingersoll_rand/ing-cmp-6005.pdf,https://www.industrial-supply-direct.com/item/ing-cmp-6005
PID-10935,Flowserve Pneumatic Ball Valve FLO-VLV-6308,Flowserve,Valves,Pneumatic Ball Valve,FLO-VLV-6308,"Flowserve Pneumatic Ball Valve FLO-VLV-6308 offers industry leading performance, low vibration levels, and optimized lifecycle costs. Complies with ISO 9001 and CE directives.",9894.86,€,110 VAC,50 W,60 Hz,N/A,246.1 kg,186x334x839mm,Forged Steel A105,NEMA 4X,2 Years,Flowserve,Switzerland,Apex Industrial Supplies,Distributor Catalog EU,,https://www.industrial-supply-direct.com/item/flo-vlv-6308
PID-10936,Huawei Digital Power Solar Inverter Grid-Tied HUA-PWR-7574,Huawei Digital Power,Power Equipment,Solar Inverter Grid-Tied,HUA-PWR-7574,"Compact and durable Solar Inverter Grid-Tied with 100 kW rating, rated for 480 V networks.",22838.22,GBP,480 V,100 kW,50/60 Hz,N/A,359.4 kg,"16.6"" x 16.4"" x 26.8""",Marine Grade Aluminum,IP54 Outdoor,2 Years,Huawei Digital Power,United States,Nordic Machinery Hub,Vendor Portal Upload,https://docs.productiq-assets.com/specs/huawei_digital_power/hua-pwr-7574.pdf,https://www.industrial-supply-direct.com/item/hua-pwr-7574
PID-10937,Sulzer Centrifugal Pump SUL-PMP-4841,Sulzer,Pumps,Centrifugal Pump,SUL-PMP-4841,"Sulzer Centrifugal Pump SUL-PMP-4841 offers industry leading performance, low vibration levels, and optimized lifecycle costs. Complies with ISO 9001 and CE directives.",13044.59,EUR,400 V,,50/60 Hz,2900 RPM,422.7 KG,10.7x18.4x84.0 cm,Stainless Steel 316,,24 months,Sulzer,Japan,Apex Industrial Supplies,ERP Master Data,https://docs.productiq-assets.com/specs/sulzer/sul-pmp-4841.pdf,https://www.industrial-supply-direct.com/item/sul-pmp-4841
PID-10938,Kitz Pneumatic Ball Valve KIT-VLV-1910,Kitz,Valves,Pneumatic Ball Valve,KIT-VLV-1910,REDUNDANT RECORD: Kitz KIT-VLV-1910 Valves Pneumatic Ball Valve. Contact supplier TechFlow Solutions for spec sheet.,10010.98,EUR,110 VAC,N/A,,,390.8 lbs,1194x449x399mm,CF8M Stainless,IP67,2 Years,Kitz,Finland,TechFlow Solutions,Distributor Catalog EU,https://docs.productiq-assets.com/specs/kitz/kit-vlv-1910.pdf,https://www.industrial-supply-direct.com/item/kit-vlv-1910
PID-10939,Honeywell RTD Temp Sensor HON-SNS-4541,Honeywell,Sensors,RTD Temp Sensor,HON-SNS-4541,"Honeywell RTD Temp Sensor HON-SNS-4541 offers industry leading performance, low vibration levels, and optimized lifecycle costs. Complies with ISO 9001 and CE directives.",16998.11,$,4-20mA 24V,< 3W,DC,N/A,334.3 LBS,304 x 735 x 749 mm,316L SS,IP67,24 months,Honeywell,United States,Continental Drive Systems,Distributor Catalog EU,https://docs.productiq-assets.com/specs/honeywell/hon-sns-4541.pdf,https://www.industrial-supply-direct.com/item/hon-sns-4541
PID-10940,Chint Molded Case Circuit Breaker (MCCB) CHI-ELC-1453,Chint,Electrical Components,Molded Case Circuit Breaker (MCCB),CHI-ELC-1453,"Compact and durable Molded Case Circuit Breaker (MCCB) with 1600 A Rating rating, rated for 690 V networks.",8464.76,USD,690 V,1600 A Rating,60 Hz,N/A,203.9 kg,504x588x699mm,DMC Polyester Glass,IP40,36 Months Extended,Chint,Italy,Continental Drive Systems,Distributor Catalog EU,https://docs.productiq-assets.com/specs/chint/chi-elc-1453.pdf,https://www.industrial-supply-direct.com/item/chi-elc-1453
PID-10941,Grundfos Diaphragm Pump GRU-PMP-4457,Grundfos,Pumps,Diaphragm Pump,GRU-PMP-4457,<div><p>Industrial Pumps - GRU-PMP-4457</p><span>Manufacturer: Grundfos</span><br>Standard spec with warranty: 1 Year Standard</div>,15532.28,USD,380 V 3-Phase,15 HP,50 Hz,1450 RPM,447.7 kg.,L:712 W:674 H:578,Cast Iron GG25,IP 68,1 Year Standard,Grundfos,France,Global Electro Corp,OEM Technical Data Sheet,https://docs.productiq-assets.com/specs/grundfos/gru-pmp-4457.pdf,https://www.industrial-supply-direct.com/item/gru-pmp-4457
PID-10942,Sick Safety Light Curtain SIC-SFT-3913,Sick,Safety Equipment,Safety Light Curtain,SIC-SFT-3913,REDUNDANT RECORD: Sick SIC-SFT-3913 Safety Equipment Safety Light Curtain. Contact supplier Global Electro Corp for spec sheet.,17485.97,GBP,Battery / 3.6V,15 W,DC,N/A,138.7 lbs,437 x 718 x 485 mm,Reinforced Polymer,IP66,24 months,Sick,Japan,Global Electro Corp,Supplier Price File 2024,https://docs.productiq-assets.com/specs/sick/sic-sft-3913.pdf,https://www.industrial-supply-direct.com/item/sic-sft-3913
PID-10943,Flowserve Check Valve FLO-VLV-1768,Flowserve,Valves,Check Valve,FLO-VLV-1768,"Compact and durable Check Valve with 50 W rating, rated for 230 V AC networks.",22280.41,USD,230 V AC,50 W,N/A,,271.6 lbs,108.9x33.3x58.9 cm,Forged Steel A105,IP65,2 Years,Flowserve,France,Precision Parts Direct,Supplier Price File 2024,https://docs.productiq-assets.com/specs/flowserve/flo-vlv-1768.pdf,https://www.industrial-supply-direct.com/item/flo-vlv-1768
PID-10944,NTN Spherical Roller Bearing NTN-BRG-1541,NTN,Bearings,Spherical Roller Bearing,NTN-BRG-1541,REDUNDANT RECORD: NTN NTN-BRG-1541 Bearings Spherical Roller Bearing. Contact supplier Nordic Machinery Hub for spec sheet.,18783.9,€,,N/A,N/A,4500 max RPM,110.7 g,1042 x 288 x 286 mm,Ceramic Hybrid,N/A,24 months,NTN,Italy,Nordic Machinery Hub,Supplier Price File 2024,https://docs.productiq-assets.com/specs/ntn/ntn-brg-1541.pdf,invalid-url-item
PID-10945,SEW-Eurodrive Three-Phase Induction Motor SEW-MTR-9547,SEW-Eurodrive,Industrial Motors,Three-Phase Induction Motor,SEW-MTR-9547,"*** SEW-EURODRIVE SPECIAL PROMO *** Model SEW-MTR-9547. High reliability, certified quality. Suitable for power, water, oil&gas applications. Order now.",22048.69,GBP,400 volts,20 HP,50Hz,1500 rpm,292.2 kg.,950 x 592 x 588 mm,Stainless Steel,ip55,24 months,SEW-Eurodrive,Finland,Apex Industrial Supplies,OEM Technical Data Sheet,https://docs.productiq-assets.com/specs/sew-eurodrive/sew-mtr-9547.pdf,https://www.industrial-supply-direct.com/item/sew-mtr-9547
PID-10946,Kitz Butterfly Valve KIT-VLV-8618,Kitz,Valves,Butterfly Valve,KIT-VLV-8618,<div><p>Industrial Valves - KIT-VLV-8618</p><span>Manufacturer: Kitz</span><br>Standard spec with warranty: 24 months</div>,7844.16,GBP,110 VAC,50 W,N/A,N/A,378.7 kg.,102.4x61.5x60.0 cm,CF8M Stainless,IP65,24 months,Kitz,Germany,Precision Parts Direct,ERP Master Data,https://docs.productiq-assets.com/specs/kitz/kit-vlv-8618.pdf,https://www.industrial-supply-direct.com/item/kit-vlv-8618
PID-10947,ABB Ability Human Machine Interface (HMI) ABB-CTL-3352,ABB Ability,Control Systems,Human Machine Interface (HMI),ABB-CTL-3352,"*** ABB ABILITY SPECIAL PROMO *** Model ABB-CTL-3352. High reliability, certified quality. Suitable for power, water, oil&gas applications. Order now.",17655.53,,24 V DC,150 W,0-400 Hz Output,N/A,145.5 KG,L:475 W:455 H:278,Metal Alloy,IP20 / NEMA 1,5 Years,ABB Ability,Italy,Nordic Machinery Hub,OEM Technical Data Sheet,https://docs.productiq-assets.com/specs/abb_ability/abb-ctl-3352.pdf,https://www.industrial-supply-direct.com/item/abb-ctl-3352
PID-10948,Pilz Emergency Stop Rope Pull PIL-SFT-5034,Pilz,Safety Equipment,Emergency Stop Rope Pull,PIL-SFT-5034,Heavy-duty industrial grade Emergency Stop Rope Pull engineered by Pilz. Designed for continuous continuous operation in harsh industrial environments with high thermal efficiency and rugged construction.,5643.89,$,Battery / 3.6V,5 W,50/60 Hz,N/A,12.2 LBS,,Anodized Aluminum,IP69K,2 Years,Pilz,Germany,TechFlow Solutions,ERP Master Data,https://docs.productiq-assets.com/specs/pilz/pil-sft-5034.pdf,https://www.industrial-supply-direct.com/item/pil-sft-5034
PID-10949,Bray Pneumatic Ball Valve BRA-VLV-1464,Bray,Valves,Pneumatic Ball Valve,BRA-VLV-1464,<div><p>Industrial Valves - BRA-VLV-1464</p><span>Manufacturer: Bray</span><br>Standard spec with warranty: 36 Months Extended</div>,2231.96,EUR,None,,60 Hz,,403.2 kilograms,712 x 449 x 502 mm,Hastelloy C,,36 Months Extended,Bray,Sweden,TechFlow Solutions,Vendor Portal Upload,https://docs.productiq-assets.com/specs/bray/bra-vlv-1464.pdf,https://www.industrial-supply-direct.com/item/bra-vlv-1464
PID-10950,Sick Pressure Transmitter SIC-SNS-8967,Sick,Sensors,Pressure Transmitter,SIC-SNS-8967,"*** SICK SPECIAL PROMO *** Model SIC-SNS-8967. High reliability, certified quality. Suitable for power, water, oil&gas applications. Order now.",14108.34,USD,24 V DC,1.5 W,DC,N/A,278.4 kilograms,"30.8"" x 24.0"" x 34.4""",PVDF,IP67,12 Months,Sick,France,Global Electro Corp,Supplier Price File 2024,https://docs.productiq-assets.com/specs/sick/sic-sns-8967.pdf,https://www.industrial-supply-direct.com/item/sic-sns-8967
PID-10951,Bray High-Pressure Gate Valve BRA-VLV-5030,Bray,Valves,High-Pressure Gate Valve,BRA-VLV-5030,REDUNDANT RECORD: Bray BRA-VLV-5030 Valves High-Pressure Gate Valve. Contact supplier Continental Drive Systems for spec sheet.,18830.39,EUR,,0.05 kW,N/A,,,,CF8M Stainless,IP65,2 Years,Bray,Italy,Continental Drive Systems,Distributor Catalog EU,https://docs.productiq-assets.com/specs/bray/bra-vlv-5030.pdf,https://www.industrial-supply-direct.com/item/bra-vlv-5030
PID-10952,Gardner Denver Oil-Free Scroll Compressor GAR-CMP-8297,Gardner Denver,Compressors,Oil-Free Scroll Compressor,GAR-CMP-8297,REDUNDANT RECORD: Gardner Denver GAR-CMP-8297 Compressors Oil-Free Scroll Compressor. Contact supplier Apex Industrial Supplies for spec sheet.,7404.71,$,400 V,75KW,50 Hz,1480 RPM,345.0 lbs,L:202 W:321 H:714,Heavy Gauge Steel Housing,IP55,36 Months Extended,Gardner Denver,China,Apex Industrial Supplies,Vendor Portal Upload,https://docs.productiq-assets.com/specs/gardner_denver/gar-cmp-8297.pdf,invalid-url-item
PID-10953,Omron Programmable Logic Controller (PLC) OMR-CTL-7322,Omron,Control Systems,Programmable Logic Controller (PLC),OMR-CTL-7322,Heavy-duty industrial grade Programmable Logic Controller (PLC) engineered by Omron. Designed for continuous continuous operation in harsh industrial environments with high thermal efficiency and rugged construction.,12592.61,USD,24vdc,1.5 kW,0-400 Hz Output,N/A,298.2 lbs,"36.2"" x 26.4"" x 25.6""",Polycarbonate / Aluminum,IP20 / NEMA 1,1 Year Standard,Omron,China,Apex Industrial Supplies,OEM Technical Data Sheet,https://docs.productiq-assets.com/specs/omron/omr-ctl-7322.pdf,https://www.industrial-supply-direct.com/item/omr-ctl-7322
PID-10954,ABB Air Circuit Breaker (ACB) ABB-ELC-2839,ABB,Electrical Components,Air Circuit Breaker (ACB),ABB-ELC-2839,<div><p>Industrial Electrical Components - ABB-ELC-2839</p><span>Manufacturer: ABB</span><br>Standard spec with warranty: 24 months</div>,3775.99,,,250 kVA,50 Hz,N/A,241.2 kg,L:1008 W:632 H:878,Thermoset Resin,IP54,24 months,ABB,Japan,TechFlow Solutions,Distributor Catalog EU,https://docs.productiq-assets.com/specs/abb/abb-elc-2839.pdf,https://www.industrial-supply-direct.com/item/abb-elc-2839
PID-10955,Schneider Electric Vacuum Contactor SCH-ELC-7349,Schneider Electric,Electrical Components,Vacuum Contactor,SCH-ELC-7349,"Compact and durable Vacuum Contactor with 630 A Rating rating, rated for 1000 V networks.",13580.2,$,1000 V,630 A Rating,50/60 Hz,N/A,195.4 kg.,848x511x312mm,Thermoset Resin,IP30,,Schneider Electric,China,Apex Industrial Supplies,Distributor Catalog EU,https://docs.productiq-assets.com/specs/schneider_electric/sch-elc-7349.pdf,https://www.industrial-supply-direct.com/item/sch-elc-7349
PID-10956,Emerson Fisher Pneumatic Ball Valve EME-VLV-3206,Emerson Fisher,Valves,Pneumatic Ball Valve,EME-VLV-3206,Heavy-duty industrial grade Pneumatic Ball Valve engineered by Emerson Fisher. Designed for continuous continuous operation in harsh industrial environments with high thermal efficiency and rugged construction.,CONTACT SALES,EUR,N/A,N/A,60 Hz,,251.9 kg,L:429 W:525 H:210,WCB Carbon Steel,NEMA 4X,1 Year Standard,Emerson Fisher,Sweden,Apex Industrial Supplies,Field Engineering Audit,https://docs.productiq-assets.com/specs/emerson_fisher/eme-vlv-3206.pdf,https://www.industrial-supply-direct.com/item/eme-vlv-3206
PID-10957,Bray Butterfly Valve BRA-VLV-6521,Bray,Valves,Butterfly Valve,BRA-VLV-6521,Heavy-duty industrial grade Butterfly Valve engineered by Bray. Designed for continuous continuous operation in harsh industrial environments with high thermal efficiency and rugged construction.,15825.48,USD,24 V DC,,60 Hz,,381.4 lbs,58.5x63.2x62.2 cm,CF8M Stainless,,1 Year Standard,Bray,France,Global Electro Corp,Distributor Catalog EU,https://docs.productiq-assets.com/specs/bray/bra-vlv-6521.pdf,https://www.industrial-supply-direct.com/item/bra-vlv-6521
PID-10958,NSK Pillow Block Bearing NSK-BRG-4600,NSK,Bearings,Pillow Block Bearing,NSK-BRG-4600,"Compact and durable Pillow Block Bearing with N/A rating, rated for N/A networks.",800.27,$,N/A,N/A,N/A,3200 RPM,50.1 LBS,"37.2"" x 16.6"" x 14.8""",Stainless Steel 440C,2RS Sealed,2 Years,NSK,Finland,Nordic Machinery Hub,Vendor Portal Upload,https://docs.productiq-assets.com/specs/nsk/nsk-brg-4600.pdf,https://www.industrial-supply-direct.com/item/nsk-brg-4600
PID-10959,Vertiv Liebert Online Double-Conversion UPS VER-PWR-3380,Vertiv Liebert,Power Equipment,Online Double-Conversion UPS,VER-PWR-3380,Heavy-duty industrial grade Online Double-Conversion UPS engineered by Vertiv Liebert. Designed for continuous continuous operation in harsh industrial environments with high thermal efficiency and rugged construction.,10902.75,,480 V,,60 Hz,N/A,173.6 lbs,,Galvanized Steel Weatherproof,,24 months,Vertiv Liebert,Finland,Precision Parts Direct,Vendor Portal Upload,https://docs.productiq-assets.com/specs/vertiv_liebert/ver-pwr-3380.pdf,https://www.industrial-supply-direct.com/item/ver-pwr-3380
PID-10960,Pepperl+Fuchs Emergency Stop Rope Pull PEP-SFT-9304,Pepperl+Fuchs,Safety Equipment,Emergency Stop Rope Pull,PEP-SFT-9304,REDUNDANT RECORD: Pepperl+Fuchs PEP-SFT-9304 Safety Equipment Emergency Stop Rope Pull. Contact supplier TechFlow Solutions for spec sheet.,1745.89,GBP,110-230 VAC,5 W,50/60 Hz,N/A,125.7 g,881x298x526mm,Flameproof Aluminum,IP67,1 Year Standard,Pepperl+Fuchs,Finland,TechFlow Solutions,Supplier Price File 2024,https://docs.productiq-assets.com/specs/pepperl+fuchs/pep-sft-9304.pdf,https://www.industrial-supply-direct.com/item/pep-sft-9304
PID-10961,FAG Schaeffler Tapered Roller Bearing FAG-BRG-3544,FAG Schaeffler,Bearings,Tapered Roller Bearing,FAG-BRG-3544,<div><p>Industrial Bearings - FAG-BRG-3544</p><span>Manufacturer: FAG Schaeffler</span><br>Standard spec with warranty: 5 Years</div>,3913.09,$,N/A,N/A,N/A,6000 RPM,166.7 KG,"12.8"" x 25.4"" x 5.2""",Ceramic Hybrid,ZZ Shielded,5 Years,FAG Schaeffler,Finland,Apex Industrial Supplies,Supplier Price File 2024,https://docs.productiq-assets.com/specs/fag_schaeffler/fag-brg-3544.pdf,https://www.industrial-supply-direct.com/item/fag-brg-3544
PID-10962,Honeywell RTD Temp Sensor HON-SNS-7697,Honeywell,Sensors,RTD Temp Sensor,HON-SNS-7697,<div><p>Industrial Sensors - HON-SNS-7697</p><span>Manufacturer: Honeywell</span><br>Standard spec with warranty: 24 months</div>,2124.23,€,LOOP POWERED,2 W,50/60 Hz,N/A,430.5 g,722x597x519mm,316L SS,IP67,24 months,Honeywell,Germany,Global Electro Corp,Distributor Catalog EU,,https://www.industrial-supply-direct.com/item/hon-sns-7697
PID-10963,Wilo Centrifugal Pump WIL-PMP-2816,Wilo,Pumps,Centrifugal Pump,WIL-PMP-2816,<div><p>Industrial Pumps - WIL-PMP-2816</p><span>Manufacturer: Wilo</span><br>Standard spec with warranty: </div>,15234.87,$,380 V 3-Phase,15 HP,60 Hz,2900 RPM,142.0 kg,948 x 101 x 686 mm,Stainless Steel 316,IP66,,Wilo,United Kingdom,Apex Industrial Supplies,Supplier Price File 2024,https://docs.productiq-assets.com/specs/wilo/wil-pmp-2816.pdf,https://www.industrial-supply-direct.com/item/wil-pmp-2816
PID-10964,Sick Safety Light Curtain SIC-SFT-1356,Sick,Safety Equipment,Safety Light Curtain,SIC-SFT-1356,"Sick Safety Light Curtain SIC-SFT-1356 offers industry leading performance, low vibration levels, and optimized lifecycle costs. Complies with ISO 9001 and CE directives.",6366.9,GBP,24 V DC,10 W,50/60 Hz,N/A,27.0 g,L:555 W:319 H:560,Reinforced Polymer,IP65,5 Years,Sick,Finland,Continental Drive Systems,Vendor Portal Upload,,https://www.industrial-supply-direct.com/item/sic-sft-1356
PID-10965,Sick Pressure Transmitter SIC-SNS-4747,Sick,Sensors,Pressure Transmitter,SIC-SNS-4747,"Sick Pressure Transmitter SIC-SNS-4747 offers industry leading performance, low vibration levels, and optimized lifecycle costs. Complies with ISO 9001 and CE directives.",6994.77,USD,4-20mA 24V,< 3W,DC,N/A,,1101 x 506 x 347 mm,316L SS,,12 Months,Sick,China,Continental Drive Systems,Distributor Catalog EU,https://docs.productiq-assets.com/specs/sick/sic-sns-4747.pdf,https://www.industrial-supply-direct.com/item/sic-sns-4747
PID-10966,KSB Positive Displacement Pump KSB-PMP-4700,KSB,Pumps,Positive Displacement Pump,KSB-PMP-4700,Heavy-duty industrial grade Positive Displacement Pump engineered by KSB. Designed for continuous continuous operation in harsh industrial environments with high thermal efficiency and rugged construction.,9375.92,EUR,230 V,15 kW,60 Hz,2900 RPM,287.2 kilograms,"25.8"" x 24.4"" x 14.1""",Bronze,IP68,12 Months,KSB,Switzerland,Nordic Machinery Hub,Field Engineering Audit,,invalid-url-item
PID-10967,Siemens Air Circuit Breaker (ACB) SIE-ELC-2176,Siemens,Electrical Components,Air Circuit Breaker (ACB),SIE-ELC-2176,<div><p>Industrial Electrical Components - SIE-ELC-2176</p><span>Manufacturer: Siemens</span><br>Standard spec with warranty: 2 Years</div>,22796.7,USD,11 kV,630 A Rating,50 Hz,N/A,52.0 kg,966 x 153 x 137 mm,Silver Alloy Contacts,IP20,2 Years,Siemens,Japan,TechFlow Solutions,Distributor Catalog EU,,https://www.industrial-supply-direct.com/item/sie-elc-2176
PID-10968,Kaeser Vane Compressor KAE-CMP-7928,Kaeser,Compressors,Vane Compressor,KAE-CMP-7928,"Compact and durable Vane Compressor with 75KW rating, rated for 460 V 60Hz networks.",5524.46,EUR,460 V 60Hz,75KW,50 Hz,1480 RPM,256.5 kg,154x316x844mm,Acoustic Enclosure,IP65,12 Months,Kaeser,Japan,Continental Drive Systems,Distributor Catalog EU,https://docs.productiq-assets.com/specs/kaeser/kae-cmp-7928.pdf,https://www.industrial-supply-direct.com/item/kae-cmp-7928
PID-10969,Omron Human Machine Interface (HMI) OMR-CTL-6701,Omron,Control Systems,Human Machine Interface (HMI),OMR-CTL-6701,"Compact and durable Human Machine Interface (HMI) with 1.5 kW rating, rated for 24VDC / 120VAC networks.",17247.19,EUR,24VDC / 120VAC,1.5 kW,50 Hz,N/A,124.7 lbs,41.1x30.0x86.4 cm,Polycarbonate / Aluminum,ip20,,Omron,France,TechFlow Solutions,Vendor Portal Upload,https://docs.productiq-assets.com/specs/omron/omr-ctl-6701.pdf,https://www.industrial-supply-direct.com/item/omr-ctl-6701
PID-10970,Chint Industrial Transformer CHI-ELC-8425,Chint,Electrical Components,Industrial Transformer,CHI-ELC-8425,<div><p>Industrial Electrical Components - CHI-ELC-8425</p><span>Manufacturer: Chint</span><br>Standard spec with warranty: 5 Years</div>,16856.48,,1000 V,N/A,50 Hz,N/A,165.3 g,568 x 427 x 573 mm,DMC Polyester Glass,IP54,5 Years,Chint,France,Global Electro Corp,Distributor Catalog EU,,https://www.industrial-supply-direct.com/item/chi-elc-8425
PID-10971,SMA Solar Automatic Transfer Switch SMA-PWR-4079,SMA Solar,Power Equipment,Automatic Transfer Switch,SMA-PWR-4079,"Compact and durable Automatic Transfer Switch with 1000 kVA rating, rated for 11 kV networks.",9487.06,,11 kV,1000 kVA,60 Hz,1500 RPM,393.6 LBS,613 x 777 x 235 mm,Galvanized Steel Weatherproof,IP20,5 Years,SMA Solar,France,Nordic Machinery Hub,Vendor Portal Upload,https://docs.productiq-assets.com/specs/sma_solar/sma-pwr-4079.pdf,https://www.industrial-supply-direct.com/item/sma-pwr-4079
PID-10972,Ingersoll Rand Vane Compressor ING-CMP-1897,Ingersoll Rand,Compressors,Vane Compressor,ING-CMP-1897,REDUNDANT RECORD: Ingersoll Rand ING-CMP-1897 Compressors Vane Compressor. Contact supplier Precision Parts Direct for spec sheet.,14939.51,USD,400 V,50 HP,50 Hz,3000 rpm,368.5 lbs,24.4x69.9x57.0 cm,Heavy Gauge Steel Housing,,,Ingersoll Rand,Finland,Precision Parts Direct,ERP Master Data,,https://www.industrial-supply-direct.com/item/ing-cmp-1897
PID-10973,Endress+Hauser Pressure Transmitter END-SNS-9388,Endress+Hauser,Sensors,Pressure Transmitter,END-SNS-9388,"Endress+Hauser Pressure Transmitter END-SNS-9388 offers industry leading performance, low vibration levels, and optimized lifecycle costs. Complies with ISO 9001 and CE directives.",12780.42,EUR,12-30 VDC,5 W,50/60 Hz,N/A,90.5 KG,"25.2"" x 30.7"" x 14.5""",316L SS,IP 67,5 Years,Endress+Hauser,Switzerland,Precision Parts Direct,Supplier Price File 2024,https://docs.productiq-assets.com/specs/endress+hauser/end-sns-9388.pdf,https://www.industrial-supply-direct.com/item/end-sns-9388
PID-10974,Gardner Denver Oil-Free Scroll Compressor GAR-CMP-2150,Gardner Denver,Compressors,Oil-Free Scroll Compressor,GAR-CMP-2150,"*** GARDNER DENVER SPECIAL PROMO *** Model GAR-CMP-2150. High reliability, certified quality. Suitable for power, water, oil&gas applications. Order now.",23708.85,USD,400V 50Hz,75 kW,50 Hz,2950 RPM,288.0 g,55.7x12.9x25.9 cm,Cast Iron Block,IP54,,Gardner Denver,France,Continental Drive Systems,Distributor Catalog EU,https://docs.productiq-assets.com/specs/gardner_denver/gar-cmp-2150.pdf,https://www.industrial-supply-direct.com/item/gar-cmp-2150
PID-10975,SMA Solar Industrial Diesel Generator SMA-PWR-7780,SMA Solar,Power Equipment,Industrial Diesel Generator,SMA-PWR-7780,REDUNDANT RECORD: SMA Solar SMA-PWR-7780 Power Equipment Industrial Diesel Generator. Contact supplier TechFlow Solutions for spec sheet.,10477.15,EUR,230 V Single Phase,1500 kVA,50 Hz,1500 RPM,355.3 LBS,L:923 W:565 H:204,Galvanized Steel Weatherproof,IP54 Outdoor,2 Years,SMA Solar,Finland,TechFlow Solutions,Supplier Price File 2024,https://docs.productiq-assets.com/specs/sma_solar/sma-pwr-7780.pdf,https://www.industrial-supply-direct.com/item/sma-pwr-7780
PID-10976,Samson Butterfly Valve SAM-VLV-4031,Samson,Valves,Butterfly Valve,SAM-VLV-4031,Heavy-duty industrial grade Butterfly Valve engineered by Samson. Designed for continuous continuous operation in harsh industrial environments with high thermal efficiency and rugged construction.,18298.91,€,110 VAC,15 W,60 Hz,,229.5 kilograms,337x176x416mm,Forged Steel A105,,2 Years,Samson,France,TechFlow Solutions,Distributor Catalog EU,https://docs.productiq-assets.com/specs/samson/sam-vlv-4031.pdf,https://www.industrial-supply-direct.com/item/sam-vlv-4031
PID-10977,Boge Oil-Free Scroll Compressor BOG-CMP-8846,Boge,Compressors,Oil-Free Scroll Compressor,BOG-CMP-8846,"*** BOGE SPECIAL PROMO *** Model BOG-CMP-8846. High reliability, certified quality. Suitable for power, water, oil&gas applications. Order now.",7672.37,USD,,55 kW,60 Hz,1480 RPM,216.8 LBS,829 x 690 x 200 mm,Acoustic Enclosure,IP65,5 Years,Boge,Japan,Nordic Machinery Hub,Field Engineering Audit,https://docs.productiq-assets.com/specs/boge/bog-cmp-8846.pdf,https://www.industrial-supply-direct.com/item/bog-cmp-8846
PID-10978,Kitz High-Pressure Gate Valve KIT-VLV-7476,Kitz,Valves,High-Pressure Gate Valve,KIT-VLV-7476,"Compact and durable High-Pressure Gate Valve with 0.05 kW rating, rated for 24VDC networks.",3570.71,EUR,24VDC,0.05 kW,60 Hz,,325.4 kilograms,83.5x60.0x69.2 cm,CF8M Stainless,IP67,12 Months,Kitz,Sweden,TechFlow Solutions,Vendor Portal Upload,https://docs.productiq-assets.com/specs/kitz/kit-vlv-7476.pdf,https://www.industrial-supply-direct.com/item/kit-vlv-7476
PID-10979,Grundfos Diaphragm Pump GRU-PMP-4548,Grundfos,Pumps,Diaphragm Pump,GRU-PMP-4548,REDUNDANT RECORD: Grundfos GRU-PMP-4548 Pumps Diaphragm Pump. Contact supplier Precision Parts Direct for spec sheet.,368.38,USD,400v,15 kW,50/60 Hz,3500 rpm,133.0 kilograms,52.5x13.1x11.4 cm,Cast Iron GG25,ip68,1 Year Standard,Grundfos,Germany,Precision Parts Direct,OEM Technical Data Sheet,https://docs.productiq-assets.com/specs/grundfos/gru-pmp-4548.pdf,https://www.industrial-supply-direct.com/item/gru-pmp-4548
PID-10980,Kitz Butterfly Valve KIT-VLV-3282,Kitz,Valves,Butterfly Valve,KIT-VLV-3282,REDUNDANT RECORD: Kitz KIT-VLV-3282 Valves Butterfly Valve. Contact supplier Apex Industrial Supplies for spec sheet.,5422.15,$,110 VAC,15 W,50 Hz,N/A,343.7 kg.,405 x 288 x 102 mm,Hastelloy C,IP67,12 Months,Kitz,United Kingdom,Apex Industrial Supplies,Vendor Portal Upload,https://docs.productiq-assets.com/specs/kitz/kit-vlv-3282.pdf,https://www.industrial-supply-direct.com/item/kit-vlv-3282
PID-10981,Koyo Deep Groove Ball Bearing KOY-BRG-8157,Koyo,Bearings,Deep Groove Ball Bearing,KOY-BRG-8157,"*** KOYO SPECIAL PROMO *** Model KOY-BRG-8157. High reliability, certified quality. Suitable for power, water, oil&gas applications. Order now.",14746.62,USD,,N/A,N/A,6000 RPM,,33.5x73.3x41.0 cm,Stainless Steel 440C,,5 Years,Koyo,Sweden,Nordic Machinery Hub,OEM Technical Data Sheet,https://docs.productiq-assets.com/specs/koyo/koy-brg-8157.pdf,invalid-url-item
PID-10982,IFM Electronic Pressure Transmitter IFM-SNS-8402,IFM Electronic,Sensors,Pressure Transmitter,IFM-SNS-8402,"Compact and durable Pressure Transmitter with 5 W rating, rated for 12-30 VDC networks.",5839.6,EUR,12-30 VDC,5 W,DC,N/A,448.1 kg.,L:334 W:545 H:885,Hastelloy,,12 Months,IFM Electronic,United States,Nordic Machinery Hub,Vendor Portal Upload,https://docs.productiq-assets.com/specs/ifm_electronic/ifm-sns-8402.pdf,https://www.industrial-supply-direct.com/item/ifm-sns-8402
PID-10983,ABB Ability Human Machine Interface (HMI) ABB-CTL-8720,ABB Ability,Control Systems,Human Machine Interface (HMI),ABB-CTL-8720,"ABB Ability Human Machine Interface (HMI) ABB-CTL-8720 offers industry leading performance, low vibration levels, and optimized lifecycle costs. Complies with ISO 9001 and CE directives.",306.21,€,400 V 3PH,150 W,50/60 Hz,N/A,4.4 g,,Industrial Thermoplastic,IP20 / NEMA 1,24 months,ABB Ability,United States,Nordic Machinery Hub,Field Engineering Audit,https://docs.productiq-assets.com/specs/abb_ability/abb-ctl-8720.pdf,https://www.industrial-supply-direct.com/item/abb-ctl-8720
PID-10984,Omron Distributed Control System (DCS) Module OMR-CTL-9449,Omron,Control Systems,Distributed Control System (DCS) Module,OMR-CTL-9449,"*** OMRON SPECIAL PROMO *** Model OMR-CTL-9449. High reliability, certified quality. Suitable for power, water, oil&gas applications. Order now.",3184.24,€,,0.75 kW,50/60 Hz,N/A,46.7 g,35.0x43.7x26.6 cm,Polycarbonate / Aluminum,IP20 / NEMA 1,2 Years,Omron,Switzerland,Precision Parts Direct,Field Engineering Audit,https://docs.productiq-assets.com/specs/omron/omr-ctl-9449.pdf,https://www.industrial-supply-direct.com/item/omr-ctl-9449
PID-10985,Pilz Explosion Proof Beacon PIL-SFT-9244,Pilz,Safety Equipment,Explosion Proof Beacon,PIL-SFT-9244,REDUNDANT RECORD: Pilz PIL-SFT-9244 Safety Equipment Explosion Proof Beacon. Contact supplier TechFlow Solutions for spec sheet.,15580.05,$,Battery / 3.6V,10 W,50/60 Hz,N/A,336.4 g,845 x 147 x 890 mm,Reinforced Polymer,IP65,24 months,Pilz,Italy,TechFlow Solutions,OEM Technical Data Sheet,https://docs.productiq-assets.com/specs/pilz/pil-sft-9244.pdf,https://www.industrial-supply-direct.com/item/pil-sft-9244
PID-10986,Siemens Surge Protection Device SIE-ELC-9819,Siemens,Electrical Components,Surge Protection Device,SIE-ELC-9819,"*** SIEMENS SPECIAL PROMO *** Model SIE-ELC-9819. High reliability, certified quality. Suitable for power, water, oil&gas applications. Order now.",1050.61,GBP,11 kV,,50 Hz,N/A,229.6 g,106.4x22.0x65.6 cm,Silver Alloy Contacts,IP20,,Siemens,Sweden,Continental Drive Systems,OEM Technical Data Sheet,https://docs.productiq-assets.com/specs/siemens/sie-elc-9819.pdf,https://www.industrial-supply-direct.com/item/sie-elc-9819
PID-10987,Koyo Tapered Roller Bearing KOY-BRG-3966,Koyo,Bearings,Tapered Roller Bearing,KOY-BRG-3966,Heavy-duty industrial grade Tapered Roller Bearing engineered by Koyo. Designed for continuous continuous operation in harsh industrial environments with high thermal efficiency and rugged construction.,17697.26,USD,,N/A,N/A,8500 rpm,,725x439x578mm,Stainless Steel 440C,Open,1 Year Standard,Koyo,Italy,Precision Parts Direct,ERP Master Data,,https://www.industrial-supply-direct.com/item/koy-brg-3966
PID-10988,Honeywell Analytics Explosion Proof Beacon HON-SFT-9693,Honeywell Analytics,Safety Equipment,Explosion Proof Beacon,HON-SFT-9693,"*** HONEYWELL ANALYTICS SPECIAL PROMO *** Model HON-SFT-9693. High reliability, certified quality. Suitable for power, water, oil&gas applications. Order now.",19168.98,USD,24 V DC,0.02 kW,DC,N/A,90.1 lbs,L:244 W:233 H:787,Anodized Aluminum,IP69K,36 Months Extended,Honeywell Analytics,Finland,Precision Parts Direct,Vendor Portal Upload,,https://www.industrial-supply-direct.com/item/hon-sft-9693
PID-10989,Eaton Industrial Transformer EAT-ELC-2733,Eaton,Electrical Components,Industrial Transformer,EAT-ELC-2733,REDUNDANT RECORD: Eaton EAT-ELC-2733 Electrical Components Industrial Transformer. Contact supplier Continental Drive Systems for spec sheet.,5978.06,GBP,415 VAC,N/A,60 Hz,N/A,101.1 LBS,1163x792x461mm,Thermoset Resin,IP54,36 Months Extended,Eaton,China,Continental Drive Systems,ERP Master Data,https://docs.productiq-assets.com/specs/eaton/eat-elc-2733.pdf,https://www.industrial-supply-direct.com/item/eat-elc-2733
PID-10990,Euchner Emergency Stop Rope Pull EUC-SFT-8658,Euchner,Safety Equipment,Emergency Stop Rope Pull,EUC-SFT-8658,"Compact and durable Emergency Stop Rope Pull with 0.02 kW rating, rated for 24VDC networks.",1308.24,GBP,24VDC,0.02 kW,DC,N/A,135.5 kg.,617 x 417 x 383 mm,Anodized Aluminum,IP66,1 Year Standard,Euchner,Finland,Global Electro Corp,Supplier Price File 2024,https://docs.productiq-assets.com/specs/euchner/euc-sft-8658.pdf,https://www.industrial-supply-direct.com/item/euc-sft-8658
PID-10991,Kaeser Reciprocating Air Compressor KAE-CMP-5877,Kaeser,Compressors,Reciprocating Air Compressor,KAE-CMP-5877,"Kaeser Reciprocating Air Compressor KAE-CMP-5877 offers industry leading performance, low vibration levels, and optimized lifecycle costs. Complies with ISO 9001 and CE directives.",23844.9,USD,460 V 60Hz,75KW,50 Hz,1480 RPM,233.3 g,L:210 W:573 H:720,Heavy Gauge Steel Housing,IP55,1 Year Standard,Kaeser,China,TechFlow Solutions,ERP Master Data,https://docs.productiq-assets.com/specs/kaeser/kae-cmp-5877.pdf,https://www.industrial-supply-direct.com/item/kae-cmp-5877
PID-10992,Eaton Industrial Transformer EAT-ELC-2180,Eaton,Electrical Components,Industrial Transformer,EAT-ELC-2180,REDUNDANT RECORD: Eaton EAT-ELC-2180 Electrical Components Industrial Transformer. Contact supplier Continental Drive Systems for spec sheet.,12670.21,GBP,11 kV,,50 Hz,N/A,211.0 lbs,,Thermoset Resin,IP40,5 Years,Eaton,United Kingdom,Continental Drive Systems,Distributor Catalog EU,https://docs.productiq-assets.com/specs/eaton/eat-elc-2180.pdf,https://www.industrial-supply-direct.com/item/eat-elc-2180
PID-10993,Samson Globe Control Valve SAM-VLV-9209,Samson,Valves,Globe Control Valve,SAM-VLV-9209,<div><p>Industrial Valves - SAM-VLV-9209</p><span>Manufacturer: Samson</span><br>Standard spec with warranty: 5 Years</div>,411.54,EUR,230 V AC,N/A,50 Hz,,418.5 g,74.5x30.0x26.2 cm,Forged Steel A105,,5 Years,Samson,Italy,Apex Industrial Supplies,Field Engineering Audit,https://docs.productiq-assets.com/specs/samson/sam-vlv-9209.pdf,https://www.industrial-supply-direct.com/item/sam-vlv-9209
PID-10994,Huawei Digital Power Industrial Diesel Generator HUA-PWR-4086,Huawei Digital Power,Power Equipment,Industrial Diesel Generator,HUA-PWR-4086,<div><p>Industrial Power Equipment - HUA-PWR-4086</p><span>Manufacturer: Huawei Digital Power</span><br>Standard spec with warranty: 24 months</div>,5960.13,$,480 V,500 kW,60 Hz,1800 rpm,313.5 kg,"15.9"" x 5.4"" x 5.6""",Acoustic Heavy Steel,IP23,24 months,Huawei Digital Power,Switzerland,Nordic Machinery Hub,Distributor Catalog EU,https://docs.productiq-assets.com/specs/huawei_digital_power/hua-pwr-4086.pdf,https://www.industrial-supply-direct.com/item/hua-pwr-4086
PID-10995,Boge Centrifugal Turbo Compressor BOG-CMP-8702,Boge,Compressors,Centrifugal Turbo Compressor,BOG-CMP-8702,"Compact and durable Centrifugal Turbo Compressor with 100 HP rating, rated for 400 V networks.",18403.2,USD,400 V,100 HP,50 Hz,1480 RPM,,929x205x257mm,Heavy Gauge Steel Housing,IP65,36 Months Extended,Boge,Switzerland,Precision Parts Direct,Field Engineering Audit,https://docs.productiq-assets.com/specs/boge/bog-cmp-8702.pdf,https://www.industrial-supply-direct.com/item/bog-cmp-8702
PID-10996,FAG Schaeffler Cylindrical Roller Bearing FAG-BRG-6778,FAG Schaeffler,Bearings,Cylindrical Roller Bearing,FAG-BRG-6778,REDUNDANT RECORD: FAG Schaeffler FAG-BRG-6778 Bearings Cylindrical Roller Bearing. Contact supplier Precision Parts Direct for spec sheet.,22488.81,,,N/A,N/A,3200 RPM,225.5 kilograms,"29.1"" x 12.6"" x 13.3""",Stainless Steel 440C,ZZ Shielded,1 Year Standard,FAG Schaeffler,Finland,Precision Parts Direct,OEM Technical Data Sheet,,https://www.industrial-supply-direct.com/item/fag-brg-6778
PID-10997,Siemens SIMATIC Programmable Logic Controller (PLC) SIE-CTL-9512,Siemens SIMATIC,Control Systems,Programmable Logic Controller (PLC),SIE-CTL-9512,"Compact and durable Programmable Logic Controller (PLC) with 1.5 kW rating, rated for 230 V AC networks.",9658.35,EUR,230 V AC,1.5 kW,0-400 Hz Output,N/A,13.0 kg,"6.9"" x 21.3"" x 29.8""",Metal Alloy,,12 Months,Siemens SIMATIC,United States,TechFlow Solutions,Field Engineering Audit,https://docs.productiq-assets.com/specs/siemens_simatic/sie-ctl-9512.pdf,invalid-url-item
PID-10998,Sick Radar Level Sensor SIC-SNS-5142,Sick,Sensors,Radar Level Sensor,SIC-SNS-5142,Heavy-duty industrial grade Radar Level Sensor engineered by Sick. Designed for continuous continuous operation in harsh industrial environments with high thermal efficiency and rugged construction.,878.13,EUR,4-20mA 24V,0.01 kW,50/60 Hz,N/A,265.7 g,"9.8"" x 28.0"" x 10.3""",316L SS,IP68,,Sick,Finland,Global Electro Corp,Field Engineering Audit,,https://www.industrial-supply-direct.com/item/sic-sns-5142
PID-10999,Baldor-Reliance Three-Phase Induction Motor BAL-MTR-3615,Baldor-Reliance,Industrial Motors,Three-Phase Induction Motor,BAL-MTR-3615,"*** BALDOR-RELIANCE SPECIAL PROMO *** Model BAL-MTR-3615. High reliability, certified quality. Suitable for power, water, oil&gas applications. Order now.",1092.39,$,230/400V,15000 W,50 Hz,980 rpm,280.1 kg.,1196x555x270mm,Aluminum,IP65,12 Months,Baldor-Reliance,Switzerland,Global Electro Corp,Supplier Price File 2024,https://docs.productiq-assets.com/specs/baldor-reliance/bal-mtr-3615.pdf,https://www.industrial-supply-direct.com/item/bal-mtr-3615
PID-11000,ABB Synchronous Motor ABB-MTR-7904,ABB,Industrial Motors,Synchronous Motor,ABB-MTR-7904,"ABB Synchronous Motor ABB-MTR-7904 offers industry leading performance, low vibration levels, and optimized lifecycle costs. Complies with ISO 9001 and CE directives.",21645.25,€,400 V,45 kW,60 Hz,3000 RPM,,97.3x37.1x55.0 cm,Stainless Steel,IP 55,,ABB,Sweden,TechFlow Solutions,ERP Master Data,https://docs.productiq-assets.com/specs/abb/abb-mtr-7904.pdf,https://www.industrial-supply-direct.com/item/abb-mtr-7904
PID-11001,Timken Cylindrical Roller Bearing TIM-BRG-9969,Timken,Bearings,Cylindrical Roller Bearing,TIM-BRG-9969,"Timken Cylindrical Roller Bearing TIM-BRG-9969 offers industry leading performance, low vibration levels, and optimized lifecycle costs. Complies with ISO 9001 and CE directives.",10643.92,USD,N/A,,N/A,8500 rpm,274.0 KG,,Stainless Steel 440C,ZZ Shielded,36 Months Extended,Timken,China,Global Electro Corp,OEM Technical Data Sheet,https://docs.productiq-assets.com/specs/timken/tim-brg-9969.pdf,invalid-url-item
PID-11002,Schneider Electric Programmable Logic Controller (PLC) SCH-CTL-8168,Schneider Electric,Control Systems,Programmable Logic Controller (PLC),SCH-CTL-8168,Heavy-duty industrial grade Programmable Logic Controller (PLC) engineered by Schneider Electric. Designed for continuous continuous operation in harsh industrial environments with high thermal efficiency and rugged construction.,8254.37,GBP,24 V DC,0.75 kW,0-400 Hz Output,N/A,433.8 lbs,1066x691x476mm,Polycarbonate / Aluminum,ip20,1 Year Standard,Schneider Electric,China,Global Electro Corp,Vendor Portal Upload,https://docs.productiq-assets.com/specs/schneider_electric/sch-ctl-8168.pdf,https://www.industrial-supply-direct.com/item/sch-ctl-8168
PID-11003,NSK Pillow Block Bearing NSK-BRG-6914,NSK,Bearings,Pillow Block Bearing,NSK-BRG-6914,Heavy-duty industrial grade Pillow Block Bearing engineered by NSK. Designed for continuous continuous operation in harsh industrial environments with high thermal efficiency and rugged construction.,16161.89,,,N/A,N/A,4500 max RPM,199.4 g,"4.0"" x 24.6"" x 35.4""",High Carbon Chrome Steel 100Cr6,Open,1 Year Standard,NSK,Italy,Global Electro Corp,Distributor Catalog EU,https://docs.productiq-assets.com/specs/nsk/nsk-brg-6914.pdf,https://www.industrial-supply-direct.com/item/nsk-brg-6914
PID-11004,Baldor-Reliance Explosion-Proof Motor BAL-MTR-1953,Baldor-Reliance,Industrial Motors,Explosion-Proof Motor,BAL-MTR-1953,"Compact and durable Explosion-Proof Motor with 20 HP rating, rated for 380-415 V networks.",5464.33,$,380-415 V,20 HP,50hz,980 rpm,,101 x 152 x 792 mm,Ductile Iron,ip55,1 Year Standard,Baldor-Reliance,Italy,Apex Industrial Supplies,Vendor Portal Upload,https://docs.productiq-assets.com/specs/baldor-reliance/bal-mtr-1953.pdf,https://www.industrial-supply-direct.com/item/bal-mtr-1953
PID-11005,Bray Butterfly Valve BRA-VLV-8758,Bray,Valves,Butterfly Valve,BRA-VLV-8758,<div><p>Industrial Valves - BRA-VLV-8758</p><span>Manufacturer: Bray</span><br>Standard spec with warranty: 24 months</div>,18322.61,USD,None,50 W,50 Hz,N/A,214.3 g,"30.8"" x 29.7"" x 13.2""",CF8M Stainless,,24 months,Bray,United Kingdom,Precision Parts Direct,Vendor Portal Upload,https://docs.productiq-assets.com/specs/bray/bra-vlv-8758.pdf,https://www.industrial-supply-direct.com/item/bra-vlv-8758
PID-11006,Ingersoll Rand Oil-Free Scroll Compressor ING-CMP-5225,Ingersoll Rand,Compressors,Oil-Free Scroll Compressor,ING-CMP-5225,"Ingersoll Rand Oil-Free Scroll Compressor ING-CMP-5225 offers industry leading performance, low vibration levels, and optimized lifecycle costs. Complies with ISO 9001 and CE directives.",6811.83,USD,400 V,75 kW,60 Hz,3000 rpm,405.5 KG,"22.4"" x 21.8"" x 21.0""",Cast Iron Block,IP54,5 Years,Ingersoll Rand,Finland,Nordic Machinery Hub,Vendor Portal Upload,https://docs.productiq-assets.com/specs/ingersoll_rand/ing-cmp-5225.pdf,https://www.industrial-supply-direct.com/item/ing-cmp-5225
PID-11007,Siemens SIMATIC Safety Relay SIE-CTL-6246,Siemens SIMATIC,Control Systems,Safety Relay,SIE-CTL-6246,<div><p>Industrial Control Systems - SIE-CTL-6246</p><span>Manufacturer: Siemens SIMATIC</span><br>Standard spec with warranty: 5 Years</div>,18423.54,USD,24VDC / 120VAC,7.5 kW,0-400 Hz Output,N/A,233.2 KG,791 x 615 x 510 mm,Industrial Thermoplastic,IP20,5 Years,Siemens SIMATIC,United Kingdom,TechFlow Solutions,ERP Master Data,https://docs.productiq-assets.com/specs/siemens_simatic/sie-ctl-6246.pdf,https://www.industrial-supply-direct.com/item/sie-ctl-6246
PID-11008,SMA Solar Battery Energy Storage Unit SMA-PWR-4425,SMA Solar,Power Equipment,Battery Energy Storage Unit,SMA-PWR-4425,"*** SMA SOLAR SPECIAL PROMO *** Model SMA-PWR-4425. High reliability, certified quality. Suitable for power, water, oil&gas applications. Order now.",9026.47,USD,11 kV,500 kW,50 Hz,1800 rpm,168.9 g,L:1194 W:356 H:520,Acoustic Heavy Steel,IP54 Outdoor,36 Months Extended,SMA Solar,Italy,Continental Drive Systems,Vendor Portal Upload,https://docs.productiq-assets.com/specs/sma_solar/sma-pwr-4425.pdf,invalid-url-item
PID-11009,Boge Oil-Free Scroll Compressor BOG-CMP-2929,Boge,Compressors,,BOG-CMP-2929,REDUNDANT RECORD: Boge BOG-CMP-2929 Compressors . Contact supplier TechFlow Solutions for spec sheet.,19665.03,EUR,400 V,110 kW,60 Hz,1480 RPM,296.3 lbs,808x730x607mm,Heavy Gauge Steel Housing,IP65,12 Months,Boge,Italy,TechFlow Solutions,ERP Master Data,https://docs.productiq-assets.com/specs/boge/bog-cmp-2929.pdf,https://www.industrial-supply-direct.com/item/bog-cmp-2929
PID-11010,Banner Engineering Interlock Switch BAN-SFT-2670,Banner Engineering,Safety Equipment,,BAN-SFT-2670,"Banner Engineering Interlock Switch BAN-SFT-2670 offers industry leading performance, low vibration levels, and optimized lifecycle costs. Complies with ISO 9001 and CE directives.",20505.19,€,24 V DC,10 W,50/60 Hz,N/A,431.4 lbs,616x798x585mm,Flameproof Aluminum,IP65,12 Months,Banner Engineering,France,Apex Industrial Supplies,ERP Master Data,https://docs.productiq-assets.com/specs/banner_engineering/ban-sft-2670.pdf,https://www.industrial-supply-direct.com/item/ban-sft-2670
PID-11011,WEG Explosion-Proof Motor WEG-MTR-3360,WEG,Industrial Motors,Explosion-Proof Motor,WEG-MTR-3360,"WEG Explosion-Proof Motor WEG-MTR-3360 offers industry leading performance, low vibration levels, and optimized lifecycle costs. Complies with ISO 9001 and CE directives.",10220.73,USD,400 volts,45 kW,50/60 Hz,980 rpm,107.9 kg,"14.9"" x 27.4"" x 31.8""",Ductile Iron,,12 Months,WEG,Italy,Continental Drive Systems,Field Engineering Audit,https://docs.productiq-assets.com/specs/weg/weg-mtr-3360.pdf,https://www.industrial-supply-direct.com/item/weg-mtr-3360
PID-11012,Xylem Multistage High-Pressure Pump XYL-PMP-4420,Xylem,Pumps,Multistage High-Pressure Pump,XYL-PMP-4420,"*** XYLEM SPECIAL PROMO *** Model XYL-PMP-4420. High reliability, certified quality. Suitable for power, water, oil&gas applications. Order now.",21508.36,€,400v,11 kW,50/60 Hz,3500 rpm,324.1 g,"13.5"" x 6.7"" x 18.4""",Stainless Steel 316,IP68,2 Years,Xylem,Sweden,Precision Parts Direct,Field Engineering Audit,https://docs.productiq-assets.com/specs/xylem/xyl-pmp-4420.pdf,invalid-url-item
PID-11013,Schneider Electric Industrial Transformer SCH-ELC-6493,Schneider Electric,Electrical Components,Industrial Transformer,SCH-ELC-6493,"Schneider Electric Industrial Transformer SCH-ELC-6493 offers industry leading performance, low vibration levels, and optimized lifecycle costs. Complies with ISO 9001 and CE directives.",12483.97,GBP,1000 V,1600 A Rating,50/60 Hz,N/A,199.4 g,1107x169x649mm,Thermoset Resin,,24 months,Schneider Electric,United Kingdom,TechFlow Solutions,ERP Master Data,https://docs.productiq-assets.com/specs/schneider_electric/sch-elc-6493.pdf,invalid-url-item
PID-11014,KSB Centrifugal Pump KSB-PMP-4435,KSB,Pumps,Centrifugal Pump,KSB-PMP-4435,Heavy-duty industrial grade Centrifugal Pump engineered by KSB. Designed for continuous continuous operation in harsh industrial environments with high thermal efficiency and rugged construction.,427.85,$,24 V DC,3.7 kW,50/60 Hz,2900 RPM,281.1 LBS,92.1x48.5x33.7 cm,Duplex Steel,IP 68,5 Years,KSB,United States,Continental Drive Systems,ERP Master Data,https://docs.productiq-assets.com/specs/ksb/ksb-pmp-4435.pdf,https://www.industrial-supply-direct.com/item/ksb-pmp-4435
PID-11015,Sick Explosion Proof Beacon SIC-SFT-3285,Sick,Safety Equipment,Explosion Proof Beacon,SIC-SFT-3285,Heavy-duty industrial grade Explosion Proof Beacon engineered by Sick. Designed for continuous continuous operation in harsh industrial environments with high thermal efficiency and rugged construction.,21964.12,USD,24VDC,5 W,50/60 Hz,N/A,343.1 KG,420 x 645 x 393 mm,Anodized Aluminum,Ex d IIC T6,24 months,Sick,Germany,Global Electro Corp,OEM Technical Data Sheet,https://docs.productiq-assets.com/specs/sick/sic-sft-3285.pdf,https://www.industrial-supply-direct.com/item/sic-sft-3285
PID-11016,Flowserve Check Valve FLO-VLV-8541,Flowserve,Valves,Check Valve,FLO-VLV-8541,"Flowserve Check Valve FLO-VLV-8541 offers industry leading performance, low vibration levels, and optimized lifecycle costs. Complies with ISO 9001 and CE directives.",17628.72,GBP,,0.05 kW,50 Hz,N/A,337.7 LBS,97.5x65.4x81.9 cm,CF8M Stainless,IP65,2 Years,Flowserve,Sweden,Continental Drive Systems,Supplier Price File 2024,https://docs.productiq-assets.com/specs/flowserve/flo-vlv-8541.pdf,https://www.industrial-supply-direct.com/item/flo-vlv-8541
PID-11017,Yokogawa Pressure Transmitter YOK-SNS-9287,Yokogawa,Sensors,Pressure Transmitter,YOK-SNS-9287,"Yokogawa Pressure Transmitter YOK-SNS-9287 offers industry leading performance, low vibration levels, and optimized lifecycle costs. Complies with ISO 9001 and CE directives.",13502.23,GBP,LOOP POWERED,< 3W,50/60 Hz,N/A,340.1 g,1083x348x450mm,316L SS,IP67,2 Years,Yokogawa,Sweden,Nordic Machinery Hub,Field Engineering Audit,https://docs.productiq-assets.com/specs/yokogawa/yok-sns-9287.pdf,https://www.industrial-supply-direct.com/item/yok-sns-9287
PID-11018,WEG Explosion-Proof Motor WEG-MTR-4489,WEG,Industrial Motors,Explosion-Proof Motor,WEG-MTR-4489,"WEG Explosion-Proof Motor WEG-MTR-4489 offers industry leading performance, low vibration levels, and optimized lifecycle costs. Complies with ISO 9001 and CE directives.",16962.27,GBP,690 V,22 kW,50/60 Hz,1500 rpm,203.1 kg,434x360x142mm,Aluminum,IP55,24 months,WEG,Italy,TechFlow Solutions,ERP Master Data,https://docs.productiq-assets.com/specs/weg/weg-mtr-4489.pdf,https://www.industrial-supply-direct.com/item/weg-mtr-4489
PID-11019,Sick Vibration Sensor SIC-SNS-8506,Sick,Sensors,Vibration Sensor,SIC-SNS-8506,"Compact and durable Vibration Sensor with 2 W rating, rated for 24V DC networks.",2578.41,EUR,24V DC,2 W,50/60 Hz,N/A,238.6 kilograms,,316L SS,IP 67,24 months,Sick,Japan,Precision Parts Direct,Vendor Portal Upload,https://docs.productiq-assets.com/specs/sick/sic-sns-8506.pdf,https://www.industrial-supply-direct.com/item/sic-sns-8506
PID-11020,Yokogawa Radar Level Sensor YOK-SNS-2155,Yokogawa,Sensors,Radar Level Sensor,YOK-SNS-2155,<div><p>Industrial Sensors - YOK-SNS-2155</p><span>Manufacturer: Yokogawa</span><br>Standard spec with warranty: 1 Year Standard</div>,13103.44,USD,24V DC,,50/60 Hz,N/A,119.6 kg.,"26.4"" x 10.4"" x 20.9""",Titanium,IP 67,1 Year Standard,Yokogawa,China,Continental Drive Systems,Distributor Catalog EU,https://docs.productiq-assets.com/specs/yokogawa/yok-sns-2155.pdf,https://www.industrial-supply-direct.com/item/yok-sns-2155
PID-11021,Siemens Synchronous Motor SIE-MTR-9382,Siemens,Industrial Motors,Synchronous Motor,SIE-MTR-9382,"Siemens Synchronous Motor SIE-MTR-9382 offers industry leading performance, low vibration levels, and optimized lifecycle costs. Complies with ISO 9001 and CE directives.",5856.26,USD,400V,15 kW,50hz,3000 RPM,,134x219x474mm,Ductile Iron,IP56,1 Year Standard,Siemens,Switzerland,TechFlow Solutions,ERP Master Data,https://docs.productiq-assets.com/specs/siemens/sie-mtr-9382.pdf,https://www.industrial-supply-direct.com/item/sie-mtr-9382
PID-11022,Siemens Molded Case Circuit Breaker (MCCB) SIE-ELC-9380,Siemens,Electrical Components,Molded Case Circuit Breaker (MCCB),SIE-ELC-9380,REDUNDANT RECORD: Siemens SIE-ELC-9380 Electrical Components Molded Case Circuit Breaker (MCCB). Contact supplier Global Electro Corp for spec sheet.,23951.8,$,400 V,630 A Rating,50/60 Hz,N/A,256.8 LBS,853x126x450mm,Silver Alloy Contacts,IP30,5 Years,Siemens,France,Global Electro Corp,Field Engineering Audit,https://docs.productiq-assets.com/specs/siemens/sie-elc-9380.pdf,https://www.industrial-supply-direct.com/item/sie-elc-9380
PID-11023,Flowserve Multistage High-Pressure Pump FLO-PMP-6972,Flowserve,Pumps,Multistage High-Pressure Pump,FLO-PMP-6972,REDUNDANT RECORD: Flowserve FLO-PMP-6972 Pumps Multistage High-Pressure Pump. Contact supplier Apex Industrial Supplies for spec sheet.,21550.4,USD,415V,15 HP,50/60 Hz,2900 RPM,424.2 g,"44.3"" x 10.5"" x 35.2""",Bronze,IP 68,5 Years,Flowserve,United States,Apex Industrial Supplies,ERP Master Data,https://docs.productiq-assets.com/specs/flowserve/flo-pmp-6972.pdf,https://www.industrial-supply-direct.com/item/flo-pmp-6972
PID-11024,FAG Schaeffler Cylindrical Roller Bearing FAG-BRG-5839,FAG Schaeffler,Bearings,Cylindrical Roller Bearing,FAG-BRG-5839,Heavy-duty industrial grade Cylindrical Roller Bearing engineered by FAG Schaeffler. Designed for continuous continuous operation in harsh industrial environments with high thermal efficiency and rugged construction.,,$,,,N/A,4500 max RPM,428.1 KG,842 x 799 x 347 mm,Stainless Steel 440C,2RS Sealed,,FAG Schaeffler,Japan,TechFlow Solutions,OEM Technical Data Sheet,https://docs.productiq-assets.com/specs/fag_schaeffler/fag-brg-5839.pdf,https://www.industrial-supply-direct.com/item/fag-brg-5839
PID-11025,IFM Electronic Radar Level Sensor IFM-SNS-5744,IFM Electronic,Sensors,Radar Level Sensor,IFM-SNS-5744,Heavy-duty industrial grade Radar Level Sensor engineered by IFM Electronic. Designed for continuous continuous operation in harsh industrial environments with high thermal efficiency and rugged construction.,6076.05,EUR,4-20mA 24V,2 W,DC,N/A,14.5 kilograms,617x190x239mm,316L SS,IP 67,2 Years,IFM Electronic,Japan,Nordic Machinery Hub,ERP Master Data,,https://www.industrial-supply-direct.com/item/ifm-sns-5744
PID-11026,Grundfos Submersible Slurry Pump GRU-PMP-5957,Grundfos,Pumps,Submersible Slurry Pump,GRU-PMP-5957,Heavy-duty industrial grade Submersible Slurry Pump engineered by Grundfos. Designed for continuous continuous operation in harsh industrial environments with high thermal efficiency and rugged construction.,23459.38,€,24 V DC,5 HP,60 Hz,3500 rpm,247.2 kg,589 x 397 x 231 mm,Duplex Steel,,2 Years,Grundfos,Sweden,Continental Drive Systems,Distributor Catalog EU,https://docs.productiq-assets.com/specs/grundfos/gru-pmp-5957.pdf,https://www.industrial-supply-direct.com/item/gru-pmp-5957
PID-11027,Pilz Emergency Stop Rope Pull PIL-SFT-1646,Pilz,Safety Equipment,Emergency Stop Rope Pull,PIL-SFT-1646,"*** PILZ SPECIAL PROMO *** Model PIL-SFT-1646. High reliability, certified quality. Suitable for power, water, oil&gas applications. Order now.",14244.19,EUR,110-230 VAC,5 W,50/60 Hz,N/A,186.9 kilograms,L:485 W:219 H:686,Flameproof Aluminum,IP69K,,Pilz,Germany,Continental Drive Systems,Vendor Portal Upload,,https://www.industrial-supply-direct.com/item/pil-sft-1646
PID-11028,Sullair Vane Compressor SUL-CMP-4389,Sullair,Compressors,Vane Compressor,SUL-CMP-4389,Heavy-duty industrial grade Vane Compressor engineered by Sullair. Designed for continuous continuous operation in harsh industrial environments with high thermal efficiency and rugged construction.,23021.9,€,3.3 kV,55 kW,50 Hz,3000 rpm,40.6 kilograms,"11.3"" x 28.9"" x 8.5""",Cast Iron Block,IP65,24 months,Sullair,Italy,Apex Industrial Supplies,Distributor Catalog EU,https://docs.productiq-assets.com/specs/sullair/sul-cmp-4389.pdf,https://www.industrial-supply-direct.com/item/sul-cmp-4389
PID-11029,Emerson Fisher Globe Control Valve EME-VLV-5463,Emerson Fisher,Valves,Globe Control Valve,EME-VLV-5463,"Emerson Fisher Globe Control Valve EME-VLV-5463 offers industry leading performance, low vibration levels, and optimized lifecycle costs. Complies with ISO 9001 and CE directives.",8882.85,GBP,N/A,N/A,N/A,,317.3 kg.,,Forged Steel A105,IP67,1 Year Standard,Emerson Fisher,Switzerland,Apex Industrial Supplies,Field Engineering Audit,,https://www.industrial-supply-direct.com/item/eme-vlv-5463
PID-11030,Chint Surge Protection Device CHI-ELC-2258,Chint,Electrical Components,Surge Protection Device,CHI-ELC-2258,REDUNDANT RECORD: Chint CHI-ELC-2258 Electrical Components Surge Protection Device. Contact supplier Nordic Machinery Hub for spec sheet.,23340.42,€,415 VAC,N/A,60 Hz,N/A,387.2 KG,,Silver Alloy Contacts,IP20,36 Months Extended,Chint,Japan,Nordic Machinery Hub,Vendor Portal Upload,https://docs.productiq-assets.com/specs/chint/chi-elc-2258.pdf,https://www.industrial-supply-direct.com/item/chi-elc-2258
PID-11031,Omron Safety Relay OMR-CTL-5023,Omron,Control Systems,Safety Relay,OMR-CTL-5023,REDUNDANT RECORD: Omron OMR-CTL-5023 Control Systems Safety Relay. Contact supplier TechFlow Solutions for spec sheet.,CONTACT SALES,USD,230 V AC,22 kW,50/60 Hz,N/A,125.3 kg,505x355x286mm,Polycarbonate / Aluminum,,,Omron,France,TechFlow Solutions,Distributor Catalog EU,https://docs.productiq-assets.com/specs/omron/omr-ctl-5023.pdf,https://www.industrial-supply-direct.com/item/omr-ctl-5023
PID-11032,Pepperl+Fuchs Interlock Switch PEP-SFT-4157,Pepperl+Fuchs,Safety Equipment,Interlock Switch,PEP-SFT-4157,REDUNDANT RECORD: Pepperl+Fuchs PEP-SFT-4157 Safety Equipment Interlock Switch. Contact supplier TechFlow Solutions for spec sheet.,11280.1,$,24VDC,10 W,DC,N/A,334.9 kg.,L:330 W:316 H:735,Anodized Aluminum,IP69K,1 Year Standard,Pepperl+Fuchs,Switzerland,TechFlow Solutions,Distributor Catalog EU,https://docs.productiq-assets.com/specs/pepperl+fuchs/pep-sft-4157.pdf,https://www.industrial-supply-direct.com/item/pep-sft-4157
PID-11033,IFM Electronic Vibration Sensor IFM-SNS-9890,IFM Electronic,Sensors,Vibration Sensor,IFM-SNS-9890,Heavy-duty industrial grade Vibration Sensor engineered by IFM Electronic. Designed for continuous continuous operation in harsh industrial environments with high thermal efficiency and rugged construction.,13185.74,$,12-30 VDC,,50/60 Hz,N/A,234.7 lbs,66.0x62.9x54.1 cm,Hastelloy,ip67,12 Months,IFM Electronic,Switzerland,Nordic Machinery Hub,Supplier Price File 2024,https://docs.productiq-assets.com/specs/ifm_electronic/ifm-sns-9890.pdf,https://www.industrial-supply-direct.com/item/ifm-sns-9890
PID-11034,Sulzer Positive Displacement Pump SUL-PMP-6655,Sulzer,Pumps,Positive Displacement Pump,SUL-PMP-6655,Heavy-duty industrial grade Positive Displacement Pump engineered by Sulzer. Designed for continuous continuous operation in harsh industrial environments with high thermal efficiency and rugged construction.,10661.77,USD,380 V 3-Phase,7.5 kW,60 Hz,2900 RPM,168.0 KG,738 x 319 x 819 mm,Bronze,IP68,12 Months,Sulzer,China,Nordic Machinery Hub,Supplier Price File 2024,https://docs.productiq-assets.com/specs/sulzer/sul-pmp-6655.pdf,https://www.industrial-supply-direct.com/item/sul-pmp-6655
PID-11035,Siemens Servo Motor SIE-MTR-2247,Siemens,Industrial Motors,Servo Motor,SIE-MTR-2247,"Compact and durable Servo Motor with 15 KW rating, rated for 400 volts networks.",9643.08,EUR,400 volts,15 KW,50 Hz,2950 RPM,172.4 kilograms,57.4x61.1x56.2 cm,Stainless Steel,ip55,,Siemens,Switzerland,TechFlow Solutions,Distributor Catalog EU,https://docs.productiq-assets.com/specs/siemens/sie-mtr-2247.pdf,https://www.industrial-supply-direct.com/item/sie-mtr-2247
PID-11036,FAG Schaeffler Pillow Block Bearing FAG-BRG-6802,FAG Schaeffler,Bearings,Pillow Block Bearing,FAG-BRG-6802,"*** FAG SCHAEFFLER SPECIAL PROMO *** Model FAG-BRG-6802. High reliability, certified quality. Suitable for power, water, oil&gas applications. Order now.",770.46,USD,,,N/A,4500 max RPM,170.9 LBS,"25.4"" x 9.0"" x 31.8""",High Carbon Chrome Steel 100Cr6,N/A,5 Years,FAG Schaeffler,France,Continental Drive Systems,OEM Technical Data Sheet,https://docs.productiq-assets.com/specs/fag_schaeffler/fag-brg-6802.pdf,https://www.industrial-supply-direct.com/item/fag-brg-6802
PID-11037,Nidec Explosion-Proof Motor NID-MTR-8388,Nidec,Industrial Motors,Explosion-Proof Motor,NID-MTR-8388,"Nidec Explosion-Proof Motor NID-MTR-8388 offers industry leading performance, low vibration levels, and optimized lifecycle costs. Complies with ISO 9001 and CE directives.",6270.32,GBP,380-415 V,,50hz,980 rpm,118.7 kilograms,13.9x34.6x38.1 cm,Ductile Iron,IP56,36 Months Extended,Nidec,Switzerland,Precision Parts Direct,ERP Master Data,https://docs.productiq-assets.com/specs/nidec/nid-mtr-8388.pdf,invalid-url-item
PID-11038,Rockwell Allen-Bradley Human Machine Interface (HMI) ROC-CTL-6418,Rockwell Allen-Bradley,Control Systems,Human Machine Interface (HMI),ROC-CTL-6418,Heavy-duty industrial grade Human Machine Interface (HMI) engineered by Rockwell Allen-Bradley. Designed for continuous continuous operation in harsh industrial environments with high thermal efficiency and rugged construction.,8105.71,EUR,24vdc,150 W,50 Hz,N/A,376.3 g,107.4x46.2x54.5 cm,Polycarbonate / Aluminum,IP20 / NEMA 1,2 Years,Rockwell Allen-Bradley,Germany,Apex Industrial Supplies,Vendor Portal Upload,https://docs.productiq-assets.com/specs/rockwell_allen-bradley/roc-ctl-6418.pdf,https://www.industrial-supply-direct.com/item/roc-ctl-6418
PID-11039,Xylem Diaphragm Pump XYL-PMP-4353,Xylem,Pumps,Diaphragm Pump,XYL-PMP-4353,"Xylem Diaphragm Pump XYL-PMP-4353 offers industry leading performance, low vibration levels, and optimized lifecycle costs. Complies with ISO 9001 and CE directives.",11108.79,€,415V,11 kW,50/60 Hz,1450 RPM,127.1 g,1096 x 193 x 803 mm,Cast Iron GG25,IP66,12 Months,Xylem,United Kingdom,Apex Industrial Supplies,Distributor Catalog EU,https://docs.productiq-assets.com/specs/xylem/xyl-pmp-4353.pdf,https://www.industrial-supply-direct.com/item/xyl-pmp-4353
PID-11040,Kitz Check Valve KIT-VLV-5650,Kitz,Valves,Check Valve,KIT-VLV-5650,"*** KITZ SPECIAL PROMO *** Model KIT-VLV-5650. High reliability, certified quality. Suitable for power, water, oil&gas applications. Order now.",9771.43,GBP,110 VAC,N/A,N/A,N/A,131.6 g,602x420x830mm,Forged Steel A105,IP67,,Kitz,Switzerland,Precision Parts Direct,Vendor Portal Upload,https://docs.productiq-assets.com/specs/kitz/kit-vlv-5650.pdf,https://www.industrial-supply-direct.com/item/kit-vlv-5650
PID-11041,Chint Vacuum Contactor CHI-ELC-7641,Chint,Electrical Components,Vacuum Contactor,CHI-ELC-7641,"Compact and durable Vacuum Contactor with 630 A Rating rating, rated for 230/400V networks.",23845.66,USD,230/400V,630 A Rating,50 Hz,N/A,155.4 LBS,L:232 W:637 H:579,DMC Polyester Glass,IP40,,Chint,Japan,Apex Industrial Supplies,Vendor Portal Upload,https://docs.productiq-assets.com/specs/chint/chi-elc-7641.pdf,https://www.industrial-supply-direct.com/item/chi-elc-7641
PID-11042,Caterpillar Industrial Diesel Generator CAT-PWR-7824,Caterpillar,Power Equipment,Industrial Diesel Generator,CAT-PWR-7824,"*** CATERPILLAR SPECIAL PROMO *** Model CAT-PWR-7824. High reliability, certified quality. Suitable for power, water, oil&gas applications. Order now.",7276.16,USD,400 V 3-Phase,250 kVA,60 Hz,1800 rpm,207.2 kilograms,L:718 W:601 H:317,Acoustic Heavy Steel,IP65 Enclosure,36 Months Extended,Caterpillar,Italy,Precision Parts Direct,Field Engineering Audit,https://docs.productiq-assets.com/specs/caterpillar/cat-pwr-7824.pdf,https://www.industrial-supply-direct.com/item/cat-pwr-7824
PID-11043,Eaton Surge Protection Device EAT-ELC-9119,Eaton,Electrical Components,Surge Protection Device,EAT-ELC-9119,"Compact and durable Surge Protection Device with 630 A Rating rating, rated for 400 V networks.",1436.34,GBP,400 V,630 A Rating,60 Hz,N/A,16.3 KG,931 x 594 x 685 mm,Thermoset Resin,IP54,36 Months Extended,Eaton,France,Nordic Machinery Hub,Supplier Price File 2024,,https://www.industrial-supply-direct.com/item/eat-elc-9119
PID-11044,Gardner Denver Reciprocating Air Compressor GAR-CMP-9999,Gardner Denver,Compressors,Reciprocating Air Compressor,GAR-CMP-9999,REDUNDANT RECORD: Gardner Denver GAR-CMP-9999 Compressors Reciprocating Air Compressor. Contact supplier Nordic Machinery Hub for spec sheet.,15548.13,GBP,400 volts,110 kW,60 Hz,3000 rpm,8.7 g,1067 x 109 x 875 mm,Cast Iron Block,IP54,1 Year Standard,Gardner Denver,Switzerland,Nordic Machinery Hub,Distributor Catalog EU,https://docs.productiq-assets.com/specs/gardner_denver/gar-cmp-9999.pdf,https://www.industrial-supply-direct.com/item/gar-cmp-9999
PID-11045,Pepperl+Fuchs Gas Detection Monitor PEP-SFT-8121,Pepperl+Fuchs,Safety Equipment,Gas Detection Monitor,PEP-SFT-8121,<div><p>Industrial Safety Equipment - PEP-SFT-8121</p><span>Manufacturer: Pepperl+Fuchs</span><br>Standard spec with warranty: 5 Years</div>,959.92,GBP,24VDC,10 W,DC,N/A,185.7 g,93.9x45.5x16.0 cm,Flameproof Aluminum,IP65,5 Years,Pepperl+Fuchs,Italy,Nordic Machinery Hub,ERP Master Data,https://docs.productiq-assets.com/specs/pepperl+fuchs/pep-sft-8121.pdf,https://www.industrial-supply-direct.com/item/pep-sft-8121
PID-11046,Schneider Electric Variable Frequency Drive (VFD) SCH-CTL-2471,Schneider Electric,Control Systems,Variable Frequency Drive (VFD),SCH-CTL-2471,"Schneider Electric Variable Frequency Drive (VFD) SCH-CTL-2471 offers industry leading performance, low vibration levels, and optimized lifecycle costs. Complies with ISO 9001 and CE directives.",12277.61,$,24vdc,22 kW,50 Hz,N/A,344.7 kilograms,480x547x283mm,Metal Alloy,ip20,12 Months,Schneider Electric,Sweden,Precision Parts Direct,OEM Technical Data Sheet,https://docs.productiq-assets.com/specs/schneider_electric/sch-ctl-2471.pdf,https://www.industrial-supply-direct.com/item/sch-ctl-2471
PID-11047,Ingersoll Rand Centrifugal Turbo Compressor ING-CMP-8263,Ingersoll Rand,Compressors,Centrifugal Turbo Compressor,ING-CMP-8263,Heavy-duty industrial grade Centrifugal Turbo Compressor engineered by Ingersoll Rand. Designed for continuous continuous operation in harsh industrial environments with high thermal efficiency and rugged construction.,326.76,€,400V 50Hz,110 kW,50 Hz,3000 rpm,181.4 lbs,"14.0"" x 17.7"" x 32.5""",Heavy Gauge Steel Housing,IP55,,Ingersoll Rand,Finland,Continental Drive Systems,Field Engineering Audit,,https://www.industrial-supply-direct.com/item/ing-cmp-8263
PID-11048,IFM Electronic Vibration Sensor IFM-SNS-4422,IFM Electronic,Sensors,Vibration Sensor,IFM-SNS-4422,Heavy-duty industrial grade Vibration Sensor engineered by IFM Electronic. Designed for continuous continuous operation in harsh industrial environments with high thermal efficiency and rugged construction.,11864.74,€,12-30 VDC,5 W,DC,N/A,65.1 kilograms,54.8x60.9x79.0 cm,Hastelloy,IP69K,,IFM Electronic,Switzerland,Apex Industrial Supplies,Vendor Portal Upload,https://docs.productiq-assets.com/specs/ifm_electronic/ifm-sns-4422.pdf,https://www.industrial-supply-direct.com/item/ifm-sns-4422
PID-11049,Chint Air Circuit Breaker (ACB) CHI-ELC-1113,Chint,Electrical Components,Air Circuit Breaker (ACB),CHI-ELC-1113,"Compact and durable Air Circuit Breaker (ACB) with 1600 A Rating rating, rated for 415 VAC networks.",14052.97,USD,415 VAC,1600 A Rating,50 Hz,N/A,285.4 LBS,"45.4"" x 12.4"" x 25.4""",DMC Polyester Glass,IP20,5 Years,Chint,Sweden,TechFlow Solutions,Distributor Catalog EU,https://docs.productiq-assets.com/specs/chint/chi-elc-1113.pdf,https://www.industrial-supply-direct.com/item/chi-elc-1113
